# column 1: z  (column position)
# column 2: V  (velocity)
# column 3: Pt (total pressure)
# column 4: component 0 Q     (loading) 
# column 5: component 0 Qeq   (equilibrium loading)
# column 6: component 0 P     (partial pressure)
# column 7: component 0 Pnorm (normalized partial pressure)
# column 8: component 0 Dpdt  (derivative P with t)
# column 9: component 0 Dqdt  (derivative Q with t)
# column 10: component 1 Q     (loading) 
# column 11: component 1 Qeq   (equilibrium loading)
# column 12: component 1 P     (partial pressure)
# column 13: component 1 Pnorm (normalized partial pressure)
# column 14: component 1 Dpdt  (derivative P with t)
# column 15: component 1 Dqdt  (derivative Q with t)
0 0.0112 2.03e+06 0 0 1.5225e+06 1 0 0 0.00405189 1.01407 507500 1 0 0.0812 
0.00365 0.0129134 2.05725e+06 0 0 1.84748e+06 1.19738 -1.55726e+06 0 0.000794675 0.794092 209768 0.407861 6.12847e+06 0 
0.0073 0.0156705 2.04141e+06 0 0 2.0126e+06 1.31451 1.37962e-10 0 0.000236964 0.239041 28815.9 0.0564627 0 0 
0.01095 0.0154634 2.03102e+06 0 0 2.01067e+06 1.31997 1.16792e-10 0 0 0.178806 20353.9 0.040086 0 0 
0.0146 0.0157934 2.0298e+06 0 0 2.0298e+06 1.33333 2.38558e-10 0 0 0 0 0 0 0 
0.01825 0.0157938 2.02975e+06 0 0 2.02975e+06 1.33333 -1.14835e-10 0 0 0 0 0 0 0 
0.0219 0.0157942 2.0297e+06 0 0 2.0297e+06 1.33333 2.76679e-10 0 0 0 0 0 0 0 
0.02555 0.0157946 2.02965e+06 0 0 2.02965e+06 1.33333 -2.79914e-10 0 0 0 0 0 0 0 
0.0292 0.015795 2.0296e+06 0 0 2.0296e+06 1.33333 2.90063e-10 0 0 0 0 0 0 0 
0.03285 0.0157954 2.02955e+06 0 0 2.02955e+06 1.33333 1.83371e-10 0 0 0 0 0 0 0 
0.0365 0.0157958 2.0295e+06 0 0 2.0295e+06 1.33333 3.9998e-10 0 0 0 0 0 0 0 
0.04015 0.0157961 2.02945e+06 0 0 2.02945e+06 1.33333 -8.94979e-12 0 0 0 0 0 0 0 
0.0438 0.0157965 2.0294e+06 0 0 2.0294e+06 1.33333 -1.53532e-10 0 0 0 0 0 0 0 
0.04745 0.0157969 2.02935e+06 0 0 2.02935e+06 1.33333 -1.2837e-10 0 0 0 0 0 0 0 
0.0511 0.0157973 2.0293e+06 0 0 2.0293e+06 1.33333 -1.18218e-10 0 0 0 0 0 0 0 
0.05475 0.0157977 2.02925e+06 0 0 2.02925e+06 1.33333 -3.27997e-10 0 0 0 0 0 0 0 
0.0584 0.0157981 2.0292e+06 0 0 2.0292e+06 1.33333 -8.80628e-11 0 0 0 0 0 0 0 
0.06205 0.0157985 2.02915e+06 0 0 2.02915e+06 1.33333 2.86272e-10 0 0 0 0 0 0 0 
0.0657 0.0157989 2.0291e+06 0 0 2.0291e+06 1.33333 3.9011e-10 0 0 0 0 0 0 0 
0.06935 0.0157993 2.02905e+06 0 0 2.02905e+06 1.33333 -2.02181e-10 0 0 0 0 0 0 0 
0.073 0.0157996 2.029e+06 0 0 2.029e+06 1.33333 -7.68533e-11 0 0 0 0 0 0 0 
0.07665 0.0158 2.02895e+06 0 0 2.02895e+06 1.33333 2.29996e-10 0 0 0 0 0 0 0 
0.0803 0.0158004 2.0289e+06 0 0 2.0289e+06 1.33333 9.32567e-11 0 0 0 0 0 0 0 
0.08395 0.0158008 2.02885e+06 0 0 2.02885e+06 1.33333 -1.69218e-10 0 0 0 0 0 0 0 
0.0876 0.0158012 2.0288e+06 0 0 2.0288e+06 1.33333 -3.28402e-10 0 0 0 0 0 0 0 
0.09125 0.0158016 2.02875e+06 0 0 2.02875e+06 1.33333 -1.76951e-10 0 0 0 0 0 0 0 
0.0949 0.015802 2.0287e+06 0 0 2.0287e+06 1.33333 4.03935e-10 0 0 0 0 0 0 0 
0.09855 0.0158024 2.02865e+06 0 0 2.02865e+06 1.33333 2.9764e-10 0 0 0 0 0 0 0 
0.1022 0.0158028 2.0286e+06 0 0 2.0286e+06 1.33333 2.60639e-10 0 0 0 0 0 0 0 
0.10585 0.0158032 2.02855e+06 0 0 2.02855e+06 1.33333 2.46429e-10 0 0 0 0 0 0 0 
0.1095 0.0158035 2.0285e+06 0 0 2.0285e+06 1.33333 1.86114e-10 0 0 0 0 0 0 0 
0.11315 0.0158039 2.02845e+06 0 0 2.02845e+06 1.33333 -7.70335e-11 0 0 0 0 0 0 0 
0.1168 0.0158043 2.0284e+06 0 0 2.0284e+06 1.33333 2.41635e-10 0 0 0 0 0 0 0 
0.12045 0.0158047 2.02835e+06 0 0 2.02835e+06 1.33333 -8.89387e-11 0 0 0 0 0 0 0 
0.1241 0.0158051 2.0283e+06 0 0 2.0283e+06 1.33333 -3.94662e-10 0 0 0 0 0 0 0 
0.12775 0.0158055 2.02825e+06 0 0 2.02825e+06 1.33333 -8.88032e-11 0 0 0 0 0 0 0 
0.1314 0.0158059 2.0282e+06 0 0 2.0282e+06 1.33333 4.28069e-10 0 0 0 0 0 0 0 
0.13505 0.0158063 2.02815e+06 0 0 2.02815e+06 1.33333 -2.95531e-10 0 0 0 0 0 0 0 
0.1387 0.0158067 2.0281e+06 0 0 2.0281e+06 1.33333 1.21126e-10 0 0 0 0 0 0 0 
0.14235 0.015807 2.02805e+06 0 0 2.02805e+06 1.33333 1.16235e-10 0 0 0 0 0 0 0 
0.146 0.0158074 2.028e+06 0 0 2.028e+06 1.33333 3.20003e-11 0 0 0 0 0 0 0 
0.14965 0.0158078 2.02795e+06 0 0 2.02795e+06 1.33333 1.24119e-10 0 0 0 0 0 0 0 
0.1533 0.0158082 2.0279e+06 0 0 2.0279e+06 1.33333 -3.39721e-10 0 0 0 0 0 0 0 
0.15695 0.0158086 2.02785e+06 0 0 2.02785e+06 1.33333 -2.50375e-10 0 0 0 0 0 0 0 
0.1606 0.015809 2.0278e+06 0 0 2.0278e+06 1.33333 -4.50806e-10 0 0 0 0 0 0 0 
0.16425 0.0158094 2.02775e+06 0 0 2.02775e+06 1.33333 5.76665e-11 0 0 0 0 0 0 0 
0.1679 0.0158098 2.0277e+06 0 0 2.0277e+06 1.33333 3.21426e-10 0 0 0 0 0 0 0 
0.17155 0.0158102 2.02765e+06 0 0 2.02765e+06 1.33333 2.64992e-10 0 0 0 0 0 0 0 
0.1752 0.0158106 2.0276e+06 0 0 2.0276e+06 1.33333 -2.12158e-10 0 0 0 0 0 0 0 
0.17885 0.0158109 2.02755e+06 0 0 2.02755e+06 1.33333 -3.32272e-10 0 0 0 0 0 0 0 
0.1825 0.0158113 2.0275e+06 0 0 2.0275e+06 1.33333 -3.06643e-10 0 0 0 0 0 0 0 
0.18615 0.0158117 2.02745e+06 0 0 2.02745e+06 1.33333 -4.31656e-10 0 0 0 0 0 0 0 
0.1898 0.0158121 2.0274e+06 0 0 2.0274e+06 1.33333 -3.13968e-10 0 0 0 0 0 0 0 
0.19345 0.0158125 2.02735e+06 0 0 2.02735e+06 1.33333 3.84274e-10 0 0 0 0 0 0 0 
0.1971 0.0158129 2.0273e+06 0 0 2.0273e+06 1.33333 2.37421e-10 0 0 0 0 0 0 0 
0.20075 0.0158133 2.02725e+06 0 0 2.02725e+06 1.33333 -2.79097e-10 0 0 0 0 0 0 0 
0.2044 0.0158137 2.0272e+06 0 0 2.0272e+06 1.33333 1.89155e-10 0 0 0 0 0 0 0 
0.20805 0.0158141 2.02715e+06 0 0 2.02715e+06 1.33333 7.97225e-11 0 0 0 0 0 0 0 
0.2117 0.0158145 2.0271e+06 0 0 2.0271e+06 1.33333 -3.26976e-10 0 0 0 0 0 0 0 
0.21535 0.0158148 2.02705e+06 0 0 2.02705e+06 1.33333 1.8619e-10 0 0 0 0 0 0 0 
0.219 0.0158152 2.027e+06 0 0 2.027e+06 1.33333 -1.37816e-10 0 0 0 0 0 0 0 
0.22265 0.0158156 2.02695e+06 0 0 2.02695e+06 1.33333 -1.9273e-10 0 0 0 0 0 0 0 
0.2263 0.015816 2.0269e+06 0 0 2.0269e+06 1.33333 8.06524e-11 0 0 0 0 0 0 0 
0.22995 0.0158164 2.02685e+06 0 0 2.02685e+06 1.33333 -2.49046e-10 0 0 0 0 0 0 0 
0.2336 0.0158168 2.0268e+06 0 0 2.0268e+06 1.33333 -2.69863e-10 0 0 0 0 0 0 0 
0.23725 0.0158172 2.02675e+06 0 0 2.02675e+06 1.33333 -6.07494e-11 0 0 0 0 0 0 0 
0.2409 0.0158176 2.0267e+06 0 0 2.0267e+06 1.33333 2.16287e-10 0 0 0 0 0 0 0 
0.24455 0.015818 2.02665e+06 0 0 2.02665e+06 1.33333 3.71405e-10 0 0 0 0 0 0 0 
0.2482 0.0158184 2.0266e+06 0 0 2.0266e+06 1.33333 1.31991e-10 0 0 0 0 0 0 0 
0.25185 0.0158187 2.02655e+06 0 0 2.02655e+06 1.33333 1.60487e-10 0 0 0 0 0 0 0 
0.2555 0.0158191 2.0265e+06 0 0 2.0265e+06 1.33333 7.36029e-11 0 0 0 0 0 0 0 
0.25915 0.0158195 2.02645e+06 0 0 2.02645e+06 1.33333 4.22773e-10 0 0 0 0 0 0 0 
0.2628 0.0158199 2.0264e+06 0 0 2.0264e+06 1.33333 -2.49077e-10 0 0 0 0 0 0 0 
0.26645 0.0158203 2.02635e+06 0 0 2.02635e+06 1.33333 4.24712e-10 0 0 0 0 0 0 0 
0.2701 0.0158207 2.0263e+06 0 0 2.0263e+06 1.33333 -8.66916e-11 0 0 0 0 0 0 0 
0.27375 0.0158211 2.02625e+06 0 0 2.02625e+06 1.33333 4.72266e-10 0 0 0 0 0 0 0 
0.2774 0.0158215 2.0262e+06 0 0 2.0262e+06 1.33333 4.23178e-10 0 0 0 0 0 0 0 
0.28105 0.0158219 2.02615e+06 0 0 2.02615e+06 1.33333 -2.6275e-10 0 0 0 0 0 0 0 
0.2847 0.0158223 2.0261e+06 0 0 2.0261e+06 1.33333 2.56017e-10 0 0 0 0 0 0 0 
0.28835 0.0158227 2.02605e+06 0 0 2.02605e+06 1.33333 1.35059e-10 0 0 0 0 0 0 0 
0.292 0.015823 2.026e+06 0 0 2.026e+06 1.33333 3.89114e-10 0 0 0 0 0 0 0 
0.29565 0.0158234 2.02595e+06 0 0 2.02595e+06 1.33333 2.60189e-11 0 0 0 0 0 0 0 
0.2993 0.0158238 2.0259e+06 0 0 2.0259e+06 1.33333 -5.06156e-11 0 0 0 0 0 0 0 
0.30295 0.0158242 2.02585e+06 0 0 2.02585e+06 1.33333 1.91425e-11 0 0 0 0 0 0 0 
0.3066 0.0158246 2.0258e+06 0 0 2.0258e+06 1.33333 6.4885e-11 0 0 0 0 0 0 0 
0.31025 0.015825 2.02575e+06 0 0 2.02575e+06 1.33333 -1.64252e-10 0 0 0 0 0 0 0 
0.3139 0.0158254 2.0257e+06 0 0 2.0257e+06 1.33333 1.30132e-11 0 0 0 0 0 0 0 
0.31755 0.0158258 2.02565e+06 0 0 2.02565e+06 1.33333 2.3495e-10 0 0 0 0 0 0 0 
0.3212 0.0158262 2.0256e+06 0 0 2.0256e+06 1.33333 1.08918e-10 0 0 0 0 0 0 0 
0.32485 0.0158266 2.02555e+06 0 0 2.02555e+06 1.33333 1.25088e-10 0 0 0 0 0 0 0 
0.3285 0.015827 2.0255e+06 0 0 2.0255e+06 1.33333 -2.2033e-10 0 0 0 0 0 0 0 
0.33215 0.0158273 2.02545e+06 0 0 2.02545e+06 1.33333 4.14571e-10 0 0 0 0 0 0 0 
0.3358 0.0158277 2.0254e+06 0 0 2.0254e+06 1.33333 4.5215e-10 0 0 0 0 0 0 0 
0.33945 0.0158281 2.02535e+06 0 0 2.02535e+06 1.33333 1.60746e-10 0 0 0 0 0 0 0 
0.3431 0.0158285 2.0253e+06 0 0 2.0253e+06 1.33333 -2.23153e-10 0 0 0 0 0 0 0 
0.34675 0.0158289 2.02525e+06 0 0 2.02525e+06 1.33333 4.20364e-10 0 0 0 0 0 0 0 
0.3504 0.0158293 2.0252e+06 0 0 2.0252e+06 1.33333 2.91375e-10 0 0 0 0 0 0 0 
0.35405 0.0158297 2.02515e+06 0 0 2.02515e+06 1.33333 3.9883e-10 0 0 0 0 0 0 0 
0.3577 0.0158301 2.0251e+06 0 0 2.0251e+06 1.33333 -2.05812e-10 0 0 0 0 0 0 0 
0.36135 0.0158305 2.02505e+06 0 0 2.02505e+06 1.33333 3.37826e-10 0 0 0 0 0 0 0 
0.365 0.0158309 2.025e+06 0 0 2.025e+06 1.33333 7.47045e-12 0 0 0 0 0 0 0 


0 0.0112 2.03e+06 0 0 1.5225e+06 1 0 0 0.337341 1.01407 507500 1 0 0.05443 
0.00365 0.0109644 2.02995e+06 0 0 1.55598e+06 1.02201 -2319.95 0 0.301402 1.00026 473971 0.933956 2319.93 0.051912 
0.0073 0.0107453 2.0299e+06 0 0 1.58923e+06 1.04388 -4520.83 0 0.267796 0.98492 440668 0.868355 4520.47 0.0492439 
0.01095 0.0105429 2.02985e+06 0 0 1.622e+06 1.06543 -6584.56 0 0.236681 0.967919 407855 0.803713 6581.56 0.0464553 
0.0146 0.0103573 2.02981e+06 0 0 1.65403e+06 1.0865 -8501.46 0 0.208087 0.949136 375775 0.740514 8485.66 0.0435836 
0.01825 0.0101883 2.02977e+06 0 0 1.68512e+06 1.10694 -10278 0 0.18202 0.928451 344651 0.679191 10217.9 0.0406637 
0.0219 0.0100353 2.02978e+06 0 0 1.7151e+06 1.12663 -11941.7 0 0.158434 0.905749 314678 0.620121 11766 0.0377308 
0.02555 0.00989783 2.02987e+06 0 0 1.74385e+06 1.14546 -13532.1 0 0.137239 0.880929 286016 0.563614 13120.4 0.0348182 
0.0292 0.00977509 2.0301e+06 0 0 1.7713e+06 1.16336 -15068.7 0 0.118316 0.853909 258796 0.509919 14274.2 0.0319564 
0.03285 0.00966625 2.0305e+06 0 0 1.79739e+06 1.18026 -16509 0 0.101525 0.82463 233115 0.459227 15223.4 0.0291721 
0.0365 0.00957039 2.03109e+06 0 0 1.82205e+06 1.19611 -17729.8 0 0.0867131 0.793069 209039 0.411679 15966.4 0.0264883 
0.04015 0.00948655 2.03181e+06 0 0 1.84521e+06 1.21088 -18559.5 0 0.0737218 0.759246 186607 0.36737 16504.9 0.0239239 
0.0438 0.00941373 2.03254e+06 0 0 1.86671e+06 1.22455 -18853.9 0 0.0623893 0.723231 165828 0.326348 16843.2 0.0214936 
0.04745 0.00935096 2.03312e+06 0 0 1.88643e+06 1.23713 -18572.4 0 0.0525565 0.685157 146693 0.288607 16988.6 0.0192083 
0.0511 0.00929724 2.03344e+06 0 0 1.90427e+06 1.24864 -17806.9 0 0.0440695 0.645223 129170 0.254092 16950.9 0.0170753 
0.05475 0.00925166 2.03343e+06 0 0 1.92022e+06 1.2591 -16746.7 0 0.0367818 0.603703 113212 0.222701 16742.5 0.0150988 
0.0584 0.0092133 2.03312e+06 0 0 1.93436e+06 1.26857 -15604.1 0 0.0305557 0.560939 98757.6 0.194298 16377.7 0.0132798 
0.06205 0.00918134 2.03257e+06 0 0 1.94683e+06 1.27709 -14543 0 0.0252636 0.517347 85736.4 0.168725 15873 0.0116171 
0.0657 0.00915498 2.0319e+06 0 0 1.95783e+06 1.28473 -13641.6 0 0.020788 0.473397 74069.5 0.145814 15246.1 0.0101074 
0.06935 0.00913349 2.0312e+06 0 0 1.96753e+06 1.29154 -12896.4 0 0.0170223 0.429603 63672.4 0.125389 14515.9 0.0087454 
0.073 0.0091162 2.03057e+06 0 0 1.97611e+06 1.29757 -12253.4 0 0.01387 0.3865 54457.3 0.107275 13701.8 0.00752472 
0.07665 0.0091025 2.03003e+06 0 0 1.9837e+06 1.3029 -11643.6 0 0.0112448 0.344619 46334.7 0.0912986 12823.7 0.00643771 
0.0803 0.00909184 2.02961e+06 0 0 1.99039e+06 1.30757 -11011.1 0 0.00906995 0.304461 39215 0.0772859 11900.8 0.00547599 
0.08395 0.00908371 2.02929e+06 0 0 1.99628e+06 1.31164 -10324.6 0 0.00727774 0.266472 33009.7 0.0650664 10952 0.00463064 
0.0876 0.00907768 2.02907e+06 0 0 2.00143e+06 1.31518 -9577.89 0 0.00580879 0.231024 27632.5 0.0544734 9994.66 0.00389242 
0.09125 0.00907335 2.0289e+06 0 0 2.0059e+06 1.31822 -8782.61 0 0.00461136 0.198394 23000.3 0.0453454 9044.92 0.00325202 
0.0949 0.00907039 2.02878e+06 0 0 2.00975e+06 1.32082 -7959.94 0 0.00364068 0.168763 19033.9 0.0375277 8117.04 0.00270019 
0.09855 0.0090685 2.02869e+06 0 0 2.01304e+06 1.32304 -7133.49 0 0.00285828 0.142212 15658.3 0.0308737 7223.34 0.00222789 
0.1022 0.00906745 2.02862e+06 0 0 2.01582e+06 1.32492 -6324.78 0 0.00223127 0.118728 12803.6 0.0252459 6374 0.00182643 
0.10585 0.00906702 2.02856e+06 0 0 2.01816e+06 1.32649 -5551.15 0 0.00173173 0.0982179 10404.8 0.0205167 5577.03 0.00148756 
0.1095 0.00906705 2.02851e+06 0 0 2.0201e+06 1.32781 -4825.23 0 0.00133612 0.080523 8402.34 0.0165685 4838.32 0.00120354 
0.11315 0.00906741 2.02845e+06 0 0 2.02171e+06 1.3289 -4155.29 0 0.00102474 0.0654359 6741.8 0.0132945 4161.67 0.000967205 
0.1168 0.00906797 2.0284e+06 0 0 2.02303e+06 1.3298 -3545.98 0 0.000781149 0.0527172 5374.18 0.0105979 3548.99 0.000771974 
0.12045 0.00906866 2.02835e+06 0 0 2.02409e+06 1.33054 -2999.08 0 0.000591799 0.0421115 4255.62 0.00839227 3000.45 0.000611886 
0.1241 0.00906942 2.0283e+06 0 0 2.02495e+06 1.33113 -2514.15 0 0.000445549 0.0333602 3347.19 0.00660097 2514.76 0.000481595 
0.12775 0.0090702 2.02825e+06 0 0 2.02564e+06 1.33161 -2089.12 0 0.00033332 0.0262116 2614.7 0.00515657 2089.38 0.000376356 
0.1314 0.00907096 2.0282e+06 0 0 2.02617e+06 1.332 -1720.71 0 0.000247763 0.0204292 2028.38 0.00400035 1720.82 0.000292002 
0.13505 0.00907169 2.02815e+06 0 0 2.02659e+06 1.33231 -1404.84 0 0.000182974 0.0157958 1562.5 0.00308163 1404.88 0.00022491 
0.1387 0.00907237 2.0281e+06 0 0 2.0269e+06 1.33255 -1136.86 0 0.000134241 0.0121173 1195.09 0.00235707 1136.88 0.000171964 
0.14235 0.009073 2.02805e+06 0 0 2.02714e+06 1.33274 -911.902 0 9.78364e-05 0.00922294 907.526 0.00178995 911.908 0.000130509 
0.146 0.00907357 2.028e+06 0 0 2.02732e+06 1.33288 -725 0 7.08274e-05 0.00696551 684.162 0.00134943 725.002 9.83081e-05 
0.14965 0.00907409 2.02795e+06 0 0 2.02744e+06 1.333 -571.298 0 5.09284e-05 0.00521996 511.999 0.00100989 571.299 7.34948e-05 
0.1533 0.00907456 2.0279e+06 0 0 2.02752e+06 1.33308 -446.165 0 3.63699e-05 0.00388159 380.319 0.000750173 446.165 5.45261e-05 
0.15695 0.00907499 2.02785e+06 0 0 2.02757e+06 1.33315 -345.285 0 2.57927e-05 0.00286383 280.371 0.000553041 345.285 4.01399e-05 
0.1606 0.00907537 2.0278e+06 0 0 2.02759e+06 1.3332 -264.71 0 1.81603e-05 0.00209594 205.069 0.000404516 264.71 2.93124e-05 
0.16425 0.00907573 2.02775e+06 0 0 2.0276e+06 1.33324 -200.881 0 1.26877e-05 0.00152067 148.717 0.000293363 200.881 2.12201e-05 
0.1679 0.00907605 2.0277e+06 0 0 2.02759e+06 1.33326 -150.616 0 8.78279e-06 0.00109195 106.752 0.000210588 150.616 1.52034e-05 
0.17155 0.00907634 2.02765e+06 0 0 2.02757e+06 1.33328 -111.059 0 5.99895e-06 0.00077264 75.5166 0.000148974 111.059 1.07333e-05 
0.1752 0.00907661 2.0276e+06 0 0 2.02755e+06 1.3333 -79.5994 0 3.99512e-06 0.000532347 52.0208 0.000102625 79.5994 7.37812e-06 
0.17885 0.00907686 2.02755e+06 0 0 2.02752e+06 1.33331 -53.7306 0 2.50015e-06 0.000345021 33.7104 6.65047e-05 53.7306 4.76964e-06 
0.1825 0.00907707 2.0275e+06 0 0 2.02748e+06 1.33332 -30.8347 0 1.52974e-06 0.000186178 18.1883 3.58832e-05 30.8347 3.0667e-06 
0.18615 0.00907729 2.02745e+06 0 0 2.02744e+06 1.33333 -16.2532 0 3.38465e-06 9.5639e-05 9.34258 1.84322e-05 16.2532 6.93773e-06 
0.1898 0.00907749 2.0274e+06 0 0 2.0274e+06 1.33333 -4.87963 0 1.10808e-06 2.74063e-05 2.67706 5.28176e-06 4.87963 2.35863e-06 
0.19345 0.00907771 2.02735e+06 0 0 2.02735e+06 1.33333 -1.44497 0 3.00876e-07 7.75536e-06 0.757536 1.49463e-06 1.44497 6.65105e-07 
0.1971 0.00907793 2.0273e+06 0 0 2.0273e+06 1.33333 -0.421997 0 8.07058e-08 2.16691e-06 0.211661 4.17622e-07 0.421997 1.85141e-07 
0.20075 0.00907816 2.02725e+06 0 0 2.02725e+06 1.33333 -0.121533 0 2.13815e-08 5.97736e-07 0.0583859 1.15202e-07 0.121533 5.08676e-08 
0.2044 0.00907838 2.0272e+06 0 0 2.0272e+06 1.33333 -0.0345116 0 5.59142e-09 1.62756e-07 0.0158978 3.1369e-08 0.0345116 1.37926e-08 
0.20805 0.0090786 2.02715e+06 0 0 2.02715e+06 1.33333 -0.00966158 0 1.43912e-09 4.37364e-08 0.0042721 8.42977e-09 0.00966158 3.69044e-09 
0.2117 0.00907883 2.0271e+06 0 0 2.0271e+06 1.33333 -0.00265971 0 3.61051e-10 1.16014e-08 0.00113321 2.23612e-09 0.00265971 9.7527e-10 
0.21535 0.00907905 2.02705e+06 0 0 2.02705e+06 1.33333 -0.00061395 0 8.17596e-11 3.14684e-09 0.000307378 6.06553e-10 0.000613952 2.70638e-10 
0.219 0.00907928 2.027e+06 0 0 2.027e+06 1.33333 -0.000233172 0 0 0 0.000192837 3.80537e-10 0.000233173 0 
0.22265 0.0090795 2.02695e+06 0 0 2.02695e+06 1.33333 -0.000161051 0 0 0 0.00012352 2.43755e-10 0.000161051 0 
0.2263 0.00907972 2.0269e+06 0 0 2.0269e+06 1.33333 -0.000121136 0 0 0 7.2717e-05 1.43504e-10 0.000121135 0 
0.22995 0.00907995 2.02685e+06 0 0 2.02685e+06 1.33333 -7.88003e-05 0 0 0 3.89435e-05 7.68553e-11 7.87989e-05 0 
0.2336 0.00908017 2.0268e+06 0 0 2.0268e+06 1.33333 -4.4905e-05 0 0 0 1.9183e-05 3.78587e-11 4.49044e-05 0 
0.23725 0.0090804 2.02675e+06 0 0 2.02675e+06 1.33333 -2.30709e-05 0 0 0 8.7855e-06 1.73391e-11 2.3071e-05 0 
0.2409 0.00908062 2.0267e+06 0 0 2.0267e+06 1.33333 -1.08923e-05 0 0 0 3.77148e-06 7.44359e-12 1.08892e-05 0 
0.24455 0.00908084 2.02665e+06 0 0 2.02665e+06 1.33333 -4.77966e-06 0 0 0 1.52694e-06 3.01371e-12 4.77858e-06 0 
0.2482 0.00908107 2.0266e+06 0 0 2.0266e+06 1.33333 -1.96775e-06 0 0 0 5.85868e-07 1.15636e-12 1.96617e-06 0 
0.25185 0.00908129 2.02655e+06 0 0 2.02655e+06 1.33333 -7.63967e-07 0 0 0 2.13882e-07 4.22161e-13 7.63304e-07 0 
0.2555 0.00908152 2.0265e+06 0 0 2.0265e+06 1.33333 -2.82216e-07 0 0 0 7.45427e-08 1.47136e-13 2.80986e-07 0 
0.25915 0.00908174 2.02645e+06 0 0 2.02645e+06 1.33333 -9.97066e-08 0 0 0 2.48741e-08 4.90989e-14 9.84789e-08 0 
0.2628 0.00908196 2.0264e+06 0 0 2.0264e+06 1.33333 -3.39629e-08 0 0 0 7.96728e-09 1.5727e-14 3.29731e-08 0 
0.26645 0.00908219 2.02635e+06 0 0 2.02635e+06 1.33333 -1.15871e-08 0 0 0 2.45517e-09 4.84649e-15 1.05782e-08 0 
0.2701 0.00908241 2.0263e+06 0 0 2.0263e+06 1.33333 -4.89043e-09 0 0 0 7.29379e-10 1.43982e-15 3.26008e-09 0 
0.27375 0.00908264 2.02625e+06 0 0 2.02625e+06 1.33333 -5.45804e-10 0 0 0 2.09283e-10 4.13144e-16 9.67399e-10 0 
0.2774 0.00908286 2.0262e+06 0 0 2.0262e+06 1.33333 1.04778e-09 0 0 0 5.80985e-11 1.14694e-16 2.76977e-10 0 
0.28105 0.00908308 2.02615e+06 0 0 2.02615e+06 1.33333 -6.20558e-10 0 0 0 1.56287e-11 3.0854e-17 7.66572e-11 0 
0.2847 0.00908331 2.0261e+06 0 0 2.0261e+06 1.33333 7.07832e-10 0 0 0 4.07976e-12 8.05442e-18 2.05434e-11 0 
0.28835 0.00908353 2.02605e+06 0 0 2.02605e+06 1.33333 -5.88453e-10 0 0 0 1.03485e-12 2.04309e-18 5.33921e-12 0 
0.292 0.00908376 2.026e+06 0 0 2.026e+06 1.33333 8.30535e-11 0 0 0 2.55378e-13 5.04201e-19 1.34767e-12 0 
0.29565 0.00908398 2.02595e+06 0 0 2.02595e+06 1.33333 -9.95504e-10 0 0 0 6.13827e-14 1.21193e-19 3.30798e-13 0 
0.2993 0.00908421 2.0259e+06 0 0 2.0259e+06 1.33333 6.78538e-10 0 0 0 1.43855e-14 2.84032e-20 7.90563e-14 0 
0.30295 0.00908443 2.02585e+06 0 0 2.02585e+06 1.33333 3.00751e-10 0 0 0 3.29036e-15 6.49675e-21 1.84156e-14 0 
0.3066 0.00908465 2.0258e+06 0 0 2.0258e+06 1.33333 2.90584e-10 0 0 0 7.35183e-16 1.45164e-21 4.18561e-15 0 
0.31025 0.00908488 2.02575e+06 0 0 2.02575e+06 1.33333 -2.93345e-10 0 0 0 1.60599e-16 3.17116e-22 9.291e-16 0 
0.3139 0.0090851 2.0257e+06 0 0 2.0257e+06 1.33333 -1.18165e-10 0 0 0 3.43262e-17 6.77815e-23 2.01593e-16 0 
0.31755 0.00908533 2.02565e+06 0 0 2.02565e+06 1.33333 -2.15247e-10 0 0 0 7.18377e-18 1.41856e-23 4.27905e-17 0 
0.3212 0.00908555 2.0256e+06 0 0 2.0256e+06 1.33333 6.92394e-10 0 0 0 1.47302e-18 2.90881e-24 8.89193e-18 0 
0.32485 0.00908578 2.02555e+06 0 0 2.02555e+06 1.33333 4.52757e-10 0 0 0 2.96116e-19 5.84761e-25 1.81016e-18 0 
0.3285 0.009086 2.0255e+06 0 0 2.0255e+06 1.33333 2.53001e-10 0 0 0 5.83918e-20 1.15313e-25 3.61226e-19 0 
0.33215 0.00908622 2.02545e+06 0 0 2.02545e+06 1.33333 -1.55494e-10 0 0 0 1.13007e-20 2.23173e-26 7.07018e-20 0 
0.3358 0.00908645 2.0254e+06 0 0 2.0254e+06 1.33333 2.90527e-10 0 0 0 2.14745e-21 4.24103e-27 1.35799e-20 0 
0.33945 0.00908667 2.02535e+06 0 0 2.02535e+06 1.33333 -7.06972e-10 0 0 0 4.00863e-22 7.91691e-28 2.56087e-21 0 
0.3431 0.0090869 2.0253e+06 0 0 2.0253e+06 1.33333 8.1551e-10 0 0 0 7.35357e-23 1.45234e-28 4.74341e-22 0 
0.34675 0.00908712 2.02525e+06 0 0 2.02525e+06 1.33333 -5.20168e-10 0 0 0 1.32614e-23 2.61921e-29 8.63338e-23 0 
0.3504 0.00908735 2.0252e+06 0 0 2.0252e+06 1.33333 1.22158e-10 0 0 0 2.35188e-24 4.64523e-30 1.54461e-23 0 
0.35405 0.00908757 2.02515e+06 0 0 2.02515e+06 1.33333 -7.32301e-10 0 0 0 4.1031e-25 8.10429e-31 2.71739e-24 0 
0.3577 0.00908779 2.0251e+06 0 0 2.0251e+06 1.33333 -2.96565e-10 0 0 0 7.04378e-26 1.39129e-31 4.70238e-25 0 
0.36135 0.00908802 2.02505e+06 0 0 2.02505e+06 1.33333 -1.76239e-10 0 0 0 1.19018e-26 2.35091e-32 8.00643e-26 0 
0.365 0.00908824 2.025e+06 0 0 2.025e+06 1.33333 3.32302e-10 0 0 0 1.97989e-27 3.9109e-33 1.34163e-26 0 


0 0.0112 2.03e+06 0 0 1.5225e+06 1 0 0 0.560752 1.01407 507500 1 0 0.0364855 
0.00365 0.0110278 2.02995e+06 0 0 1.54677e+06 1.01597 -1526.9 0 0.517991 1.00421 483179 0.952101 1526.9 0.0360009 
0.0073 0.0108616 2.0299e+06 0 0 1.57143e+06 1.03219 -2957.36 0 0.476716 0.99334 458468 0.903429 2957.36 0.0353351 
0.01095 0.0107021 2.02985e+06 0 0 1.5963e+06 1.04855 -4277.46 0 0.437175 0.981401 433546 0.854342 4277.46 0.0344971 
0.0146 0.0105501 2.0298e+06 0 0 1.6212e+06 1.06494 -5475.52 0 0.399525 0.968326 408596 0.805194 5475.52 0.0335035 
0.01825 0.0104059 2.02975e+06 0 0 1.64596e+06 1.08122 -6542.66 0 0.363901 0.954054 383793 0.756335 6542.65 0.0323718 
0.0219 0.0102699 2.0297e+06 0 0 1.67039e+06 1.0973 -7473.06 0 0.33039 0.938523 359306 0.708096 7473.06 0.0311223 
0.02555 0.0101424 2.02965e+06 0 0 1.69436e+06 1.11307 -8264.09 0 0.299037 0.921679 335290 0.660783 8264.07 0.0297764 
0.0292 0.0100234 2.0296e+06 0 0 1.71771e+06 1.12844 -8916.2 0 0.26985 0.903474 311885 0.614673 8916.12 0.0283557 
0.03285 0.00991287 2.02955e+06 0 0 1.74034e+06 1.14333 -9432.75 0 0.242809 0.88387 289214 0.570007 9432.45 0.0268817 
0.0365 0.00981062 2.0295e+06 0 0 1.76212e+06 1.15767 -9819.79 0 0.217867 0.862838 267381 0.526989 9818.74 0.0253746 
0.04015 0.00971643 2.02945e+06 0 0 1.78298e+06 1.17141 -10085.9 0 0.194959 0.840363 246469 0.485785 10082.7 0.0238532 
0.0438 0.00963 2.0294e+06 0 0 1.80286e+06 1.18449 -10242.3 0 0.174002 0.816448 226544 0.446524 10233.6 0.0223345 
0.04745 0.00955097 2.02936e+06 0 0 1.82171e+06 1.1969 -10302.6 0 0.154902 0.791112 207653 0.409298 10281.8 0.0208335 
0.0511 0.00947894 2.02933e+06 0 0 1.8395e+06 1.20861 -10283.5 0 0.137558 0.764397 189825 0.374164 10238.3 0.0193631 
0.05475 0.00941352 2.02931e+06 0 0 1.85624e+06 1.21962 -10203.5 0 0.12186 0.736365 173075 0.34115 10114.2 0.0179341 
0.0584 0.00935427 2.02932e+06 0 0 1.87192e+06 1.22991 -10081.7 0 0.1077 0.707105 157402 0.310256 9920.88 0.0165553 
0.06205 0.00930078 2.02937e+06 0 0 1.88657e+06 1.23951 -9934.59 0 0.0949649 0.67673 142796 0.281459 9669 0.0152338 
0.0657 0.00925262 2.02947e+06 0 0 1.90024e+06 1.24843 -9772.68 0 0.0835462 0.645377 129233 0.254713 9368.86 0.0139747 
0.06935 0.00920938 2.02963e+06 0 0 1.91295e+06 1.25668 -9596.68 0 0.0733366 0.613209 116685 0.229962 9030.04 0.0127816 
0.073 0.00917066 2.02987e+06 0 0 1.92475e+06 1.26429 -9396.16 0 0.0642331 0.58041 105113 0.207133 8661.27 0.0116569 
0.07665 0.00913608 2.03016e+06 0 0 1.93568e+06 1.27128 -9151.33 0 0.0561375 0.547183 94476.5 0.186146 8270.48 0.0106016 
0.0803 0.00910529 2.0305e+06 0 0 1.94577e+06 1.2777 -8838.14 0 0.0489565 0.513746 84728.8 0.166913 7864.68 0.0096157 
0.08395 0.00907794 2.03084e+06 0 0 1.95502e+06 1.28355 -8435.85 0 0.0426028 0.480327 75821.7 0.149341 7450.05 0.00869851 
0.0876 0.00905371 2.03116e+06 0 0 1.96345e+06 1.28889 -7934.49 0 0.0369948 0.447157 67705.4 0.133334 7031.92 0.00784849 
0.09125 0.0090323 2.03141e+06 0 0 1.97108e+06 1.29374 -7339.8 0 0.0320567 0.414467 60329.5 0.118793 6614.84 0.00706358 
0.0949 0.00901344 2.03156e+06 0 0 1.97792e+06 1.29813 -6673.95 0 0.0277188 0.382478 53643.7 0.105621 6202.63 0.00634129 
0.09855 0.00899687 2.03159e+06 0 0 1.984e+06 1.30209 -5971.78 0 0.0239169 0.351398 47598.6 0.0937168 5798.45 0.00567882 
0.1022 0.00898235 2.03151e+06 0 0 1.98936e+06 1.30567 -5273.91 0 0.0205924 0.321414 42146.3 0.0829853 5404.86 0.00507312 
0.10585 0.00896967 2.03131e+06 0 0 1.99407e+06 1.30889 -4618.78 0 0.017692 0.29269 37240.2 0.0733325 5023.89 0.00452101 
0.1095 0.00895863 2.03101e+06 0 0 1.99818e+06 1.31178 -4036.01 0 0.0151672 0.265365 32835.9 0.064669 4657.11 0.00401923 
0.11315 0.00894905 2.03066e+06 0 0 2.00177e+06 1.31436 -3542.47 0 0.0129745 0.239547 28891.3 0.0569101 4305.67 0.00356449 
0.1168 0.00894077 2.03028e+06 0 0 2.00491e+06 1.31667 -3141.73 0 0.0110744 0.215314 25366.3 0.049976 3970.4 0.00315354 
0.12045 0.00893363 2.02989e+06 0 0 2.00767e+06 1.31874 -2826.16 0 0.00943154 0.192717 22223.4 0.0437923 3651.83 0.00278316 
0.1241 0.00892752 2.02952e+06 0 0 2.01009e+06 1.32057 -2580.78 0 0.00801438 0.171777 19427.4 0.0382897 3350.22 0.00245026 
0.12775 0.00892229 2.02919e+06 0 0 2.01224e+06 1.3222 -2387.44 0 0.00679467 0.152489 16945.7 0.0334038 3065.64 0.00215184 
0.1314 0.00891785 2.0289e+06 0 0 2.01415e+06 1.32364 -2228.43 0 0.00574731 0.134827 14747.8 0.0290753 2797.98 0.00188503 
0.13505 0.0089141 2.02866e+06 0 0 2.01585e+06 1.32492 -2088.88 0 0.00484999 0.118743 12805.4 0.0252491 2546.97 0.0016471 
0.1387 0.00891094 2.02846e+06 0 0 2.01737e+06 1.32604 -1958 0 0.00408299 0.104175 11092.8 0.0218743 2312.22 0.00143546 
0.14235 0.0089083 2.0283e+06 0 0 2.01871e+06 1.32703 -1829.09 0 0.00342887 0.0910452 9585.8 0.0189042 2093.21 0.00124767 
0.146 0.0089061 2.02816e+06 0 0 2.0199e+06 1.3279 -1698.95 0 0.00287226 0.0792671 8262.48 0.0162955 1889.32 0.00108143 
0.14965 0.00890429 2.02806e+06 0 0 2.02095e+06 1.32866 -1566.91 0 0.00239959 0.0687457 7102.48 0.0140084 1699.8 0.000934574 
0.1533 0.0089028 2.02797e+06 0 0 2.02188e+06 1.32933 -1433.78 0 0.00199893 0.0593802 6087.03 0.0120062 1523.78 0.000805042 
0.15695 0.00890157 2.02789e+06 0 0 2.02269e+06 1.32992 -1301 0 0.00165973 0.051065 5198.64 0.0102543 1360.22 0.000690886 
0.1606 0.00890055 2.02783e+06 0 0 2.0234e+06 1.33043 -1169.97 0 0.00137261 0.0436895 4420.82 0.00872031 1207.88 0.000590218 
0.16425 0.0088997 2.02776e+06 0 0 2.02403e+06 1.33088 -1041.61 0 0.00112912 0.0371371 3737.65 0.00737295 1065.24 0.000501174 
0.1679 0.00889894 2.02771e+06 0 0 2.02458e+06 1.33127 -916.036 0 0.000921508 0.0312815 3133.32 0.00618101 930.396 0.000421851 
0.17155 0.00889823 2.02765e+06 0 0 2.02506e+06 1.33163 -792.378 0 0.000742347 0.0259821 2591.33 0.00511197 800.892 0.000350213 
0.1752 0.00889748 2.0276e+06 0 0 2.02551e+06 1.33196 -668.587 0 0.000584165 0.0210738 2093.47 0.00412995 673.516 0.000283965 
0.17885 0.0088966 2.02755e+06 0 0 2.02593e+06 1.33227 -541.19 0 0.000438861 0.0163537 1618.41 0.00319283 543.979 0.00022036 
0.1825 0.00889546 2.0275e+06 0 0 2.02636e+06 1.33258 -404.93 0 0.000350382 0.0115586 1139.48 0.00224805 406.473 0.000182866 
0.18615 0.00889403 2.02745e+06 0 0 2.02679e+06 1.3329 -244.128 0 0.000889337 0.0067565 663.522 0.00130908 244.963 0.000476341 
0.1898 0.0088926 2.0274e+06 0 0 2.02715e+06 1.33317 -97.3252 0 0.000371173 0.00251052 245.713 0.000484785 97.7679 0.000207876 
0.19345 0.0088922 2.02735e+06 0 0 2.02726e+06 1.33327 -38.1585 0 0.000130821 0.00092231 90.1558 0.000177879 38.3883 7.67879e-05 
0.1971 0.0088922 2.0273e+06 0 0 2.02727e+06 1.33331 -14.7539 0 4.57827e-05 0.000335798 32.8089 6.47343e-05 14.8708 2.8094e-05 
0.20075 0.00889234 2.02725e+06 0 0 2.02724e+06 1.33333 -5.63445 0 1.59187e-05 0.000121291 11.8486 2.33787e-05 5.69276 1.01923e-05 
0.2044 0.00889253 2.0272e+06 0 0 2.0272e+06 1.33333 -2.12745 0 5.50068e-06 4.34873e-05 4.24792 8.38185e-06 2.15598 3.66895e-06 
0.20805 0.00889274 2.02715e+06 0 0 2.02715e+06 1.33333 -0.79475 0 1.88929e-06 1.54821e-05 1.51229 2.98407e-06 0.80845 1.31094e-06 
0.2117 0.00889295 2.0271e+06 0 0 2.0271e+06 1.33333 -0.29389 0 6.45056e-07 5.47433e-06 0.534727 1.05516e-06 0.300348 4.65068e-07 
0.21535 0.00889317 2.02705e+06 0 0 2.02705e+06 1.33333 -0.107617 0 2.18947e-07 1.92284e-06 0.18782 3.70627e-07 0.110606 1.63846e-07 
0.219 0.00889339 2.027e+06 0 0 2.027e+06 1.33333 -0.0390329 0 7.38779e-08 6.71002e-07 0.0655425 1.29339e-07 0.0403926 5.73341e-08 
0.22265 0.00889361 2.02695e+06 0 0 2.02695e+06 1.33333 -0.0140256 0 2.47751e-08 2.32657e-07 0.0227256 4.48468e-08 0.0146333 1.99303e-08 
0.2263 0.00889383 2.0269e+06 0 0 2.0269e+06 1.33333 -0.00499347 0 8.24658e-09 8.01513e-08 0.00782905 1.54503e-08 0.00526052 6.88331e-09 
0.22995 0.00889405 2.02685e+06 0 0 2.02685e+06 1.33333 -0.00176163 0 2.71216e-09 2.74264e-08 0.00267897 5.28696e-09 0.00187701 2.36223e-09 
0.2336 0.00889427 2.0268e+06 0 0 2.0268e+06 1.33333 -0.00061587 0 8.58893e-10 9.30417e-09 0.000908817 1.7936e-09 0.000664906 8.05981e-10 
0.23725 0.00889448 2.02675e+06 0 0 2.02675e+06 1.33333 -0.000209311 0 2.35444e-10 3.11138e-09 0.000303915 5.99807e-10 0.000229814 2.74248e-10 
0.2409 0.0088947 2.0267e+06 0 0 2.0267e+06 1.33333 0.000689172 0 1.51834e-11 2.14852e-09 0.000209864 4.14199e-10 -0.000680735 2.05999e-10 
0.24455 0.00889492 2.02665e+06 0 0 2.02665e+06 1.33333 -1.88466e-05 0 0 0 0.00019552 3.85898e-10 2.22652e-05 0 
0.2482 0.00889514 2.0266e+06 0 0 2.0266e+06 1.33333 -3.69638e-06 0 0 0 0.000193566 3.8205e-10 5.05998e-06 0 
0.25185 0.00889536 2.02655e+06 0 0 2.02655e+06 1.33333 -1.41659e-05 0 0 0 0.000188021 3.71116e-10 1.47022e-05 0 
0.2555 0.00889558 2.0265e+06 0 0 2.0265e+06 1.33333 -2.46065e-05 0 0 0 0.000178338 3.52011e-10 2.48114e-05 0 
0.25915 0.0088958 2.02645e+06 0 0 2.02645e+06 1.33333 -3.52159e-05 0 0 0 0.000164375 3.24459e-10 3.52955e-05 0 
0.2628 0.00889602 2.0264e+06 0 0 2.0264e+06 1.33333 -4.47733e-05 0 0 0 0.000146468 2.89119e-10 4.48031e-05 0 
0.26645 0.00889624 2.02635e+06 0 0 2.02635e+06 1.33333 -5.14659e-05 0 0 0 0.000125687 2.48106e-10 5.14764e-05 0 
0.2701 0.00889646 2.0263e+06 0 0 2.0263e+06 1.33333 -5.40605e-05 0 0 0 0.000103647 2.04603e-10 5.40624e-05 0 
0.27375 0.00889668 2.02625e+06 0 0 2.02625e+06 1.33333 -5.24112e-05 0 0 0 8.20728e-05 1.62019e-10 5.2413e-05 0 
0.2774 0.0088969 2.0262e+06 0 0 2.0262e+06 1.33333 -4.73255e-05 0 0 0 6.2413e-05 1.23212e-10 4.73243e-05 0 
0.28105 0.00889712 2.02615e+06 0 0 2.02615e+06 1.33333 -4.00899e-05 0 0 0 4.56109e-05 9.00445e-11 4.00896e-05 0 
0.2847 0.00889734 2.0261e+06 0 0 2.0261e+06 1.33333 -3.20553e-05 0 0 0 3.20622e-05 6.32983e-11 3.20529e-05 0 
0.28835 0.00889756 2.02605e+06 0 0 2.02605e+06 1.33333 -2.4306e-05 0 0 0 2.17034e-05 4.28488e-11 2.43048e-05 0 
0.292 0.00889778 2.026e+06 0 0 2.026e+06 1.33333 -1.75474e-05 0 0 0 1.41641e-05 2.79647e-11 1.7548e-05 0 
0.29565 0.008898 2.02595e+06 0 0 2.02595e+06 1.33333 -1.21062e-05 0 0 0 8.92283e-06 1.76171e-11 1.2104e-05 0 
0.2993 0.00889822 2.0259e+06 0 0 2.0259e+06 1.33333 -7.99979e-06 0 0 0 5.43235e-06 1.07258e-11 7.999e-06 0 
0.30295 0.00889844 2.02585e+06 0 0 2.02585e+06 1.33333 -5.07776e-06 0 0 0 3.20004e-06 6.31841e-12 5.07722e-06 0 
0.3066 0.00889866 2.0258e+06 0 0 2.0258e+06 1.33333 -3.10455e-06 0 0 0 1.82599e-06 3.60546e-12 3.10205e-06 0 
0.31025 0.00889888 2.02575e+06 0 0 2.02575e+06 1.33333 -1.82979e-06 0 0 0 1.01039e-06 1.99508e-12 1.82788e-06 0 
0.3139 0.0088991 2.0257e+06 0 0 2.0257e+06 1.33333 -1.04112e-06 0 0 0 5.42715e-07 1.07166e-12 1.04058e-06 0 
0.31755 0.00889932 2.02565e+06 0 0 2.02565e+06 1.33333 -5.74966e-07 0 0 0 2.83257e-07 5.5934e-13 5.73206e-07 0 
0.3212 0.00889953 2.0256e+06 0 0 2.0256e+06 1.33333 -3.07457e-07 0 0 0 1.43785e-07 2.83936e-13 3.05964e-07 0 
0.32485 0.00889975 2.02555e+06 0 0 2.02555e+06 1.33333 -1.58833e-07 0 0 0 7.10486e-08 1.40305e-13 1.58457e-07 0 
0.3285 0.00889997 2.0255e+06 0 0 2.0255e+06 1.33333 -8.33424e-08 0 0 0 3.42032e-08 6.75451e-14 7.97171e-08 0 
0.33215 0.00890019 2.02545e+06 0 0 2.02545e+06 1.33333 -4.09235e-08 0 0 0 1.60541e-08 3.17048e-14 3.89993e-08 0 
0.3358 0.00890041 2.0254e+06 0 0 2.0254e+06 1.33333 -2.16175e-08 0 0 0 7.35253e-09 1.45206e-14 1.85721e-08 0 
0.33945 0.00890063 2.02535e+06 0 0 2.02535e+06 1.33333 -9.91808e-09 0 0 0 3.28793e-09 6.49356e-15 8.61723e-09 0 
0.3431 0.00890085 2.0253e+06 0 0 2.0253e+06 1.33333 -6.29337e-09 0 0 0 1.43659e-09 2.83728e-15 3.89894e-09 0 
0.34675 0.00890107 2.02525e+06 0 0 2.02525e+06 1.33333 -3.96585e-09 0 0 0 6.13671e-10 1.21204e-15 1.72165e-09 0 
0.3504 0.00890129 2.0252e+06 0 0 2.0252e+06 1.33333 -5.92798e-10 0 0 0 2.56444e-10 5.06507e-16 7.42481e-10 0 
0.35405 0.00890151 2.02515e+06 0 0 2.02515e+06 1.33333 -8.745e-10 0 0 0 1.04893e-10 2.07182e-16 3.12946e-10 0 
0.3577 0.00890173 2.0251e+06 0 0 2.0251e+06 1.33333 7.11846e-10 0 0 0 4.20178e-11 8.2994e-17 1.28997e-10 0 
0.36135 0.00890195 2.02505e+06 0 0 2.02505e+06 1.33333 -8.77755e-10 0 0 0 1.64918e-11 3.25756e-17 5.20337e-11 0 
0.365 0.00890217 2.025e+06 0 0 2.025e+06 1.33333 8.70804e-10 0 0 0 6.34547e-12 1.25343e-17 2.05509e-11 0 


0 0.0112 2.03e+06 0 0 1.5225e+06 1 0 0 0.710508 1.01407 507500 1 0 0.024457 
0.00365 0.0110733 2.02995e+06 0 0 1.54029e+06 1.01171 -1100.94 0 0.668205 1.00692 489664 0.964879 1100.94 0.0249808 
0.0073 0.0109468 2.0299e+06 0 0 1.5588e+06 1.02389 -2159.08 0 0.626506 0.99901 471102 0.928326 2159.08 0.0253398 
0.01095 0.0108215 2.02985e+06 0 0 1.57791e+06 1.03647 -3164.52 0 0.585678 0.990311 451937 0.890582 3164.52 0.0255324 
0.0146 0.0106982 2.0298e+06 0 0 1.5975e+06 1.04937 -4107.87 0 0.545926 0.980774 432297 0.8519 4107.87 0.0255627 
0.01825 0.0105775 2.02975e+06 0 0 1.61744e+06 1.06249 -4980.65 0 0.50744 0.970352 412314 0.812541 4980.65 0.0254369 
0.0219 0.0104603 2.0297e+06 0 0 1.63758e+06 1.07574 -5775.6 0 0.470378 0.959 392122 0.772769 5775.6 0.0251637 
0.02555 0.0103469 2.02965e+06 0 0 1.6578e+06 1.08905 -6486.91 0 0.434865 0.946674 371854 0.732845 6486.91 0.0247546 
0.0292 0.010238 2.0296e+06 0 0 1.67796e+06 1.10233 -7110.44 0 0.400997 0.933331 351640 0.693022 7110.44 0.0242225 
0.03285 0.0101339 2.02955e+06 0 0 1.69795e+06 1.11549 -7643.78 0 0.368843 0.918934 331600 0.653544 7643.78 0.0235817 
0.0365 0.0100348 2.0295e+06 0 0 1.71765e+06 1.12846 -8086.24 0 0.338444 0.903445 311849 0.614633 8086.24 0.0228471 
0.04015 0.00994097 2.02945e+06 0 0 1.73696e+06 1.14117 -8438.75 0 0.309822 0.886837 292492 0.576495 8438.75 0.0220336 
0.0438 0.00985247 2.0294e+06 0 0 1.75578e+06 1.15356 -8703.8 0 0.282975 0.869085 273621 0.539313 8703.8 0.0211563 
0.04745 0.00976935 2.02935e+06 0 0 1.77403e+06 1.16558 -8885.16 0 0.257885 0.850174 255316 0.503247 8885.16 0.0202296 
0.0511 0.00969156 2.0293e+06 0 0 1.79165e+06 1.17719 -8987.72 0 0.234519 0.8301 237647 0.468431 8987.71 0.0192672 
0.05475 0.00961903 2.02925e+06 0 0 1.80858e+06 1.18834 -9017.22 0 0.212829 0.808867 220669 0.434977 9017.2 0.0182817 
0.0584 0.00955162 2.0292e+06 0 0 1.82477e+06 1.19901 -8980.09 0 0.19276 0.786493 204427 0.40297 8980 0.0172848 
0.06205 0.00948916 2.02915e+06 0 0 1.8402e+06 1.20918 -8883.17 0 0.174244 0.763009 188952 0.372474 8882.92 0.0162869 
0.0657 0.00943146 2.0291e+06 0 0 1.85483e+06 1.21882 -8733.58 0 0.15721 0.738462 174266 0.343533 8732.93 0.015297 
0.06935 0.0093783 2.02905e+06 0 0 1.86867e+06 1.22794 -8538.62 0 0.141583 0.712914 160380 0.316168 8537.06 0.0143233 
0.073 0.00932945 2.029e+06 0 0 1.8817e+06 1.23654 -8305.69 0 0.127283 0.686443 147298 0.290385 8302.18 0.0133722 
0.07665 0.00928466 2.02895e+06 0 0 1.89394e+06 1.24461 -8042.28 0 0.114229 0.659143 135014 0.266174 8034.92 0.0124494 
0.0803 0.00924371 2.02891e+06 0 0 1.90539e+06 1.25216 -7756 0 0.102342 0.631125 123515 0.243511 7741.53 0.0115595 
0.08395 0.00920633 2.02887e+06 0 0 1.91609e+06 1.25921 -7454.62 0 0.0915408 0.602514 112785 0.22236 7427.85 0.0107057 
0.0876 0.0091723 2.02884e+06 0 0 1.92604e+06 1.26577 -7145.89 0 0.0817484 0.573449 102799 0.202677 7099.23 0.00989084 
0.09125 0.00914138 2.02882e+06 0 0 1.93528e+06 1.27186 -6837.35 0 0.0728889 0.544078 93533 0.184409 6760.53 0.00911657 
0.0949 0.00911333 2.02881e+06 0 0 1.94386e+06 1.2775 -6535.78 0 0.0648894 0.51456 84955.8 0.167499 6416.08 0.008384 
0.09855 0.00908794 2.02883e+06 0 0 1.95179e+06 1.28271 -6246.54 0 0.0576806 0.485059 77036.2 0.151883 6069.7 0.00769358 
0.1022 0.00906501 2.02888e+06 0 0 1.95914e+06 1.2875 -5972.72 0 0.0511963 0.455739 69741 0.137497 5724.7 0.00704526 
0.10585 0.00904433 2.02896e+06 0 0 1.96592e+06 1.29191 -5714.5 0 0.0453744 0.426765 63036.2 0.124273 5383.92 0.00643853 
0.1095 0.00902572 2.02907e+06 0 0 1.97218e+06 1.29595 -5468.67 0 0.0401564 0.398294 56887.2 0.112144 5049.77 0.00587254 
0.11315 0.00900899 2.02922e+06 0 0 1.97796e+06 1.29965 -5228.87 0 0.0354876 0.370478 51259.5 0.101043 4724.22 0.00534612 
0.1168 0.008994 2.0294e+06 0 0 1.98328e+06 1.30303 -4986.39 0 0.0313172 0.343453 46119.3 0.0909023 4408.87 0.00485788 
0.12045 0.00898057 2.0296e+06 0 0 1.98817e+06 1.30611 -4731.58 0 0.0275979 0.317344 41433.1 0.0816575 4104.96 0.00440625 
0.1241 0.00896857 2.02981e+06 0 0 1.99264e+06 1.30892 -4455.67 0 0.0242863 0.292258 37168.6 0.0732454 3813.43 0.00398953 
0.12775 0.00895787 2.03001e+06 0 0 1.99672e+06 1.31147 -4152.61 0 0.0213421 0.268283 33294.6 0.0656046 3534.93 0.00360591 
0.1314 0.00894834 2.03019e+06 0 0 2.00041e+06 1.31377 -3820.51 0 0.0187285 0.245487 29781.1 0.0586763 3269.86 0.00325355 
0.13505 0.00893986 2.03033e+06 0 0 2.00373e+06 1.31587 -3462.32 0 0.0164116 0.22392 26599.3 0.0524039 3018.39 0.00293053 
0.1387 0.00893233 2.03041e+06 0 0 2.00669e+06 1.31776 -3085.71 0 0.0143604 0.203612 23721.9 0.0467332 2780.49 0.00263496 
0.14235 0.00892565 2.03043e+06 0 0 2.0093e+06 1.31946 -2701.99 0 0.0125467 0.18457 21122.7 0.0416123 2555.92 0.00236491 
0.146 0.00891973 2.03038e+06 0 0 2.0116e+06 1.321 -2324.44 0 0.0109444 0.166785 18776.8 0.0369917 2344.27 0.00211845 
0.14965 0.00891447 2.03026e+06 0 0 2.0136e+06 1.32239 -1966.33 0 0.0095297 0.150225 16660.1 0.0328236 2144.93 0.00189366 
0.1533 0.0089098 2.03009e+06 0 0 2.01534e+06 1.32365 -1639.05 0 0.00828066 0.13484 14749.4 0.0290616 1957.08 0.00168855 
0.15695 0.00890561 2.02987e+06 0 0 2.01685e+06 1.32478 -1350.64 0 0.00717674 0.120557 13021.7 0.0256603 1779.66 0.0015011 
0.1606 0.00890184 2.02962e+06 0 0 2.01816e+06 1.32581 -1105 0 0.00619842 0.107277 11453.9 0.0225735 1611.32 0.00132917 
0.16425 0.00889837 2.02934e+06 0 0 2.01932e+06 1.32675 -901.605 0 0.00532671 0.0948726 10021.6 0.0197534 1450.34 0.00117039 
0.1679 0.00889511 2.02906e+06 0 0 2.02037e+06 1.32762 -735.952 0 0.00454234 0.0831745 8698.56 0.0171479 1294.48 0.00102211 
0.17155 0.00889193 2.02879e+06 0 0 2.02134e+06 1.32843 -600.214 0 0.00382483 0.0719608 7454.77 0.014698 1140.84 0.000881171 
0.1752 0.00888865 2.02853e+06 0 0 2.02228e+06 1.32922 -484.08 0 0.00315115 0.0609337 6254.37 0.0123328 985.603 0.000743694 
0.17885 0.00888508 2.0283e+06 0 0 2.02324e+06 1.33001 -375.46 0 0.00249372 0.0496863 5052.52 0.00996407 823.67 0.000604732 
0.1825 0.00888094 2.02809e+06 0 0 2.02429e+06 1.33084 -260.887 0 0.00210805 0.0376519 3791.07 0.00747714 648.226 0.00052396 
0.18615 0.00887545 2.0279e+06 0 0 2.02558e+06 1.33181 -89.7404 0 0.00564255 0.0232932 2318.1 0.00457241 414.325 0.00144707 
0.1898 0.00887009 2.02774e+06 0 0 2.02677e+06 1.3327 73.4939 0 0.00259946 0.00980833 965.579 0.00190474 190.821 0.00070765 
0.19345 0.00886798 2.0276e+06 0 0 2.0272e+06 1.33307 124.29 0 0.00102253 0.00404296 396.181 0.000781577 85.2339 0.00029619 
0.1971 0.00886723 2.02748e+06 0 0 2.02732e+06 1.33323 124.699 0 0.000398129 0.00164242 160.639 0.000316923 37.2319 0.000121903 
0.20075 0.00886706 2.02738e+06 0 0 2.02731e+06 1.33329 106.192 0 0.000153756 0.000659796 64.4816 0.000127222 15.9787 4.95323e-05 
0.2044 0.00886712 2.02729e+06 0 0 2.02726e+06 1.33332 83.3205 0 5.89603e-05 0.000262569 25.6526 5.06147e-05 6.75645 1.99126e-05 
0.20805 0.00886728 2.02721e+06 0 0 2.0272e+06 1.33333 62.1437 0 2.24634e-05 0.000103619 10.1222 1.99726e-05 2.82017 7.93033e-06 
0.2117 0.00886747 2.02714e+06 0 0 2.02714e+06 1.33333 44.703 0 8.5067e-06 4.05794e-05 3.96386 7.82158e-06 1.16364 3.13153e-06 
0.21535 0.00886768 2.02708e+06 0 0 2.02707e+06 1.33333 31.2501 0 3.20292e-06 1.57785e-05 1.54124 3.04131e-06 0.475145 1.22689e-06 
0.219 0.00886789 2.02702e+06 0 0 2.02702e+06 1.33333 21.3198 0 1.19934e-06 6.09405e-06 0.595261 1.17465e-06 0.192165 4.7716e-07 
0.22265 0.00886811 2.02696e+06 0 0 2.02696e+06 1.33333 14.231 0 4.46716e-07 2.3387e-06 0.228441 4.50806e-07 0.0770333 1.84298e-07 
0.2263 0.00886833 2.02691e+06 0 0 2.02691e+06 1.33333 9.30917 0 1.65529e-07 8.92076e-07 0.0871366 1.7196e-07 0.0306272 7.07186e-08 
0.22995 0.00886855 2.02685e+06 0 0 2.02685e+06 1.33333 5.97438 0 6.10192e-08 3.3829e-07 0.0330436 6.52117e-08 0.0120834 2.69678e-08 
0.2336 0.00886877 2.0268e+06 0 0 2.0268e+06 1.33333 3.76472 0 2.23619e-08 1.27552e-07 0.0124591 2.45886e-08 0.00473279 1.02233e-08 
0.23725 0.00886899 2.02675e+06 0 0 2.02675e+06 1.33333 2.33079 0 8.12679e-09 4.78097e-08 0.00466998 9.21668e-09 0.00184107 3.85384e-09 
0.2409 0.0088692 2.0267e+06 0 0 2.0267e+06 1.33333 1.4185 0 2.89399e-09 1.77891e-08 0.00173761 3.42943e-09 0.000711571 1.44548e-09 
0.24455 0.00886942 2.02665e+06 0 0 2.02665e+06 1.33333 0.848987 0 9.65642e-10 6.53403e-09 0.000638234 1.25968e-09 0.000273375 5.39999e-10 
0.2482 0.00886964 2.0266e+06 0 0 2.0266e+06 1.33333 0.499924 0 2.36955e-10 2.33308e-09 0.000227891 4.498e-10 9.01509e-05 2.03807e-10 
0.25185 0.00886986 2.02655e+06 0 0 2.02655e+06 1.33333 0.289686 0 9.83681e-12 0 0.00019732 3.8947e-10 5.78719e-05 -8.08315e-13 
0.2555 0.00887008 2.0265e+06 0 0 2.0265e+06 1.33333 0.165281 0 0 0 0.000193723 3.82379e-10 1.75329e-05 0 
0.25915 0.0088703 2.02645e+06 0 0 2.02645e+06 1.33333 0.0928743 0 0 0 0.000194885 3.84683e-10 -3.29732e-06 0 
0.2628 0.00887052 2.0264e+06 0 0 2.0264e+06 1.33333 0.0514047 0 0 0 0.000196633 3.88142e-10 -4.55563e-06 0 
0.26645 0.00887074 2.02635e+06 0 0 2.02635e+06 1.33333 0.0280325 0 0 0 0.000197364 3.89596e-10 -1.44899e-06 0 
0.2701 0.00887095 2.0263e+06 0 0 2.0263e+06 1.33333 0.0150661 0 0 0 0.000197273 3.89425e-10 4.47412e-07 0 
0.27375 0.00887117 2.02625e+06 0 0 2.02625e+06 1.33333 0.00798203 0 0 0 0.000196702 3.88309e-10 1.51045e-06 0 
0.2774 0.00887139 2.0262e+06 0 0 2.0262e+06 1.33333 0.00416868 0 0 0 0.000195636 3.86212e-10 2.72817e-06 0 
0.28105 0.00887161 2.02615e+06 0 0 2.02615e+06 1.33333 0.00214508 0 0 0 0.000193833 3.82663e-10 4.59115e-06 0 
0.2847 0.00887183 2.0261e+06 0 0 2.0261e+06 1.33333 0.00108555 0 0 0 0.00019096 3.77e-10 7.29576e-06 0 
0.28835 0.00887205 2.02605e+06 0 0 2.02605e+06 1.33333 0.000537293 0 0 0 0.000186652 3.68503e-10 1.08909e-05 0 
0.292 0.00887227 2.026e+06 0 0 2.026e+06 1.33333 0.000256087 0 0 0 0.000180576 3.56518e-10 1.52845e-05 0 
0.29565 0.00887249 2.02595e+06 0 0 2.02595e+06 1.33333 0.000112373 0 0 0 0.000172496 3.40573e-10 2.02283e-05 0 
0.2993 0.00887271 2.0259e+06 0 0 2.0259e+06 1.33333 3.86336e-05 0 0 0 0.000162324 3.20499e-10 2.53349e-05 0 
0.30295 0.00887293 2.02585e+06 0 0 2.02585e+06 1.33333 3.36781e-07 0 0 0 0.000150166 2.965e-10 3.01324e-05 0 
0.3066 0.00887314 2.0258e+06 0 0 2.0258e+06 1.33333 -1.98057e-05 0 0 0 0.000136321 2.6917e-10 3.41422e-05 0 
0.31025 0.00887336 2.02575e+06 0 0 2.02575e+06 1.33333 -3.02986e-05 0 0 0 0.000121259 2.39435e-10 3.696e-05 0 
0.3139 0.00887358 2.0257e+06 0 0 2.0257e+06 1.33333 -3.52663e-05 0 0 0 0.000105565 2.08452e-10 3.83228e-05 0 
0.31755 0.0088738 2.02565e+06 0 0 2.02565e+06 1.33333 -3.67597e-05 0 0 0 8.98687e-05 1.77462e-10 3.81458e-05 0 
0.3212 0.00887402 2.0256e+06 0 0 2.0256e+06 1.33333 -3.5904e-05 0 0 0 7.47673e-05 1.47645e-10 3.6524e-05 0 
0.32485 0.00887424 2.02555e+06 0 0 2.02555e+06 1.33333 -3.3427e-05 0 0 0 6.07668e-05 1.20001e-10 3.37013e-05 0 
0.3285 0.00887446 2.0255e+06 0 0 2.0255e+06 1.33333 -2.9896e-05 0 0 0 4.82381e-05 9.52617e-11 3.00173e-05 0 
0.33215 0.00887468 2.02545e+06 0 0 2.02545e+06 1.33333 -2.57944e-05 0 0 0 3.73996e-05 7.38593e-11 2.58474e-05 0 
0.3358 0.0088749 2.0254e+06 0 0 2.0254e+06 1.33333 -2.15247e-05 0 0 0 2.83225e-05 5.59346e-11 2.15472e-05 0 
0.33945 0.00887512 2.02535e+06 0 0 2.02535e+06 1.33333 -1.7404e-05 0 0 0 2.09537e-05 4.13829e-11 1.74122e-05 0 
0.3431 0.00887534 2.0253e+06 0 0 2.0253e+06 1.33333 -1.36545e-05 0 0 0 1.51483e-05 2.99181e-11 1.36561e-05 0 
0.34675 0.00887555 2.02525e+06 0 0 2.02525e+06 1.33333 -1.04045e-05 0 0 0 1.07046e-05 2.11423e-11 1.0406e-05 0 
0.3504 0.00887577 2.0252e+06 0 0 2.0252e+06 1.33333 -7.71227e-06 0 0 0 7.39651e-06 1.46089e-11 7.71221e-06 0 
0.35405 0.00887599 2.02515e+06 0 0 2.02515e+06 1.33333 -5.56581e-06 0 0 0 4.99911e-06 9.87405e-12 5.56443e-06 0 
0.3577 0.00887621 2.0251e+06 0 0 2.0251e+06 1.33333 -3.91385e-06 0 0 0 3.30623e-06 6.5305e-12 3.91199e-06 0 
0.36135 0.00887643 2.02505e+06 0 0 2.02505e+06 1.33333 -2.684e-06 0 0 0 2.14051e-06 4.22807e-12 2.68206e-06 0 
0.365 0.00887665 2.025e+06 0 0 2.025e+06 1.33333 -1.79522e-06 0 0 0 1.35712e-06 2.68073e-12 1.79461e-06 0 


0 0.0112 2.03e+06 0 0 1.5225e+06 1 0 0 0.810893 1.01407 507500 1 0 0.016394 
0.00365 0.0111064 2.02995e+06 0 0 1.53559e+06 1.00862 -799.052 0 0.772508 1.00884 494357 0.974126 799.052 0.0173594 
0.0073 0.0110102 2.0299e+06 0 0 1.54954e+06 1.01781 -1586.94 0 0.733997 1.00301 480362 0.946573 1586.94 0.0181981 
0.01095 0.0109121 2.02985e+06 0 0 1.56425e+06 1.0275 -2356.44 0 0.695603 0.996569 465596 0.917498 2356.44 0.0189037 
0.0146 0.0108128 2.0298e+06 0 0 1.57966e+06 1.03764 -3100.3 0 0.657534 0.989468 450144 0.887071 3100.3 0.0194734 
0.01825 0.0107132 2.02975e+06 0 0 1.59565e+06 1.04817 -3811.39 0 0.619989 0.981678 434102 0.855479 3811.39 0.0199062 
0.0219 0.0106137 2.0297e+06 0 0 1.61213e+06 1.05903 -4482.99 0 0.583152 0.973166 417567 0.822914 4482.99 0.0202035 
0.02555 0.0105152 2.02965e+06 0 0 1.62901e+06 1.07014 -5108.91 0 0.547182 0.963896 400641 0.789577 5108.91 0.0203686 
0.0292 0.0104181 2.0296e+06 0 0 1.64617e+06 1.08144 -5683.75 0 0.51222 0.953834 383429 0.755673 5683.75 0.0204071 
0.03285 0.0103231 2.02955e+06 0 0 1.66352e+06 1.09286 -6202.99 0 0.478386 0.942945 366033 0.721408 6202.99 0.0203261 
0.0365 0.0102305 2.0295e+06 0 0 1.68094e+06 1.10434 -6663.11 0 0.445782 0.931196 348557 0.686981 6663.11 0.0201338 
0.04015 0.0101408 2.02945e+06 0 0 1.69835e+06 1.1158 -7061.67 0 0.414488 0.918557 331099 0.652589 7061.67 0.0198397 
0.0438 0.0100543 2.0294e+06 0 0 1.71565e+06 1.12719 -7397.33 0 0.384566 0.905 313754 0.618417 7397.33 0.0194539 
0.04745 0.00997122 2.02935e+06 0 0 1.73274e+06 1.13845 -7669.82 0 0.356062 0.890498 296609 0.584639 7669.82 0.0189871 
0.0511 0.00989182 2.0293e+06 0 0 1.74955e+06 1.14953 -7879.89 0 0.329004 0.875031 279748 0.551417 7879.89 0.0184501 
0.05475 0.00981623 2.02925e+06 0 0 1.76601e+06 1.16037 -8029.23 0 0.303404 0.858583 263242 0.518895 8029.23 0.0178536 
0.0584 0.00974452 2.0292e+06 0 0 1.78204e+06 1.17093 -8120.34 0 0.279262 0.841144 247158 0.487203 8120.34 0.0172083 
0.06205 0.00967674 2.02915e+06 0 0 1.7976e+06 1.18118 -8156.42 0 0.256564 0.822712 231553 0.456453 8156.42 0.0165242 
0.0657 0.00961289 2.0291e+06 0 0 1.81263e+06 1.19109 -8141.23 0 0.235288 0.803292 216473 0.426738 8141.23 0.0158108 
0.06935 0.00955292 2.02905e+06 0 0 1.82709e+06 1.20062 -8078.94 0 0.2154 0.782899 201960 0.398136 8078.94 0.0150773 
0.073 0.00949676 2.029e+06 0 0 1.84096e+06 1.20976 -7974.04 0 0.196859 0.761557 188042 0.370709 7974.04 0.0143316 
0.07665 0.00944432 2.02895e+06 0 0 1.85421e+06 1.2185 -7831.17 0 0.179618 0.7393 174744 0.344502 7831.16 0.0135813 
0.0803 0.00939547 2.0289e+06 0 0 1.86682e+06 1.22682 -7655.01 0 0.163627 0.716177 162081 0.319544 7655.01 0.0128329 
0.08395 0.00935008 2.02885e+06 0 0 1.87879e+06 1.23472 -7450.24 0 0.148828 0.692244 150061 0.295854 7450.22 0.0120923 
0.0876 0.009308 2.0288e+06 0 0 1.89011e+06 1.24219 -7221.4 0 0.135164 0.667572 138686 0.273434 7221.34 0.0113643 
0.09125 0.00926908 2.02875e+06 0 0 1.9008e+06 1.24924 -6972.84 0 0.122575 0.642243 127953 0.25228 6972.69 0.0106534 
0.0949 0.00923316 2.0287e+06 0 0 1.91085e+06 1.25588 -6708.71 0 0.111001 0.61635 117855 0.232375 6708.39 0.00996289 
0.09855 0.00920006 2.02865e+06 0 0 1.92027e+06 1.2621 -6432.92 0 0.10038 0.589995 108377 0.213694 6432.22 0.00929578 
0.1022 0.00916963 2.0286e+06 0 0 1.92909e+06 1.26793 -6149.13 0 0.090652 0.56329 99506.1 0.196206 6147.71 0.00865427 
0.10585 0.0091417 2.02855e+06 0 0 1.93733e+06 1.27337 -5860.78 0 0.081759 0.536356 91221.6 0.179875 5858.01 0.00804004 
0.1095 0.00911611 2.0285e+06 0 0 1.945e+06 1.27845 -5571.15 0 0.0736433 0.509317 83502.8 0.164659 5565.99 0.00745429 
0.11315 0.0090927 2.02846e+06 0 0 1.95213e+06 1.28316 -5283.35 0 0.0662493 0.482301 76326.7 0.150512 5274.14 0.00689774 
0.1168 0.00907133 2.02841e+06 0 0 1.95874e+06 1.28754 -5000.38 0 0.0595238 0.455438 69669 0.137386 4984.67 0.00637075 
0.12045 0.00905184 2.02837e+06 0 0 1.96487e+06 1.29159 -4725.15 0 0.0534157 0.428855 63504.3 0.125232 4699.46 0.00587333 
0.1241 0.00903409 2.02834e+06 0 0 1.97053e+06 1.29533 -4460.41 0 0.0478768 0.402675 57806.6 0.113998 4420.07 0.00540519 
0.12775 0.00901796 2.02831e+06 0 0 1.97576e+06 1.29879 -4208.67 0 0.0428609 0.377013 52549.8 0.103633 4147.81 0.00496579 
0.1314 0.0090033 2.0283e+06 0 0 1.98059e+06 1.30197 -3972.03 0 0.0383247 0.351977 47707.5 0.094084 3883.7 0.00455438 
0.13505 0.00899001 2.02829e+06 0 0 1.98504e+06 1.3049 -3751.94 0 0.0342274 0.327661 43253.5 0.0853002 3628.51 0.00417002 
0.1387 0.00897796 2.02831e+06 0 0 1.98915e+06 1.30759 -3548.93 0 0.0305302 0.304146 39161.5 0.0772298 3382.74 0.0038116 
0.14235 0.00896704 2.02835e+06 0 0 1.99294e+06 1.31006 -3362.35 0 0.0271971 0.281493 35405.6 0.0698217 3146.69 0.00347787 
0.146 0.00895714 2.0284e+06 0 0 1.99644e+06 1.31233 -3190.21 0 0.0241936 0.259745 31960 0.0630249 2920.36 0.00316742 
0.14965 0.00894815 2.02848e+06 0 0 1.99968e+06 1.3144 -3029.08 0 0.0214871 0.238923 28798.5 0.0567882 2703.54 0.00287868 
0.1533 0.00893995 2.02858e+06 0 0 2.00269e+06 1.31631 -2874.21 0 0.0190462 0.219019 25894.5 0.0510593 2495.71 0.0026099 
0.15695 0.00893244 2.02871e+06 0 0 2.00548e+06 1.31807 -2719.85 0 0.0168404 0.199991 23220.4 0.0457836 2296 0.00235909 
0.1606 0.00892549 2.02884e+06 0 0 2.00809e+06 1.3197 -2559.6 0 0.0148389 0.181756 20746.3 0.0409028 2103.17 0.00212396 
0.16425 0.00891896 2.02898e+06 0 0 2.01054e+06 1.32122 -2387.02 0 0.01301 0.164179 18439.4 0.036352 1915.46 0.00190178 
0.1679 0.00891268 2.02912e+06 0 0 2.01286e+06 1.32265 -2196.05 0 0.0113194 0.147052 16261.6 0.0320565 1730.47 0.00168922 
0.17155 0.00890644 2.02925e+06 0 0 2.01509e+06 1.32402 -1981.39 0 0.00972822 0.130071 14167.7 0.0279269 1544.92 0.00148214 
0.1752 0.0089 2.02936e+06 0 0 2.01726e+06 1.32538 -1738.6 0 0.00819025 0.112796 12101 0.0238518 1354.42 0.0012752 
0.17885 0.008893 2.02944e+06 0 0 2.01945e+06 1.32677 -1463.8 0 0.00664802 0.0945878 9989.07 0.0196883 1153 0.00106143 
0.1825 0.008885 2.02949e+06 0 0 2.02175e+06 1.32825 -1153.02 0 0.00574052 0.0745206 7736.63 0.0152484 932.665 0.000933715 
0.18615 0.00887389 2.02949e+06 0 0 2.02459e+06 1.33012 -739.52 0 0.0158687 0.0482274 4898.26 0.00965416 621.069 0.00265959 
0.1898 0.00886294 2.02945e+06 0 0 2.02723e+06 1.33188 -325.289 0 0.00786269 0.0223059 2218.07 0.00437176 313.663 0.00142156 
0.19345 0.00885804 2.02937e+06 0 0 2.02839e+06 1.33269 -58.5172 0 0.0033474 0.009977 982.316 0.0019362 151.809 0.000651977 
0.1971 0.00885597 2.02925e+06 0 0 2.02882e+06 1.33305 118.5 0 0.00140311 0.00436658 428.004 0.00084367 71.3736 0.000291227 
0.20075 0.00885518 2.02909e+06 0 0 2.0289e+06 1.33321 239.993 0 0.00058145 0.00188168 184.074 0.000362871 32.837 0.000127693 
0.2044 0.00885496 2.0289e+06 0 0 2.02882e+06 1.33328 323.557 0 0.000238731 0.00080105 78.2951 0.00015436 14.8456 5.519e-05 
0.20805 0.00885499 2.0287e+06 0 0 2.02866e+06 1.33331 377.944 0 9.72337e-05 0.000337527 32.9779 6.50229e-05 6.61282 2.357e-05 
0.2117 0.00885513 2.02848e+06 0 0 2.02846e+06 1.33332 408.05 0 3.93165e-05 0.000140931 13.7674 2.71483e-05 2.90749 9.96146e-06 
0.21535 0.00885532 2.02826e+06 0 0 2.02825e+06 1.33333 417.501 0 1.57914e-05 5.83595e-05 5.70073 1.12426e-05 1.26352 4.17069e-06 
0.219 0.00885552 2.02804e+06 0 0 2.02803e+06 1.33333 409.76 0 6.30293e-06 2.39827e-05 2.34264 4.62051e-06 0.543296 1.73126e-06 
0.22265 0.00885574 2.02782e+06 0 0 2.02782e+06 1.33333 388.436 0 2.50086e-06 9.78558e-06 0.955847 1.88546e-06 0.231349 7.12956e-07 
0.2263 0.00885595 2.02763e+06 0 0 2.02763e+06 1.33333 357.212 0 9.8671e-07 3.96609e-06 0.387403 7.64249e-07 0.0976321 2.91437e-07 
0.22995 0.00885617 2.02744e+06 0 0 2.02744e+06 1.33333 319.643 0 3.87211e-07 1.5973e-06 0.156022 3.0782e-07 0.040859 1.18306e-07 
0.2336 0.00885639 2.02728e+06 0 0 2.02728e+06 1.33333 278.937 0 1.51154e-07 6.39427e-07 0.0624583 1.23236e-07 0.0169664 4.77121e-08 
0.23725 0.00885661 2.02713e+06 0 0 2.02713e+06 1.33333 237.791 0 5.86895e-08 2.54493e-07 0.0248585 4.90517e-08 0.00699374 1.91234e-08 
0.2409 0.00885683 2.02699e+06 0 0 2.02699e+06 1.33333 198.306 0 2.26393e-08 1.00703e-07 0.00983656 1.94111e-08 0.00286308 7.62036e-09 
0.24455 0.00885704 2.02687e+06 0 0 2.02687e+06 1.33333 161.963 0 8.63958e-09 3.95949e-08 0.00386756 7.63257e-09 0.0011645 3.02025e-09 
0.2482 0.00885726 2.02677e+06 0 0 2.02677e+06 1.33333 129.674 0 3.20929e-09 1.54273e-08 0.00150692 2.97403e-09 0.000470778 1.19152e-09 
0.25185 0.00885748 2.02667e+06 0 0 2.02667e+06 1.33333 101.86 0 1.09873e-09 5.90423e-09 0.000576716 1.13825e-09 0.000189276 4.68425e-10 
0.2555 0.0088577 2.02659e+06 0 0 2.02659e+06 1.33333 78.556 0 2.6153e-10 2.18151e-09 0.000213087 4.20581e-10 4.80561e-05 1.88338e-10 
0.25915 0.00885792 2.02652e+06 0 0 2.02652e+06 1.33333 59.518 0 9.70544e-12 0 0.000196642 3.88139e-10 2.42948e-05 -7.9581e-13 
0.2628 0.00885814 2.02645e+06 0 0 2.02645e+06 1.33333 44.3257 0 0 0 0.000195283 3.85468e-10 1.57178e-05 0 
0.26645 0.00885836 2.02638e+06 0 0 2.02638e+06 1.33333 32.4654 0 0 0 0.000194521 3.83977e-10 2.4474e-06 0 
0.2701 0.00885857 2.02632e+06 0 0 2.02632e+06 1.33333 23.396 0 0 0 0.000195232 3.85392e-10 -2.38049e-06 0 
0.27375 0.00885879 2.02626e+06 0 0 2.02626e+06 1.33333 16.5959 0 0 0 0.000195832 3.86586e-10 -1.39072e-06 0 
0.2774 0.00885901 2.02621e+06 0 0 2.02621e+06 1.33333 11.5922 0 0 0 0.000195906 3.86743e-10 -3.13441e-08 0 
0.28105 0.00885923 2.02616e+06 0 0 2.02616e+06 1.33333 7.97605 0 0 0 0.000195798 3.8654e-10 2.98068e-07 0 
0.2847 0.00885945 2.0261e+06 0 0 2.0261e+06 1.33333 5.40772 0 0 0 0.000195744 3.86444e-10 9.83697e-08 0 
0.28835 0.00885967 2.02605e+06 0 0 2.02605e+06 1.33333 3.61392 0 0 0 0.00019578 3.86525e-10 -1.25967e-07 0 
0.292 0.00885989 2.026e+06 0 0 2.026e+06 1.33333 2.38126 0 0 0 0.000195858 3.86689e-10 -2.13507e-07 0 
0.29565 0.0088601 2.02595e+06 0 0 2.02595e+06 1.33333 1.54744 0 0 0 0.000195929 3.86838e-10 -1.80116e-07 0 
0.2993 0.00886032 2.0259e+06 0 0 2.0259e+06 1.33333 0.992014 0 0 0 0.000195955 3.86899e-10 -6.02968e-08 0 
0.30295 0.00886054 2.02585e+06 0 0 2.02585e+06 1.33333 0.627509 0 0 0 0.000195895 3.8679e-10 1.59333e-07 0 
0.3066 0.00886076 2.0258e+06 0 0 2.0258e+06 1.33333 0.391761 0 0 0 0.000195685 3.86386e-10 5.41989e-07 0 
0.31025 0.00886098 2.02575e+06 0 0 2.02575e+06 1.33333 0.241445 0 0 0 0.000195227 3.85491e-10 1.1755e-06 0 
0.3139 0.0088612 2.0257e+06 0 0 2.0257e+06 1.33333 0.146925 0 0 0 0.000194386 3.8384e-10 2.14617e-06 0 
0.31755 0.00886142 2.02565e+06 0 0 2.02565e+06 1.33333 0.0882965 0 0 0 0.000192998 3.81108e-10 3.52229e-06 0 
0.3212 0.00886164 2.0256e+06 0 0 2.0256e+06 1.33333 0.0524119 0 0 0 0.000190881 3.76938e-10 5.34581e-06 0 
0.32485 0.00886185 2.02555e+06 0 0 2.02555e+06 1.33333 0.0307339 0 0 0 0.000187848 3.70957e-10 7.62672e-06 0 
0.3285 0.00886207 2.0255e+06 0 0 2.0255e+06 1.33333 0.0178048 0 0 0 0.00018372 3.62814e-10 1.03368e-05 0 
0.33215 0.00886229 2.02545e+06 0 0 2.02545e+06 1.33333 0.0101898 0 0 0 0.000178348 3.52213e-10 1.34036e-05 0 
0.3358 0.00886251 2.0254e+06 0 0 2.0254e+06 1.33333 0.00575954 0 0 0 0.000171627 3.38949e-10 1.67074e-05 0 
0.33945 0.00886273 2.02535e+06 0 0 2.02535e+06 1.33333 0.00321271 0 0 0 0.00016352 3.22946e-10 2.0085e-05 0 
0.3431 0.00886295 2.0253e+06 0 0 2.0253e+06 1.33333 0.00176562 0 0 0 0.000154066 3.04283e-10 2.33414e-05 0 
0.34675 0.00886317 2.02525e+06 0 0 2.02525e+06 1.33333 0.000952728 0 0 0 0.000143392 2.83208e-10 2.62692e-05 0 
0.3504 0.00886339 2.0252e+06 0 0 2.0252e+06 1.33333 0.000501208 0 0 0 0.000131703 2.60129e-10 2.86712e-05 0 
0.35405 0.0088636 2.02515e+06 0 0 2.02515e+06 1.33333 0.00025331 0 0 0 0.000119276 2.35589e-10 3.0384e-05 0 
0.3577 0.00886382 2.0251e+06 0 0 2.0251e+06 1.33333 0.000118966 0 0 0 0.000106434 2.10229e-10 3.12969e-05 0 
0.36135 0.00886404 2.02505e+06 0 0 2.02505e+06 1.33333 4.7385e-05 0 0 0 9.35221e-05 1.8473e-10 3.1364e-05 0 
0.365 0.00886426 2.025e+06 0 0 2.025e+06 1.33333 1.02323e-05 0 0 0 8.08818e-05 1.59767e-10 3.06067e-05 0 


0 0.0112 2.03e+06 0 0 1.5225e+06 1 0 0 0.878183 1.01407 507500 1 0 0.0109892 
0.00365 0.0111306 2.02995e+06 0 0 1.53218e+06 1.00638 -582.648 0 0.845045 1.01022 497770 0.980852 582.648 0.0120832 
0.0073 0.0110574 2.0299e+06 0 0 1.54272e+06 1.01333 -1171.52 0 0.811256 1.00589 487182 0.960013 1171.52 0.0130917 
0.01095 0.0109807 2.02985e+06 0 0 1.55406e+06 1.02081 -1761.32 0 0.777017 1.00105 475785 0.937577 1761.32 0.0140062 
0.0146 0.0109014 2.0298e+06 0 0 1.56617e+06 1.02878 -2346.56 0 0.742513 0.995688 463633 0.913653 2346.56 0.0148208 
0.01825 0.0108198 2.02975e+06 0 0 1.57896e+06 1.03721 -2921.62 0 0.70793 0.989772 450789 0.888364 2921.62 0.0155305 
0.0219 0.0107365 2.0297e+06 0 0 1.59238e+06 1.04605 -3480.94 0 0.673444 0.983277 437320 0.861842 3480.94 0.0161324 
0.02555 0.0106523 2.02965e+06 0 0 1.60635e+06 1.05526 -4019.05 0 0.639218 0.976176 423300 0.834232 4019.05 0.0166248 
0.0292 0.0105675 2.0296e+06 0 0 1.6208e+06 1.06477 -4530.78 0 0.605405 0.96844 408804 0.805683 4530.78 0.0170079 
0.03285 0.0104828 2.02955e+06 0 0 1.63564e+06 1.07455 -5011.34 0 0.572147 0.960043 393913 0.776355 5011.34 0.0172833 
0.0365 0.0103986 2.0295e+06 0 0 1.65079e+06 1.08453 -5456.42 0 0.539572 0.950954 378709 0.746409 5456.42 0.0174538 
0.04015 0.0103154 2.02945e+06 0 0 1.66617e+06 1.09466 -5862.32 0 0.507794 0.941147 363276 0.716008 5862.32 0.0175238 
0.0438 0.0102336 2.0294e+06 0 0 1.68171e+06 1.10489 -6225.99 0 0.476913 0.930594 347695 0.685315 6225.99 0.0174983 
0.04745 0.0101536 2.02935e+06 0 0 1.6973e+06 1.11517 -6545.13 0 0.447016 0.919269 332048 0.654491 6545.13 0.0173835 
0.0511 0.0100758 2.0293e+06 0 0 1.71289e+06 1.12544 -6818.16 0 0.418175 0.907148 316413 0.623689 6818.16 0.0171864 
0.05475 0.0100003 2.02925e+06 0 0 1.72838e+06 1.13565 -7044.25 0 0.390448 0.894208 300866 0.593059 7044.25 0.0169141 
0.0584 0.00992742 2.0292e+06 0 0 1.74372e+06 1.14575 -7223.34 0 0.36388 0.88043 285478 0.56274 7223.34 0.0165746 
0.06205 0.00985736 2.02915e+06 0 0 1.75884e+06 1.15571 -7356 0 0.338505 0.865799 270314 0.532861 7356 0.0161757 
0.0657 0.00979024 2.0291e+06 0 0 1.77367e+06 1.16549 -7443.47 0 0.314342 0.850302 255434 0.503541 7443.47 0.0157254 
0.06935 0.00972617 2.02905e+06 0 0 1.78816e+06 1.17504 -7487.55 0 0.291402 0.833933 240892 0.474886 7487.55 0.0152316 
0.073 0.0096652 2.029e+06 0 0 1.80226e+06 1.18434 -7490.49 0 0.269684 0.81669 226735 0.446989 7490.49 0.0147018 
0.07665 0.00960736 2.02895e+06 0 0 1.81595e+06 1.19336 -7454.96 0 0.249178 0.798578 213005 0.419931 7454.96 0.0141435 
0.0803 0.00955265 2.0289e+06 0 0 1.82916e+06 1.20207 -7383.91 0 0.229866 0.779611 199735 0.39378 7383.91 0.0135635 
0.08395 0.00950105 2.02885e+06 0 0 1.8419e+06 1.21047 -7280.52 0 0.211726 0.759807 186954 0.368591 7280.52 0.0129682 
0.0876 0.0094525 2.0288e+06 0 0 1.85412e+06 1.21853 -7148.1 0 0.194725 0.739195 174684 0.344408 7148.1 0.0123637 
0.09125 0.00940693 2.02875e+06 0 0 1.86581e+06 1.22625 -6990.03 0 0.17883 0.717811 162940 0.321263 6990.03 0.0117552 
0.0949 0.00936426 2.0287e+06 0 0 1.87697e+06 1.23361 -6809.67 0 0.164 0.695702 151734 0.299176 6809.67 0.0111476 
0.09855 0.00932439 2.02865e+06 0 0 1.88758e+06 1.24061 -6610.33 0 0.150193 0.672922 141071 0.278158 6610.33 0.0105452 
0.1022 0.00928722 2.0286e+06 0 0 1.89765e+06 1.24726 -6395.2 0 0.137366 0.649536 130952 0.258212 6395.2 0.00995174 
0.10585 0.00925263 2.02855e+06 0 0 1.90718e+06 1.25356 -6167.33 0 0.12547 0.625616 121374 0.239331 6167.32 0.00937034 
0.1095 0.0092205 2.0285e+06 0 0 1.91617e+06 1.2595 -5929.56 0 0.11446 0.601242 112329 0.221502 5929.56 0.00880373 
0.11315 0.0091907 2.02845e+06 0 0 1.92464e+06 1.2651 -5684.56 0 0.104286 0.576504 103809 0.204706 5684.55 0.00825413 
0.1168 0.00916313 2.0284e+06 0 0 1.9326e+06 1.27036 -5434.76 0 0.094902 0.551495 95800.4 0.188918 5434.73 0.00772333 
0.12045 0.00913764 2.02835e+06 0 0 1.94006e+06 1.2753 -5182.35 0 0.0862601 0.526313 88288.2 0.174108 5182.28 0.0072127 
0.1241 0.00911412 2.0283e+06 0 0 1.94704e+06 1.27992 -4929.31 0 0.0783137 0.50106 81255.4 0.160243 4929.16 0.00672323 
0.12775 0.00909244 2.02825e+06 0 0 1.95357e+06 1.28424 -4677.37 0 0.0710173 0.475839 74683.4 0.147286 4677.07 0.00625558 
0.1314 0.00907248 2.0282e+06 0 0 1.95965e+06 1.28827 -4428.04 0 0.0643266 0.45075 68552.3 0.135198 4427.46 0.00581006 
0.13505 0.00905412 2.02815e+06 0 0 1.96531e+06 1.29202 -4182.62 0 0.0581985 0.425889 62840.7 0.123937 4181.53 0.00538673 
0.1387 0.00903724 2.0281e+06 0 0 1.97058e+06 1.29551 -3942.2 0 0.0525911 0.401344 57526.3 0.113458 3940.24 0.00498535 
0.14235 0.00902172 2.02805e+06 0 0 1.97547e+06 1.29876 -3707.67 0 0.0474637 0.377193 52585.6 0.103716 3704.26 0.00460539 
0.146 0.00900744 2.028e+06 0 0 1.98001e+06 1.30178 -3479.73 0 0.0427764 0.353496 47993.7 0.0946619 3474 0.00424607 
0.14965 0.00899427 2.02796e+06 0 0 1.98423e+06 1.30459 -3258.87 0 0.0384902 0.330294 43724.4 0.0862431 3249.55 0.00390631 
0.1533 0.00898209 2.02791e+06 0 0 1.98817e+06 1.3072 -3045.32 0 0.0345655 0.307595 39749 0.0784037 3030.68 0.00358469 
0.15695 0.00897074 2.02787e+06 0 0 1.99184e+06 1.30964 -2839.03 0 0.0309624 0.285371 36036.2 0.0710818 2816.71 0.00327939 
0.1606 0.00896007 2.02784e+06 0 0 1.99529e+06 1.31193 -2639.49 0 0.0276384 0.263539 32550.2 0.0642068 2606.51 0.00298806 
0.16425 0.00894988 2.0278e+06 0 0 1.99856e+06 1.3141 -2445.6 0 0.0245475 0.241946 29249.3 0.0576965 2398.31 0.00270774 
0.1679 0.00893995 2.02778e+06 0 0 2.0017e+06 1.31618 -2255.41 0 0.0216372 0.220335 26083.1 0.0514516 2189.57 0.00243454 
0.17155 0.00892998 2.02777e+06 0 0 2.00478e+06 1.31822 -2065.74 0 0.0188458 0.198312 22989.1 0.0453486 1976.71 0.00216343 
0.1752 0.00891961 2.02776e+06 0 0 2.00787e+06 1.32026 -1871.81 0 0.0160968 0.175277 19887.3 0.03923 1754.83 0.00188773 
0.17885 0.00890834 2.02777e+06 0 0 2.0111e+06 1.32237 -1666.65 0 0.013293 0.150332 16673.5 0.0328903 1517.24 0.00159858 
0.1825 0.00889552 2.0278e+06 0 0 2.01459e+06 1.32465 -1440.41 0 0.0116209 0.122129 13209.7 0.0260574 1254.9 0.00142129 
0.18615 0.00887708 2.02784e+06 0 0 2.01922e+06 1.32767 -1091.12 0 0.0327382 0.0824394 8616.3 0.0169961 867.184 0.0040903 
0.1898 0.00885868 2.02789e+06 0 0 2.02371e+06 1.33059 -735.779 0 0.0172938 0.0413587 4176.96 0.00823902 473.037 0.00237172 
0.19345 0.00884967 2.02796e+06 0 0 2.026e+06 1.33204 -543.5 0 0.00786571 0.0197988 1964.79 0.00387539 244.004 0.0011752 
0.1971 0.00884548 2.02805e+06 0 0 2.02714e+06 1.33274 -452.752 0 0.0034993 0.00919678 904.932 0.00178483 121.366 0.000560758 
0.20075 0.00884364 2.02814e+06 0 0 2.02773e+06 1.33306 -414.36 0 0.00153289 0.00418539 410.185 0.000808985 58.8331 0.000260923 
0.2044 0.00884292 2.02825e+06 0 0 2.02806e+06 1.33321 -397.181 0 0.000663598 0.00187603 183.521 0.00036193 27.9599 0.000119206 
0.20805 0.00884272 2.02835e+06 0 0 2.02827e+06 1.33328 -383.316 0 0.000284476 0.000830687 81.1938 0.000160118 13.0723 5.36779e-05 
0.2117 0.00884275 2.02845e+06 0 0 2.02841e+06 1.33331 -363.121 0 0.000120912 0.000363996 35.5648 7.01321e-05 6.0262 2.38777e-05 
0.21535 0.00884289 2.02853e+06 0 0 2.02852e+06 1.33332 -331.952 0 5.09955e-05 0.000158021 15.4372 3.04401e-05 2.74339 1.05083e-05 
0.219 0.00884307 2.0286e+06 0 0 2.0286e+06 1.33333 -288.3 0 2.13547e-05 6.80217e-05 6.64461 1.31018e-05 1.23481 4.58e-06 
0.22265 0.00884327 2.02865e+06 0 0 2.02865e+06 1.33333 -232.748 0 8.883e-06 2.90517e-05 2.83779 5.59542e-06 0.550047 1.97856e-06 
0.2263 0.00884348 2.02867e+06 0 0 2.02867e+06 1.33333 -167.333 0 3.67199e-06 1.23172e-05 1.20314 2.37226e-06 0.242679 8.47744e-07 
0.22995 0.0088437 2.02867e+06 0 0 2.02867e+06 1.33333 -95.0798 0 1.50892e-06 5.18636e-06 0.506598 9.98878e-07 0.106119 3.60458e-07 
0.2336 0.00884391 2.02863e+06 0 0 2.02863e+06 1.33333 -19.5925 0 6.16561e-07 2.16965e-06 0.211928 4.17875e-07 0.0460193 1.5217e-07 
0.23725 0.00884413 2.02856e+06 0 0 2.02856e+06 1.33333 55.3216 0 2.50563e-07 9.02059e-07 0.0881117 1.73742e-07 0.0198017 6.38074e-08 
0.2409 0.00884435 2.02846e+06 0 0 2.02846e+06 1.33333 126.002 0 1.0127e-07 3.72827e-07 0.0364172 7.18124e-08 0.00845831 2.65858e-08 
0.24455 0.00884457 2.02834e+06 0 0 2.02834e+06 1.33333 189.238 0 4.06814e-08 1.53195e-07 0.0149638 2.95096e-08 0.00358811 1.10109e-08 
0.2482 0.00884478 2.02819e+06 0 0 2.02819e+06 1.33333 242.493 0 1.61994e-08 6.25572e-08 0.00611049 1.20511e-08 0.00151225 4.53496e-09 
0.25185 0.008845 2.02802e+06 0 0 2.02802e+06 1.33333 284.057 0 6.34144e-09 2.53446e-08 0.00247563 4.88283e-09 0.00063347 1.8583e-09 
0.2555 0.00884522 2.02785e+06 0 0 2.02785e+06 1.33333 313.096 0 2.37194e-09 1.01301e-08 0.000989488 1.9518e-09 0.000263871 7.58383e-10 
0.25915 0.00884544 2.02766e+06 0 0 2.02766e+06 1.33333 329.619 0 7.64454e-10 3.92457e-09 0.000383346 7.56233e-10 0.000109377 3.08815e-10 
0.2628 0.00884566 2.02747e+06 0 0 2.02747e+06 1.33333 334.379 0 1.12757e-10 0 0.000191281 3.77378e-10 -0.000439186 1.97565e-10 
0.26645 0.00884587 2.02729e+06 0 0 2.02729e+06 1.33333 328.715 0 0 0 0.000197078 3.8885e-10 2.12482e-05 0 
0.2701 0.00884609 2.02711e+06 0 0 2.02711e+06 1.33333 314.376 0 0 0 0.00019667 3.8808e-10 -8.162e-07 0 
0.27375 0.00884631 2.02694e+06 0 0 2.02694e+06 1.33333 293.322 0 0 0 0.000196556 3.87888e-10 3.89601e-07 0 
0.2774 0.00884653 2.02677e+06 0 0 2.02677e+06 1.33333 267.564 0 0 0 0.000196336 3.87484e-10 5.41695e-07 0 
0.28105 0.00884675 2.02662e+06 0 0 2.02662e+06 1.33333 239.005 0 0 0 0.000196075 3.86999e-10 6.30434e-07 0 
0.2847 0.00884697 2.02649e+06 0 0 2.02649e+06 1.33333 209.341 0 0 0 0.000195834 3.86549e-10 5.67121e-07 0 
0.28835 0.00884718 2.02636e+06 0 0 2.02636e+06 1.33333 179.985 0 0 0 0.000195667 3.86243e-10 3.69895e-07 0 
0.292 0.0088474 2.02625e+06 0 0 2.02625e+06 1.33333 152.032 0 0 0 0.000195589 3.8611e-10 1.51756e-07 0 
0.29565 0.00884762 2.02614e+06 0 0 2.02614e+06 1.33333 126.266 0 0 0 0.000195571 3.86095e-10 1.39197e-08 0 
0.2993 0.00884784 2.02605e+06 0 0 2.02605e+06 1.33333 103.174 0 0 0 0.000195575 3.86121e-10 -2.68768e-08 0 
0.30295 0.00884806 2.02596e+06 0 0 2.02596e+06 1.33333 82.9924 0 0 0 0.000195577 3.86141e-10 -1.55695e-08 0 
0.3066 0.00884828 2.02589e+06 0 0 2.02589e+06 1.33333 65.7514 0 0 0 0.000195574 3.86149e-10 -1.96951e-09 0 
0.31025 0.00884849 2.02581e+06 0 0 2.02581e+06 1.33333 51.3295 0 0 0 0.000195572 3.8616e-10 -8.89956e-09 0 
0.3139 0.00884871 2.02575e+06 0 0 2.02575e+06 1.33333 39.5002 0 0 0 0.00019558 3.86188e-10 -3.34655e-08 0 
0.31755 0.00884893 2.02568e+06 0 0 2.02568e+06 1.33333 29.9753 0 0 0 0.000195599 3.86238e-10 -6.1933e-08 0 
0.3212 0.00884915 2.02562e+06 0 0 2.02562e+06 1.33333 22.4391 0 0 0 0.000195627 3.86304e-10 -8.11364e-08 0 
0.32485 0.00884937 2.02557e+06 0 0 2.02557e+06 1.33333 16.5751 0 0 0 0.000195656 3.86372e-10 -8.14424e-08 0 
0.3285 0.00884959 2.02551e+06 0 0 2.02551e+06 1.33333 12.0849 0 0 0 0.000195674 3.86419e-10 -5.40099e-08 0 
0.33215 0.00884981 2.02546e+06 0 0 2.02546e+06 1.33333 8.69924 0 0 0 0.000195667 3.86416e-10 1.34621e-08 0 
0.3358 0.00885002 2.02541e+06 0 0 2.02541e+06 1.33333 6.18412 0 0 0 0.000195611 3.86314e-10 1.39891e-07 0 
0.33945 0.00885024 2.02535e+06 0 0 2.02535e+06 1.33333 4.34244 0 0 0 0.000195471 3.86048e-10 3.52054e-07 0 
0.3431 0.00885046 2.0253e+06 0 0 2.0253e+06 1.33333 3.01263 0 0 0 0.0001952 3.85524e-10 6.84037e-07 0 
0.34675 0.00885068 2.02525e+06 0 0 2.02525e+06 1.33333 2.06539 0 0 0 0.000194735 3.84614e-10 1.17523e-06 0 
0.3504 0.0088509 2.0252e+06 0 0 2.0252e+06 1.33333 1.39955 0 0 0 0.000193994 3.83161e-10 1.8671e-06 0 
0.35405 0.00885112 2.02515e+06 0 0 2.02515e+06 1.33333 0.937533 0 0 0 0.000192881 3.80971e-10 2.799e-06 0 
0.3577 0.00885134 2.0251e+06 0 0 2.0251e+06 1.33333 0.620972 0 0 0 0.000191285 3.77828e-10 4.0031e-06 0 
0.36135 0.00885155 2.02505e+06 0 0 2.02505e+06 1.33333 0.406741 0 0 0 0.000189087 3.73495e-10 5.49902e-06 0 
0.365 0.00885177 2.025e+06 0 0 2.025e+06 1.33333 0.263508 0 0 0 0.000186165 3.67734e-10 7.28871e-06 0 


0 0.0112 2.03e+06 0 0 1.5225e+06 1 0 0 0.923289 1.01407 507500 1 0 0.0073663 
0.00365 0.0111484 2.02995e+06 0 0 1.52969e+06 1.00474 -426.763 0 0.89558 1.01122 500265 0.985768 426.763 0.00842621 
0.0073 0.0110926 2.0299e+06 0 0 1.53767e+06 1.01002 -868.458 0 0.866886 1.00797 492228 0.969955 868.458 0.00943633 
0.01095 0.0110328 2.02985e+06 0 0 1.54644e+06 1.0158 -1321.25 0 0.837366 1.00431 483415 0.952612 1321.25 0.010388 
0.0146 0.0109696 2.0298e+06 0 0 1.55594e+06 1.02207 -1781.07 0 0.807171 1.00021 473857 0.9338 1781.07 0.0112742 
0.01825 0.0109032 2.02975e+06 0 0 1.56616e+06 1.0288 -2243.71 0 0.776458 0.995669 463592 0.913595 2243.71 0.0120884 
0.0219 0.0108343 2.0297e+06 0 0 1.57704e+06 1.03597 -2704.79 0 0.74538 0.990651 452663 0.892079 2704.79 0.0128253 
0.02555 0.0107631 2.02965e+06 0 0 1.58853e+06 1.04355 -3159.93 0 0.714086 0.98514 441118 0.869349 3159.93 0.0134806 
0.0292 0.0106902 2.0296e+06 0 0 1.60059e+06 1.0515 -3604.74 0 0.682721 0.979112 429011 0.845508 3604.74 0.0140513 
0.03285 0.0106161 2.02955e+06 0 0 1.61315e+06 1.05978 -4034.95 0 0.651424 0.972544 416397 0.820669 4034.95 0.0145354 
0.0365 0.0105411 2.0295e+06 0 0 1.62616e+06 1.06835 -4446.45 0 0.620327 0.965413 403339 0.794952 4446.45 0.0149321 
0.04015 0.0104658 2.02945e+06 0 0 1.63955e+06 1.07717 -4835.44 0 0.589555 0.957695 389899 0.768482 4835.44 0.0152417 
0.0438 0.0103905 2.0294e+06 0 0 1.65326e+06 1.0862 -5198.4 0 0.559224 0.949366 376144 0.741389 5198.4 0.0154654 
0.04745 0.0103156 2.02935e+06 0 0 1.66721e+06 1.0954 -5532.27 0 0.52944 0.940401 362141 0.713807 5532.27 0.0156055 
0.0511 0.0102415 2.0293e+06 0 0 1.68134e+06 1.10471 -5834.43 0 0.500301 0.930778 347958 0.685868 5834.43 0.0156651 
0.05475 0.0101686 2.02925e+06 0 0 1.69559e+06 1.1141 -6102.76 0 0.471893 0.920473 333662 0.657705 6102.76 0.0156482 
0.0584 0.0100971 2.0292e+06 0 0 1.70988e+06 1.12352 -6335.68 0 0.444291 0.909465 319319 0.629448 6335.68 0.0155593 
0.06205 0.0100273 2.02915e+06 0 0 1.72416e+06 1.13293 -6532.17 0 0.41756 0.897734 304993 0.601223 6532.17 0.0154035 
0.0657 0.00995946 2.0291e+06 0 0 1.73835e+06 1.14228 -6691.72 0 0.391755 0.885262 290746 0.573153 6691.72 0.0151862 
0.06935 0.00989373 2.02905e+06 0 0 1.75241e+06 1.15155 -6814.37 0 0.36692 0.872034 276636 0.545351 6814.37 0.0149133 
0.073 0.00983029 2.029e+06 0 0 1.76628e+06 1.16069 -6900.64 0 0.343088 0.858036 262717 0.517923 6900.64 0.0145908 
0.07665 0.00976926 2.02895e+06 0 0 1.77991e+06 1.16968 -6951.5 0 0.320283 0.84326 249038 0.490969 6951.5 0.0142247 
0.0803 0.00971075 2.0289e+06 0 0 1.79326e+06 1.17847 -6968.33 0 0.298522 0.827701 235645 0.464576 6968.33 0.013821 
0.08395 0.00965481 2.02885e+06 0 0 1.80627e+06 1.18706 -6952.84 0 0.27781 0.811358 222577 0.438825 6952.84 0.0133856 
0.0876 0.00960148 2.0288e+06 0 0 1.81893e+06 1.19541 -6907.04 0 0.258146 0.794236 209871 0.413784 6907.04 0.0129241 
0.09125 0.00955078 2.02875e+06 0 0 1.83119e+06 1.2035 -6833.15 0 0.239524 0.776346 197556 0.389512 6833.15 0.0124421 
0.0949 0.00950271 2.0287e+06 0 0 1.84304e+06 1.21131 -6733.57 0 0.221929 0.757704 185656 0.36606 6733.57 0.0119446 
0.09855 0.00945724 2.02865e+06 0 0 1.85446e+06 1.21884 -6610.78 0 0.205341 0.738335 174193 0.343466 6610.78 0.0114365 
0.1022 0.00941432 2.0286e+06 0 0 1.86542e+06 1.22608 -6467.36 0 0.189736 0.718267 163181 0.321761 6467.36 0.010922 
0.10585 0.0093739 2.02855e+06 0 0 1.87592e+06 1.23301 -6305.85 0 0.175087 0.697539 152632 0.300967 6305.85 0.0104053 
0.1095 0.00933591 2.0285e+06 0 0 1.88595e+06 1.23963 -6128.79 0 0.161362 0.676194 142552 0.281098 6128.79 0.00988984 
0.11315 0.00930027 2.02845e+06 0 0 1.89551e+06 1.24595 -5938.61 0 0.148528 0.654286 132944 0.262159 5938.61 0.00937885 
0.1168 0.0092669 2.0284e+06 0 0 1.90459e+06 1.25195 -5737.66 0 0.136547 0.63187 123808 0.244149 5737.66 0.00887512 
0.12045 0.00923571 2.02835e+06 0 0 1.91321e+06 1.25765 -5528.14 0 0.125382 0.609013 115139 0.22706 5528.14 0.00838103 
0.1241 0.0092066 2.0283e+06 0 0 1.92137e+06 1.26304 -5312.09 0 0.114995 0.585783 106932 0.21088 5312.09 0.00789857 
0.12775 0.00917946 2.02825e+06 0 0 1.92907e+06 1.26814 -5091.39 0 0.105346 0.562253 99175.3 0.195588 5091.39 0.00742937 
0.1314 0.00915419 2.0282e+06 0 0 1.93634e+06 1.27295 -4867.7 0 0.0963942 0.538499 91858 0.181162 4867.7 0.00697471 
0.13505 0.00913068 2.02815e+06 0 0 1.94318e+06 1.27748 -4642.49 0 0.0880994 0.514594 84965.3 0.167572 4642.48 0.0065355 
0.1387 0.00910882 2.0281e+06 0 0 1.94962e+06 1.28174 -4416.96 0 0.0804205 0.490611 78480.2 0.154786 4416.95 0.00611231 
0.14235 0.00908849 2.02805e+06 0 0 1.95567e+06 1.28575 -4192.08 0 0.0733163 0.466612 72383.5 0.142765 4192.07 0.00570535 
0.146 0.00906956 2.028e+06 0 0 1.96135e+06 1.28951 -3968.54 0 0.0667444 0.442649 66653.2 0.131466 3968.52 0.00531447 
0.14965 0.0090519 2.02795e+06 0 0 1.96669e+06 1.29305 -3746.68 0 0.0606617 0.418754 61264 0.120839 3746.65 0.00493909 
0.1533 0.00903536 2.0279e+06 0 0 1.97171e+06 1.29639 -3526.49 0 0.0550227 0.394928 56186.8 0.110828 3526.42 0.00457818 
0.15695 0.00901976 2.02785e+06 0 0 1.97646e+06 1.29955 -3307.51 0 0.0497787 0.37113 51387.4 0.101363 3307.37 0.00423015 
0.1606 0.00900491 2.0278e+06 0 0 1.98098e+06 1.30255 -3088.7 0 0.0448757 0.347257 46824.4 0.092365 3088.45 0.00389271 
0.16425 0.00899057 2.02775e+06 0 0 1.9853e+06 1.30542 -2868.37 0 0.0402523 0.323122 42447.5 0.0837332 2867.93 0.00356272 
0.1679 0.00897643 2.0277e+06 0 0 1.98951e+06 1.30822 -2643.95 0 0.0358357 0.298407 38193.3 0.0753431 2643.17 0.00323587 
0.17155 0.00896211 2.02765e+06 0 0 1.99367e+06 1.31099 -2411.74 0 0.0315366 0.272616 33980.9 0.0670349 2410.41 0.00290635 
0.1752 0.00894711 2.0276e+06 0 0 1.9979e+06 1.3138 -2166.6 0 0.0272424 0.24498 29704.7 0.0586006 2164.39 0.00256631 
0.17885 0.00893079 2.02755e+06 0 0 2.00233e+06 1.31674 -1901.48 0 0.022807 0.214325 25225.8 0.049766 1897.92 0.00220521 
0.1825 0.00891228 2.02751e+06 0 0 2.00715e+06 1.31994 -1606.86 0 0.0201234 0.178845 20359 0.0401657 1601.25 0.00197937 
0.18615 0.00888491 2.02746e+06 0 0 2.0138e+06 1.32435 -1156.68 0 0.0571495 0.125828 13654.2 0.0269386 1148.09 0.00565703 
0.1898 0.00885724 2.02741e+06 0 0 2.02038e+06 1.32871 -686.103 0 0.0320771 0.0681221 7034.38 0.0138785 673.254 0.0035555 
0.19345 0.00884259 2.02737e+06 0 0 2.02389e+06 1.33104 -386.34 0 0.0154872 0.0346991 3485.33 0.00687656 367.588 0.00189372 
0.1971 0.00883528 2.02733e+06 0 0 2.02565e+06 1.33223 -218.473 0 0.00725707 0.0169837 1681.61 0.00331788 191.774 0.000958216 
0.20075 0.00883181 2.0273e+06 0 0 2.0265e+06 1.33281 -134.118 0 0.00333232 0.00809567 795.886 0.00157034 97.0299 0.000469034 
0.2044 0.00883027 2.02727e+06 0 0 2.0269e+06 1.33309 -98.2873 0 0.00150768 0.00378743 371.066 0.00073215 48.005 0.000224386 
0.20805 0.00882966 2.02724e+06 0 0 2.02707e+06 1.33322 -89.8877 0 0.000674206 0.00174667 170.849 0.000337106 23.3321 0.000105516 
0.2117 0.00882949 2.02723e+06 0 0 2.02715e+06 1.33328 -97.2083 0 0.00029853 0.00079607 77.8081 0.000153526 11.1717 4.89324e-05 
0.21535 0.00882953 2.02722e+06 0 0 2.02719e+06 1.33331 -113.927 0 0.000131037 0.000359119 35.0881 6.92339e-05 5.27928 2.24233e-05 
0.219 0.00882967 2.02723e+06 0 0 2.02721e+06 1.33332 -136.519 0 5.70622e-05 0.000160517 15.6811 3.09409e-05 2.46538 1.01673e-05 
0.22265 0.00882985 2.02724e+06 0 0 2.02723e+06 1.33333 -162.757 0 2.46668e-05 7.1143e-05 6.94953 1.37123e-05 1.13889 4.56593e-06 
0.2263 0.00883005 2.02727e+06 0 0 2.02727e+06 1.33333 -190.91 0 1.059e-05 3.12845e-05 3.0559 6.02959e-06 0.520874 2.03237e-06 
0.22995 0.00883026 2.02731e+06 0 0 2.02731e+06 1.33333 -219.347 0 4.51719e-06 1.36562e-05 1.33393 2.63193e-06 0.236012 8.97217e-07 
0.2336 0.00883048 2.02736e+06 0 0 2.02736e+06 1.33333 -246.377 0 1.91507e-06 5.91997e-06 0.578256 1.14091e-06 0.106012 3.93046e-07 
0.23725 0.00883069 2.02742e+06 0 0 2.02742e+06 1.33333 -270.228 0 8.07182e-07 2.54953e-06 0.249035 4.91334e-07 0.0472314 1.7094e-07 
0.2409 0.00883091 2.02749e+06 0 0 2.02749e+06 1.33333 -289.106 0 3.38314e-07 1.09117e-06 0.106584 2.10278e-07 0.0208818 7.38376e-08 
0.24455 0.00883113 2.02756e+06 0 0 2.02756e+06 1.33333 -301.314 0 1.41009e-07 4.64223e-07 0.0453446 8.94564e-08 0.00916553 3.16893e-08 
0.2482 0.00883135 2.02764e+06 0 0 2.02764e+06 1.33333 -305.374 0 5.84173e-08 1.96336e-07 0.0191778 3.78329e-08 0.00399552 1.35179e-08 
0.25185 0.00883156 2.02771e+06 0 0 2.02771e+06 1.33333 -300.174 0 2.4011e-08 8.25274e-08 0.00806115 1.5902e-08 0.00173052 5.73354e-09 
0.2555 0.00883178 2.02778e+06 0 0 2.02778e+06 1.33333 -285.073 0 9.73213e-09 3.44301e-08 0.00336308 6.63401e-09 0.00074496 2.4192e-09 
0.25915 0.008832 2.02784e+06 0 0 2.02784e+06 1.33333 -259.992 0 3.81888e-09 1.41962e-08 0.00138666 2.73525e-09 0.000318884 1.01617e-09 
0.2628 0.00883222 2.02788e+06 0 0 2.02788e+06 1.33333 -225.451 0 1.36284e-09 5.71016e-09 0.00055776 1.10018e-09 0.000135816 4.25585e-10 
0.26645 0.00883243 2.02791e+06 0 0 2.02791e+06 1.33333 -182.552 0 3.31668e-10 2.1715e-09 0.000212108 4.18378e-10 3.98439e-05 1.8087e-10 
0.2701 0.00883265 2.02792e+06 0 0 2.02792e+06 1.33333 -132.921 0 8.02189e-12 0 0.000198808 3.92143e-10 3.47033e-05 -7.98108e-13 
0.27375 0.00883287 2.0279e+06 0 0 2.0279e+06 1.33333 -78.5929 0 0 0 0.000198551 3.91639e-10 -3.83199e-06 0 
0.2774 0.00883309 2.02787e+06 0 0 2.02787e+06 1.33333 -21.8721 0 0 0 0.000198222 3.90996e-10 1.08543e-06 0 
0.28105 0.00883331 2.0278e+06 0 0 2.0278e+06 1.33333 34.8363 0 0 0 0.000197754 3.90084e-10 1.15036e-06 0 
0.2847 0.00883352 2.02772e+06 0 0 2.02772e+06 1.33333 89.1916 0 0 0 0.000197273 3.89152e-10 1.15363e-06 0 
0.28835 0.00883374 2.02761e+06 0 0 2.02761e+06 1.33333 139.074 0 0 0 0.000196669 3.87981e-10 1.48741e-06 0 
0.292 0.00883396 2.02749e+06 0 0 2.02749e+06 1.33333 182.715 0 0 0 0.000196011 3.86707e-10 1.59486e-06 0 
0.29565 0.00883418 2.02735e+06 0 0 2.02735e+06 1.33333 218.789 0 0 0 0.000195421 3.85569e-10 1.39511e-06 0 
0.2993 0.0088344 2.0272e+06 0 0 2.0272e+06 1.33333 246.465 0 0 0 0.000194996 3.84758e-10 9.6788e-07 0 
0.30295 0.00883461 2.02704e+06 0 0 2.02704e+06 1.33333 265.415 0 0 0 0.000194779 3.84362e-10 4.50039e-07 0 
0.3066 0.00883483 2.02688e+06 0 0 2.02688e+06 1.33333 275.786 0 0 0 0.00019476 3.84355e-10 -2.29434e-08 0 
0.31025 0.00883505 2.02672e+06 0 0 2.02672e+06 1.33333 278.137 0 0 0 0.000194886 3.84634e-10 -3.56461e-07 0 
0.3139 0.00883527 2.02655e+06 0 0 2.02655e+06 1.33333 273.351 0 0 0 0.000195085 3.85058e-10 -5.15162e-07 0 
0.31755 0.00883548 2.02639e+06 0 0 2.02639e+06 1.33333 262.542 0 0 0 0.000195294 3.85501e-10 -5.18476e-07 0 
0.3212 0.0088357 2.02624e+06 0 0 2.02624e+06 1.33333 246.953 0 0 0 0.000195467 3.85871e-10 -4.19286e-07 0 
0.32485 0.00883592 2.0261e+06 0 0 2.0261e+06 1.33333 227.866 0 0 0 0.000195584 3.8613e-10 -2.7785e-07 0 
0.3285 0.00883614 2.02596e+06 0 0 2.02596e+06 1.33333 206.515 0 0 0 0.000195645 3.86275e-10 -1.42095e-07 0 
0.33215 0.00883636 2.02583e+06 0 0 2.02583e+06 1.33333 184.028 0 0 0 0.000195661 3.86332e-10 -3.91821e-08 0 
0.3358 0.00883658 2.02571e+06 0 0 2.02571e+06 1.33333 161.381 0 0 0 0.00019565 3.86333e-10 2.30844e-08 0 
0.33945 0.00883679 2.02561e+06 0 0 2.02561e+06 1.33333 139.371 0 0 0 0.000195626 3.86306e-10 4.96961e-08 0 
0.3431 0.00883701 2.02551e+06 0 0 2.02551e+06 1.33333 118.607 0 0 0 0.0001956 3.86274e-10 5.12612e-08 0 
0.34675 0.00883723 2.02541e+06 0 0 2.02541e+06 1.33333 99.5178 0 0 0 0.000195579 3.8625e-10 3.88905e-08 0 
0.3504 0.00883745 2.02533e+06 0 0 2.02533e+06 1.33333 82.3656 0 0 0 0.000195564 3.86237e-10 2.18238e-08 0 
0.35405 0.00883767 2.02525e+06 0 0 2.02525e+06 1.33333 67.2706 0 0 0 0.000195556 3.86235e-10 7.22658e-09 0 
0.3577 0.00883788 2.02518e+06 0 0 2.02518e+06 1.33333 54.2378 0 0 0 0.00019555 3.86238e-10 1.19055e-09 0 
0.36135 0.0088381 2.02511e+06 0 0 2.02511e+06 1.33333 43.1837 0 0 0 0.000195541 3.86234e-10 1.01156e-08 0 
0.365 0.00883832 2.02504e+06 0 0 2.02504e+06 1.33333 33.9634 0 0 0 0.000195521 3.86205e-10 4.19909e-08 0 


0 0.0112 2.03e+06 0 0 1.5225e+06 1 0 0 0.953524 1.01407 507500 1 0 0.00493778 
0.00365 0.0111615 2.02995e+06 0 0 1.52785e+06 1.00354 -313.96 0 0.930854 1.01195 502096 0.989376 313.96 0.00588801 
0.0073 0.0111189 2.0299e+06 0 0 1.53392e+06 1.00755 -646.392 0 0.907024 1.0095 495975 0.97734 646.392 0.00681617 
0.01095 0.0110723 2.02985e+06 0 0 1.5407e+06 1.01203 -994.591 0 0.882152 1.0067 489148 0.963909 994.591 0.00771434 
0.0146 0.0110221 2.0298e+06 0 0 1.54817e+06 1.01696 -1355.65 0 0.856353 1.00355 481627 0.949113 1355.65 0.00857554 
0.01825 0.0109684 2.02975e+06 0 0 1.55632e+06 1.02234 -1726.49 0 0.829751 1.00003 473434 0.932989 1726.49 0.00939306 
0.0219 0.0109117 2.0297e+06 0 0 1.56511e+06 1.02814 -2103.86 0 0.802469 0.996118 464591 0.915585 2103.86 0.0101608 
0.02555 0.0108522 2.02965e+06 0 0 1.57452e+06 1.03435 -2484.39 0 0.774632 0.991799 455128 0.896958 2484.39 0.0108735 
0.0292 0.0107903 2.0296e+06 0 0 1.58452e+06 1.04094 -2864.62 0 0.746365 0.987055 445077 0.877173 2864.62 0.0115263 
0.03285 0.0107263 2.02955e+06 0 0 1.59507e+06 1.0479 -3241.05 0 0.717792 0.981866 434478 0.856304 3241.05 0.0121156 
0.0365 0.0106607 2.0295e+06 0 0 1.60613e+06 1.05519 -3610.22 0 0.689035 0.976213 423371 0.834434 3610.22 0.0126383 
0.04015 0.0105937 2.02945e+06 0 0 1.61765e+06 1.06278 -3968.69 0 0.660212 0.970075 411803 0.811653 3968.69 0.013092 
0.0438 0.0105258 2.0294e+06 0 0 1.62958e+06 1.07065 -4313.19 0 0.63144 0.963432 399821 0.788057 4313.19 0.0134755 
0.04745 0.0104573 2.02935e+06 0 0 1.64187e+06 1.07875 -4640.6 0 0.602828 0.956262 387478 0.763748 4640.6 0.0137882 
0.0511 0.0103885 2.0293e+06 0 0 1.65447e+06 1.08706 -4948.06 0 0.574481 0.948544 374827 0.73883 4948.06 0.0140304 
0.05475 0.0103199 2.02925e+06 0 0 1.66733e+06 1.09553 -5232.97 0 0.546497 0.940258 361924 0.713414 5232.97 0.014203 
0.0584 0.0102517 2.0292e+06 0 0 1.68038e+06 1.10413 -5493.1 0 0.518968 0.931383 348824 0.68761 5493.1 0.0143078 
0.06205 0.0101841 2.02915e+06 0 0 1.69356e+06 1.11282 -5726.55 0 0.491976 0.921897 335585 0.661529 5726.55 0.0143471 
0.0657 0.0101176 2.0291e+06 0 0 1.70684e+06 1.12157 -5931.82 0 0.465597 0.911782 322263 0.635282 5931.82 0.0143241 
0.06935 0.0100523 2.02905e+06 0 0 1.72014e+06 1.13034 -6107.83 0 0.439898 0.90102 308911 0.608978 6107.83 0.0142421 
0.073 0.00998849 2.029e+06 0 0 1.73341e+06 1.13909 -6253.9 0 0.414938 0.889594 295585 0.582721 6253.9 0.014105 
0.07665 0.0099263 2.02895e+06 0 0 1.74661e+06 1.1478 -6369.74 0 0.390765 0.877488 282335 0.556614 6369.74 0.0139172 
0.0803 0.00986592 2.0289e+06 0 0 1.75969e+06 1.15642 -6455.49 0 0.367422 0.86469 269210 0.530751 6455.49 0.0136829 
0.08395 0.00980749 2.02885e+06 0 0 1.77259e+06 1.16493 -6511.61 0 0.344943 0.851189 256255 0.505222 6511.61 0.0134069 
0.0876 0.00975112 2.0288e+06 0 0 1.78529e+06 1.1733 -6538.92 0 0.323351 0.836978 243512 0.480111 6538.92 0.0130939 
0.09125 0.0096969 2.02875e+06 0 0 1.79773e+06 1.1815 -6538.53 0 0.302666 0.822054 231020 0.455492 6538.53 0.0127486 
0.0949 0.00964489 2.0287e+06 0 0 1.80989e+06 1.18952 -6511.82 0 0.282897 0.806417 218812 0.431433 6511.82 0.0123757 
0.09855 0.00959514 2.02865e+06 0 0 1.82173e+06 1.19733 -6460.35 0 0.264049 0.79007 206920 0.407995 6460.35 0.0119795 
0.1022 0.00954765 2.0286e+06 0 0 1.83323e+06 1.20492 -6385.89 0 0.246119 0.773024 195369 0.385229 6385.89 0.0115646 
0.10585 0.00950244 2.02855e+06 0 0 1.84437e+06 1.21227 -6290.31 0 0.229102 0.755293 184181 0.363178 6290.31 0.0111351 
0.1095 0.0094595 2.0285e+06 0 0 1.85512e+06 1.21937 -6175.56 0 0.212983 0.736895 173375 0.341878 6175.56 0.0106948 
0.11315 0.00941878 2.02845e+06 0 0 1.86549e+06 1.22621 -6043.65 0 0.197746 0.717857 162964 0.321358 6043.65 0.0102473 
0.1168 0.00938027 2.0284e+06 0 0 1.87544e+06 1.23279 -5896.57 0 0.183371 0.698207 152960 0.301636 5896.57 0.00979589 
0.12045 0.00934389 2.02835e+06 0 0 1.88498e+06 1.23909 -5736.28 0 0.169833 0.677981 143367 0.282727 5736.28 0.00934361 
0.1241 0.0093096 2.0283e+06 0 0 1.89411e+06 1.24512 -5564.69 0 0.157106 0.65722 134190 0.264636 5564.69 0.00889308 
0.12775 0.0092773 2.02825e+06 0 0 1.90282e+06 1.25088 -5383.61 0 0.145159 0.635968 125429 0.247363 5383.61 0.00844661 
0.1314 0.00924694 2.0282e+06 0 0 1.91112e+06 1.25637 -5194.69 0 0.133961 0.61427 117079 0.230901 5194.69 0.00800617 
0.13505 0.00921841 2.02815e+06 0 0 1.91902e+06 1.26159 -4999.46 0 0.123477 0.592174 109133 0.215236 4999.46 0.00757336 
0.1387 0.00919161 2.0281e+06 0 0 1.92652e+06 1.26655 -4799.23 0 0.113672 0.569725 101581 0.200347 4799.23 0.00714941 
0.14235 0.00916644 2.02805e+06 0 0 1.93364e+06 1.27126 -4595.12 0 0.104506 0.546963 94409.2 0.186207 4595.12 0.00673516 
0.146 0.00914276 2.028e+06 0 0 1.9404e+06 1.27574 -4387.94 0 0.0959386 0.523913 87599.1 0.172779 4387.94 0.006331 
0.14965 0.00912045 2.02795e+06 0 0 1.94682e+06 1.27999 -4178.21 0 0.0879239 0.500586 81127.8 0.160019 4178.21 0.00593685 
0.1533 0.00909933 2.0279e+06 0 0 1.95293e+06 1.28404 -3966.06 0 0.0804128 0.476959 74966.3 0.14787 3966.06 0.00555206 
0.15695 0.0090792 2.02785e+06 0 0 1.95877e+06 1.28791 -3751.13 0 0.0733491 0.452965 69078.3 0.136259 3751.13 0.00517529 
0.1606 0.00905984 2.0278e+06 0 0 1.96438e+06 1.29163 -3532.49 0 0.0666679 0.428469 63417.7 0.125097 3532.49 0.00480436 
0.16425 0.00904095 2.02775e+06 0 0 1.96982e+06 1.29524 -3308.45 0 0.0602916 0.403237 57925.4 0.114265 3308.45 0.00443602 
0.1679 0.00902215 2.0277e+06 0 0 1.97517e+06 1.29879 -3076.37 0 0.0541249 0.376888 52525 0.103615 3076.37 0.00406566 
0.17155 0.00900297 2.02765e+06 0 0 1.98053e+06 1.30235 -2832.42 0 0.0480481 0.348823 47116.4 0.0929478 2832.42 0.00368686 
0.1752 0.00898278 2.0276e+06 0 0 1.98603e+06 1.306 -2571.18 0 0.0419066 0.318113 41567.3 0.082003 2571.18 0.00329083 
0.17885 0.00896075 2.02755e+06 0 0 1.99185e+06 1.30986 -2285.22 0 0.0354982 0.28332 35702.1 0.070434 2285.21 0.00286566 
0.1825 0.00893579 2.0275e+06 0 0 1.99821e+06 1.31407 -1964.5 0 0.0315715 0.24219 29285.9 0.0577773 1964.47 0.00259632 
0.18615 0.00889816 2.02745e+06 0 0 2.00727e+06 1.32006 -1463.17 0 0.0895168 0.177522 20183.8 0.039821 1463.12 0.00725372 
0.1898 0.00885958 2.0274e+06 0 0 2.01639e+06 1.32609 -921.452 0 0.0533295 0.103475 11011.6 0.0217256 921.346 0.00494957 
0.19345 0.00883758 2.02735e+06 0 0 2.02163e+06 1.32957 -531.214 0 0.0272531 0.0559707 5721.28 0.0112882 531.026 0.00283246 
0.1971 0.0088259 2.0273e+06 0 0 2.02442e+06 1.33144 -289.521 0 0.0133955 0.0287706 2875.93 0.00567441 289.196 0.00151562 
0.20075 0.00882001 2.02725e+06 0 0 2.02584e+06 1.3324 -152.337 0 0.0064147 0.0142979 1412.63 0.00278728 151.787 0.000776757 
0.2044 0.00881719 2.0272e+06 0 0 2.02652e+06 1.33288 -78.5586 0 0.00301603 0.00694357 681.996 0.00134569 77.6515 0.000386845 
0.20805 0.00881593 2.02715e+06 0 0 2.02683e+06 1.33312 -40.4255 0 0.00139857 0.00331573 324.73 0.000640761 38.9653 0.000188767 
0.2117 0.00881543 2.0271e+06 0 0 2.02695e+06 1.33323 -21.5436 0 0.000641276 0.00156245 152.808 0.000301529 19.2478 9.06713e-05 
0.21535 0.00881531 2.02705e+06 0 0 2.02698e+06 1.33329 -12.9078 0 0.000291205 0.00072808 71.1589 0.000140418 9.38 4.2988e-05 
0.219 0.00881537 2.02701e+06 0 0 2.02697e+06 1.33331 -9.81704 0 0.000131096 0.000335945 32.8233 6.4772e-05 4.51614 2.01507e-05 
0.22265 0.00881551 2.02696e+06 0 0 2.02694e+06 1.33332 -9.94348 0 5.85505e-05 0.000153626 15.0078 2.96164e-05 2.15045 9.34968e-06 
0.2263 0.0088157 2.02691e+06 0 0 2.02691e+06 1.33333 -12.228 0 2.59576e-05 6.96734e-05 6.80596 1.34312e-05 1.01355 4.29769e-06 
0.22995 0.0088159 2.02687e+06 0 0 2.02687e+06 1.33333 -16.2764 0 1.14286e-05 3.13549e-05 3.06278 6.04435e-06 0.473171 1.95838e-06 
0.2336 0.00881611 2.02683e+06 0 0 2.02683e+06 1.33333 -22.0355 0 4.99895e-06 1.40082e-05 1.36831 2.7004e-06 0.218929 8.85181e-07 
0.23725 0.00881632 2.02679e+06 0 0 2.02679e+06 1.33333 -29.6153 0 2.17308e-06 6.2154e-06 0.607114 1.19818e-06 0.100447 3.97055e-07 
0.2409 0.00881654 2.02676e+06 0 0 2.02676e+06 1.33333 -39.1875 0 9.39082e-07 2.7398e-06 0.26762 5.28175e-07 0.0457214 1.76825e-07 
0.24455 0.00881676 2.02673e+06 0 0 2.02673e+06 1.33333 -50.9182 0 4.03513e-07 1.20023e-06 0.117237 2.31382e-07 0.0206559 7.82133e-08 
0.2482 0.00881697 2.0267e+06 0 0 2.0267e+06 1.33333 -64.917 0 1.72405e-07 5.22646e-07 0.0510512 1.00757e-07 0.0092658 3.43733e-08 
0.25185 0.00881719 2.02669e+06 0 0 2.02669e+06 1.33333 -81.1956 0 7.32184e-08 2.26249e-07 0.0220996 4.36173e-08 0.00412852 1.50146e-08 
0.2555 0.00881741 2.02668e+06 0 0 2.02668e+06 1.33333 -99.63 0 3.08583e-08 9.73394e-08 0.00950796 1.87656e-08 0.00182781 6.52104e-09 
0.25915 0.00881763 2.02667e+06 0 0 2.02667e+06 1.33333 -119.932 0 1.28441e-08 4.15725e-08 0.00406074 8.01458e-09 0.000804352 2.81719e-09 
0.2628 0.00881784 2.02668e+06 0 0 2.02668e+06 1.33333 -141.629 0 5.20298e-09 1.756e-08 0.00171523 3.3853e-09 0.00035198 1.21145e-09 
0.26645 0.00881806 2.0267e+06 0 0 2.0267e+06 1.33333 -164.056 0 1.96192e-09 7.25811e-09 0.000708961 1.39924e-09 0.000153243 5.19104e-10 
0.2701 0.00881828 2.02672e+06 0 0 2.02672e+06 1.33333 -186.368 0 5.71923e-10 2.84103e-09 0.000277508 5.47697e-10 6.64459e-05 2.22365e-10 
0.27375 0.0088185 2.02676e+06 0 0 2.02676e+06 1.33333 -207.563 0 3.8079e-11 2.14124e-09 0.000209153 4.12784e-10 -0.0007279 2.05447e-10 
0.2774 0.00881871 2.0268e+06 0 0 2.0268e+06 1.33333 -226.531 0 0 0 0.000195231 3.85298e-10 2.71061e-05 0 
0.28105 0.00881893 2.02685e+06 0 0 2.02685e+06 1.33333 -242.11 0 0 0 0.000195287 3.854e-10 -6.98036e-07 0 
0.2847 0.00881915 2.02691e+06 0 0 2.02691e+06 1.33333 -253.166 0 0 0 0.000195363 3.8554e-10 -9.15435e-08 0 
0.28835 0.00881937 2.02696e+06 0 0 2.02696e+06 1.33333 -258.671 0 0 0 0.000195425 3.8565e-10 -1.72932e-07 0 
0.292 0.00881958 2.02702e+06 0 0 2.02702e+06 1.33333 -257.781 0 0 0 0.000195718 3.86218e-10 -7.90519e-07 0 
0.29565 0.0088198 2.02707e+06 0 0 2.02707e+06 1.33333 -249.917 0 0 0 0.000196167 3.87094e-10 -1.14139e-06 0 
0.2993 0.00882002 2.02712e+06 0 0 2.02712e+06 1.33333 -234.816 0 0 0 0.000196585 3.8791e-10 -1.01055e-06 0 
0.30295 0.00882024 2.02716e+06 0 0 2.02716e+06 1.33333 -212.574 0 0 0 0.000196868 3.88461e-10 -6.53112e-07 0 
0.3066 0.00882045 2.02719e+06 0 0 2.02719e+06 1.33333 -183.656 0 0 0 0.000197019 3.88753e-10 -3.37515e-07 0 
0.31025 0.00882067 2.0272e+06 0 0 2.0272e+06 1.33333 -148.884 0 0 0 0.000197085 3.8888e-10 -1.47717e-07 0 
0.3139 0.00882089 2.0272e+06 0 0 2.0272e+06 1.33333 -109.392 0 0 0 0.000197101 3.88913e-10 -3.63665e-08 0 
0.31755 0.00882111 2.02718e+06 0 0 2.02718e+06 1.33333 -66.5612 0 0 0 0.000197073 3.88861e-10 6.85911e-08 0 
0.3212 0.00882132 2.02714e+06 0 0 2.02714e+06 1.33333 -21.9396 0 0 0 0.00019699 3.88706e-10 2.0387e-07 0 
0.32485 0.00882154 2.02708e+06 0 0 2.02708e+06 1.33333 22.8554 0 0 0 0.000196843 3.88427e-10 3.62724e-07 0 
0.3285 0.00882176 2.02701e+06 0 0 2.02701e+06 1.33333 66.2325 0 0 0 0.000196634 3.88028e-10 5.12979e-07 0 
0.33215 0.00882198 2.02691e+06 0 0 2.02691e+06 1.33333 106.718 0 0 0 0.000196378 3.87541e-10 6.19162e-07 0 
0.3358 0.00882219 2.02681e+06 0 0 2.02681e+06 1.33333 143.037 0 0 0 0.000196103 3.87019e-10 6.57828e-07 0 
0.33945 0.00882241 2.02669e+06 0 0 2.02669e+06 1.33333 174.172 0 0 0 0.000195839 3.8652e-10 6.2362e-07 0 
0.3431 0.00882263 2.02656e+06 0 0 2.02656e+06 1.33333 199.406 0 0 0 0.000195611 3.86096e-10 5.27828e-07 0 
0.34675 0.00882285 2.02642e+06 0 0 2.02642e+06 1.33333 218.339 0 0 0 0.000195437 3.85779e-10 3.92637e-07 0 
0.3504 0.00882307 2.02627e+06 0 0 2.02627e+06 1.33333 230.879 0 0 0 0.000195324 3.85583e-10 2.44018e-07 0 
0.35405 0.00882328 2.02612e+06 0 0 2.02612e+06 1.33333 237.223 0 0 0 0.000195269 3.85502e-10 1.0545e-07 0 
0.3577 0.0088235 2.02597e+06 0 0 2.02597e+06 1.33333 237.813 0 0 0 0.000195261 3.85514e-10 -6.28356e-09 0 
0.36135 0.00882372 2.02583e+06 0 0 2.02583e+06 1.33333 233.283 0 0 0 0.000195286 3.85593e-10 -8.28097e-08 0 
0.365 0.00882394 2.02568e+06 0 0 2.02568e+06 1.33333 224.405 0 0 0 0.00019533 3.85707e-10 -1.23671e-07 0 


0 0.0112 2.03e+06 0 0 1.5225e+06 1 0 0 0.973792 1.01407 507500 1 0 0.00330989 
0.00365 0.0111712 2.02995e+06 0 0 1.5265e+06 1.00265 -231.972 0 0.955529 1.01248 503446 0.992036 231.972 0.00412362 
0.0073 0.0111386 2.0299e+06 0 0 1.53113e+06 1.00572 -482.991 0 0.93605 1.01062 498770 0.982846 482.991 0.00493505 
0.01095 0.0111023 2.02985e+06 0 0 1.53638e+06 1.00919 -751.23 0 0.915435 1.00848 493470 0.972427 751.23 0.00573742 
0.0146 0.0110625 2.0298e+06 0 0 1.54225e+06 1.01307 -1034.69 0 0.893766 1.00604 487550 0.960784 1034.69 0.00652446 
0.01825 0.0110193 2.02975e+06 0 0 1.54874e+06 1.01736 -1331.2 0 0.871135 1.00329 481014 0.947928 1331.2 0.00728996 
0.0219 0.0109729 2.0297e+06 0 0 1.55583e+06 1.02204 -1638.43 0 0.847634 1.00022 473874 0.93388 1638.43 0.00802806 
0.02555 0.0109235 2.02965e+06 0 0 1.56351e+06 1.02711 -1953.91 0 0.823362 0.996813 466143 0.918668 1953.91 0.00873326 
0.0292 0.0108715 2.0296e+06 0 0 1.57176e+06 1.03256 -2275.04 0 0.798418 0.993052 457841 0.902328 2275.04 0.00940048 
0.03285 0.0108169 2.02955e+06 0 0 1.58056e+06 1.03837 -2599.11 0 0.772905 0.988921 448989 0.884903 2599.11 0.0100251 
0.0365 0.0107602 2.0295e+06 0 0 1.58989e+06 1.04452 -2923.35 0 0.746926 0.984405 439614 0.866447 2923.35 0.0106031 
0.04015 0.0107015 2.02945e+06 0 0 1.59971e+06 1.05099 -3244.97 0 0.720586 0.979485 429745 0.847017 3244.97 0.0111309 
0.0438 0.0106412 2.0294e+06 0 0 1.60998e+06 1.05777 -3561.13 0 0.693988 0.974144 419416 0.82668 3561.13 0.0116055 
0.04745 0.0105797 2.02935e+06 0 0 1.62069e+06 1.06483 -3869.09 0 0.667235 0.968364 408665 0.805508 3869.09 0.0120247 
0.0511 0.0105171 2.0293e+06 0 0 1.63177e+06 1.07214 -4166.14 0 0.640428 0.962126 397530 0.78358 4166.14 0.0123867 
0.05475 0.0104538 2.02925e+06 0 0 1.6432e+06 1.07967 -4449.74 0 0.613664 0.955412 386054 0.760978 4449.74 0.0126906 
0.0584 0.0103902 2.0292e+06 0 0 1.65492e+06 1.0874 -4717.49 0 0.587038 0.948203 374281 0.737791 4717.49 0.0129359 
0.06205 0.0103264 2.02915e+06 0 0 1.66689e+06 1.0953 -4967.2 0 0.560639 0.940479 362258 0.714108 4967.2 0.0131229 
0.0657 0.0102628 2.0291e+06 0 0 1.67907e+06 1.10333 -5196.93 0 0.534551 0.932221 350032 0.690024 5196.93 0.0132525 
0.06935 0.0101996 2.02905e+06 0 0 1.6914e+06 1.11146 -5404.99 0 0.508854 0.923413 337651 0.665633 5404.99 0.0133259 
0.073 0.0101371 2.029e+06 0 0 1.70384e+06 1.11966 -5590.02 0 0.483619 0.914035 325162 0.641029 5590.02 0.0133451 
0.07665 0.0100755 2.02895e+06 0 0 1.71634e+06 1.1279 -5750.93 0 0.458914 0.904071 312614 0.616307 5750.93 0.0133124 
0.0803 0.010015 2.0289e+06 0 0 1.72885e+06 1.13615 -5886.98 0 0.434797 0.893505 300053 0.591558 5886.98 0.0132306 
0.08395 0.00995583 2.02885e+06 0 0 1.74132e+06 1.14438 -5997.71 0 0.411322 0.882323 287525 0.566873 5997.71 0.0131027 
0.0876 0.00989808 2.0288e+06 0 0 1.75373e+06 1.15255 -6083 0 0.388533 0.870511 275073 0.542336 6083 0.0129321 
0.09125 0.00984191 2.02875e+06 0 0 1.76601e+06 1.16066 -6143.03 0 0.366469 0.858059 262738 0.51803 6143.03 0.0127224 
0.0949 0.00978746 2.0287e+06 0 0 1.77814e+06 1.16866 -6178.25 0 0.345162 0.844958 250560 0.494031 6178.25 0.0124772 
0.09855 0.00973481 2.02865e+06 0 0 1.79008e+06 1.17653 -6189.35 0 0.324636 0.831202 238574 0.47041 6189.35 0.0122003 
0.1022 0.00968405 2.0286e+06 0 0 1.80179e+06 1.18426 -6177.27 0 0.304911 0.816789 226813 0.447232 6177.27 0.0118955 
0.10585 0.00963522 2.02855e+06 0 0 1.81324e+06 1.19182 -6143.14 0 0.285998 0.801718 215307 0.424554 6143.14 0.0115664 
0.1095 0.00958838 2.0285e+06 0 0 1.82442e+06 1.19919 -6088.23 0 0.267904 0.785993 204082 0.402429 6088.23 0.0112169 
0.11315 0.00954354 2.02845e+06 0 0 1.83529e+06 1.20637 -6013.96 0 0.250631 0.769622 193159 0.380901 6013.96 0.0108503 
0.1168 0.0095007 2.0284e+06 0 0 1.84584e+06 1.21333 -5921.81 0 0.234174 0.752615 182560 0.360007 5921.81 0.0104702 
0.12045 0.00945986 2.02835e+06 0 0 1.85605e+06 1.22007 -5813.35 0 0.218525 0.734987 172298 0.339779 5813.35 0.0100795 
0.1241 0.00942099 2.0283e+06 0 0 1.86591e+06 1.22659 -5690.13 0 0.20367 0.716757 162385 0.320239 5690.13 0.00968122 
0.12775 0.00938406 2.02825e+06 0 0 1.87542e+06 1.23287 -5553.71 0 0.189594 0.697944 152831 0.301404 5553.71 0.00927806 
0.1314 0.009349 2.0282e+06 0 0 1.88456e+06 1.23891 -5405.57 0 0.176275 0.678572 143638 0.283282 5405.57 0.00887235 
0.13505 0.00931577 2.02815e+06 0 0 1.89334e+06 1.24471 -5247.12 0 0.163687 0.658663 134807 0.265873 5247.12 0.00846613 
0.1387 0.00928427 2.0281e+06 0 0 1.90176e+06 1.25028 -5079.61 0 0.151802 0.638236 126335 0.24917 5079.61 0.00806109 
0.14235 0.0092544 2.02805e+06 0 0 1.90984e+06 1.25561 -4904.15 0 0.140588 0.617307 118213 0.233157 4904.15 0.00765852 
0.146 0.00922606 2.028e+06 0 0 1.91757e+06 1.26073 -4721.58 0 0.130004 0.595875 110427 0.217805 4721.58 0.00725926 
0.14965 0.00919909 2.02795e+06 0 0 1.92499e+06 1.26564 -4532.48 0 0.120008 0.573925 102956 0.203075 4532.48 0.00686359 
0.1533 0.00917333 2.0279e+06 0 0 1.93213e+06 1.27036 -4337.04 0 0.110546 0.551407 95773.3 0.188911 4337.04 0.0064712 
0.15695 0.00914856 2.02785e+06 0 0 1.93901e+06 1.27492 -4135.01 0 0.101558 0.528224 88840.1 0.17524 4135.01 0.006081 
0.1606 0.0091245 2.0278e+06 0 0 1.94569e+06 1.27935 -3925.52 0 0.0929672 0.504207 82106 0.161961 3925.52 0.00569094 
0.16425 0.00910081 2.02775e+06 0 0 1.95225e+06 1.28369 -3706.98 0 0.0846799 0.479079 75503.8 0.148941 3706.98 0.00529775 
0.1679 0.00907705 2.0277e+06 0 0 1.95876e+06 1.288 -3476.82 0 0.0765773 0.452401 68944 0.136004 3476.82 0.00489664 
0.17155 0.00905264 2.02765e+06 0 0 1.96534e+06 1.29236 -3231.27 0 0.0685062 0.423489 62307.4 0.122916 3231.27 0.00448076 
0.1752 0.00902682 2.0276e+06 0 0 1.97216e+06 1.29688 -2964.97 0 0.0602666 0.391283 55434.8 0.10936 2964.97 0.00404068 
0.17885 0.00899859 2.02755e+06 0 0 1.97944e+06 1.30169 -2670.58 0 0.0515938 0.354129 48113.3 0.0949191 2670.58 0.00356351 
0.1825 0.00896665 2.0275e+06 0 0 1.98744e+06 1.30699 -2338.2 0 0.0462283 0.309399 40058.1 0.0790296 2338.2 0.00325987 
0.18615 0.00891778 2.02745e+06 0 0 1.99907e+06 1.31467 -1812.33 0 0.12971 0.236072 28375.5 0.0559826 1812.33 0.00877133 
0.1898 0.008867 2.0274e+06 0 0 2.01103e+06 1.32257 -1226.08 0 0.0819985 0.147915 16369.8 0.0322972 1226.08 0.00650953 
0.19345 0.00883576 2.02735e+06 0 0 2.01845e+06 1.32748 -746.095 0 0.0443193 0.084974 8900.36 0.0175606 746.094 0.00401176 
0.1971 0.00881816 2.0273e+06 0 0 2.02265e+06 1.33028 -423.266 0 0.0228084 0.045834 4645.99 0.00916686 423.265 0.00227084 
0.20075 0.00880883 2.02725e+06 0 0 2.02489e+06 1.33178 -229.54 0 0.011356 0.0236919 2358.53 0.00465366 229.538 0.00121606 
0.2044 0.00880412 2.0272e+06 0 0 2.02603e+06 1.33256 -120.819 0 0.00552736 0.0119019 1173.65 0.0023158 120.815 0.000628175 
0.20805 0.00880185 2.02715e+06 0 0 2.02657e+06 1.33296 -62.2595 0 0.00264654 0.00586075 575.144 0.00113488 62.2513 0.000316645 
0.2117 0.00880083 2.0271e+06 0 0 2.02682e+06 1.33315 -31.5662 0 0.00125108 0.0028429 278.318 0.000549194 31.551 0.000156773 
0.21535 0.00880045 2.02705e+06 0 0 2.02692e+06 1.33325 -15.7999 0 0.000585144 0.00136233 133.215 0.000262874 15.7723 7.6522e-05 
0.219 0.00880037 2.027e+06 0 0 2.02694e+06 1.33329 -7.83845 0 0.000271135 0.000646042 63.1368 0.000124592 7.78944 3.69036e-05 
0.22265 0.00880045 2.02695e+06 0 0 2.02692e+06 1.33331 -3.88979 0 0.000124577 0.000303509 29.6534 5.85183e-05 3.80475 1.76084e-05 
0.2263 0.0088006 2.0269e+06 0 0 2.02689e+06 1.33332 -1.98388 0 5.67938e-05 0.000141366 13.81 2.72535e-05 1.83952 8.32054e-06 
0.22995 0.00880079 2.02685e+06 0 0 2.02684e+06 1.33333 -1.12072 0 2.57035e-05 6.53192e-05 6.3806 1.25922e-05 0.880897 3.89654e-06 
0.2336 0.00880099 2.0268e+06 0 0 2.0268e+06 1.33333 -0.808236 0 1.1553e-05 2.99545e-05 2.92597 5.77457e-06 0.418052 1.80948e-06 
0.23725 0.0088012 2.02675e+06 0 0 2.02675e+06 1.33333 -0.818699 0 5.15901e-06 1.36392e-05 1.33227 2.62936e-06 0.196715 8.33675e-07 
0.2409 0.00880142 2.0267e+06 0 0 2.0267e+06 1.33333 -1.06376 0 2.28954e-06 6.16844e-06 0.602527 1.18918e-06 0.0918203 3.81237e-07 
0.24455 0.00880163 2.02665e+06 0 0 2.02665e+06 1.33333 -1.53204 0 1.01008e-06 2.77182e-06 0.270748 5.34375e-07 0.0425321 1.7311e-07 
0.2482 0.00880185 2.0266e+06 0 0 2.0266e+06 1.33333 -2.25914 0 4.43072e-07 1.23788e-06 0.120914 2.38654e-07 0.0195585 7.8079e-08 
0.25185 0.00880207 2.02655e+06 0 0 2.02655e+06 1.33333 -3.31399 0 1.93249e-07 5.49544e-07 0.0536786 1.05951e-07 0.00893203 3.49928e-08 
0.2555 0.00880228 2.02651e+06 0 0 2.02651e+06 1.33333 -4.79289 0 8.37759e-08 2.42533e-07 0.0236902 4.67607e-08 0.00405232 1.55883e-08 
0.25915 0.0088025 2.02646e+06 0 0 2.02646e+06 1.33333 -6.81675 0 3.60455e-08 1.06381e-07 0.0103911 2.05109e-08 0.00182699 6.90458e-09 
0.2628 0.00880272 2.02641e+06 0 0 2.02641e+06 1.33333 -9.52873 0 1.53247e-08 4.63213e-08 0.0045246 8.93125e-09 0.000818828 3.04213e-09 
0.26645 0.00880294 2.02637e+06 0 0 2.02637e+06 1.33333 -13.0909 0 6.35867e-09 1.99541e-08 0.00194909 3.84745e-09 0.00036495 1.33401e-09 
0.2701 0.00880315 2.02632e+06 0 0 2.02632e+06 1.33333 -17.6786 0 2.47724e-09 8.41958e-09 0.000822412 1.62346e-09 0.000161846 5.82954e-10 
0.27375 0.00880337 2.02628e+06 0 0 2.02628e+06 1.33333 -23.4722 0 7.93044e-10 3.3849e-09 0.000330632 6.52687e-10 7.14693e-05 2.54221e-10 
0.2774 0.00880359 2.02625e+06 0 0 2.02625e+06 1.33333 -30.6455 0 8.68126e-11 2.1489e-09 0.000209901 4.14365e-10 0.000341712 -8.45509e-12 
0.28105 0.0088038 2.02621e+06 0 0 2.02621e+06 1.33333 -39.3499 0 0 0 0.000196767 3.88443e-10 1.03469e-05 0 
0.2847 0.00880402 2.02618e+06 0 0 2.02618e+06 1.33333 -49.6998 0 0 0 0.000196195 3.8732e-10 4.2598e-07 0 
0.28835 0.00880424 2.02616e+06 0 0 2.02616e+06 1.33333 -61.7501 0 0 0 0.000196208 3.8735e-10 -2.87376e-07 0 
0.292 0.00880446 2.02614e+06 0 0 2.02614e+06 1.33333 -75.4783 0 0 0 0.00019646 3.87852e-10 -6.71528e-07 0 
0.29565 0.00880467 2.02612e+06 0 0 2.02612e+06 1.33333 -90.7652 0 0 0 0.0001966 3.8813e-10 -3.09801e-07 0 
0.2993 0.00880489 2.02612e+06 0 0 2.02612e+06 1.33333 -107.38 0 0 0 0.00019651 3.87954e-10 2.72708e-07 0 
0.30295 0.00880511 2.02612e+06 0 0 2.02612e+06 1.33333 -124.97 0 0 0 0.000196241 3.87422e-10 6.89379e-07 0 
0.3066 0.00880533 2.02613e+06 0 0 2.02613e+06 1.33333 -143.058 0 0 0 0.000195916 3.8678e-10 7.84972e-07 0 
0.31025 0.00880554 2.02614e+06 0 0 2.02614e+06 1.33333 -161.048 0 0 0 0.000195646 3.86244e-10 6.21786e-07 0 
0.3139 0.00880576 2.02617e+06 0 0 2.02617e+06 1.33333 -178.244 0 0 0 0.000195483 3.85917e-10 3.50455e-07 0 
0.31755 0.00880598 2.0262e+06 0 0 2.0262e+06 1.33333 -193.873 0 0 0 0.000195427 3.858e-10 9.40589e-08 0 
0.3212 0.00880619 2.02623e+06 0 0 2.02623e+06 1.33333 -207.125 0 0 0 0.000195452 3.85843e-10 -9.59779e-08 0 
0.32485 0.00880641 2.02627e+06 0 0 2.02627e+06 1.33333 -217.192 0 0 0 0.000195533 3.85996e-10 -2.23519e-07 0 
0.3285 0.00880663 2.02631e+06 0 0 2.02631e+06 1.33333 -223.321 0 0 0 0.000195653 3.86224e-10 -3.11394e-07 0 
0.33215 0.00880685 2.02636e+06 0 0 2.02636e+06 1.33333 -224.862 0 0 0 0.0001958 3.86507e-10 -3.75784e-07 0 
0.3358 0.00880706 2.0264e+06 0 0 2.0264e+06 1.33333 -221.316 0 0 0 0.000195967 3.86828e-10 -4.19394e-07 0 
0.33945 0.00880728 2.02644e+06 0 0 2.02644e+06 1.33333 -212.374 0 0 0 0.000196142 3.87167e-10 -4.36677e-07 0 
0.3431 0.0088075 2.02647e+06 0 0 2.02647e+06 1.33333 -197.953 0 0 0 0.000196313 3.87497e-10 -4.2164e-07 0 
0.34675 0.00880772 2.02649e+06 0 0 2.02649e+06 1.33333 -178.208 0 0 0 0.000196465 3.87793e-10 -3.72687e-07 0 
0.3504 0.00880793 2.02651e+06 0 0 2.02651e+06 1.33333 -153.539 0 0 0 0.000196585 3.88028e-10 -2.93572e-07 0 
0.35405 0.00880815 2.02651e+06 0 0 2.02651e+06 1.33333 -124.574 0 0 0 0.000196665 3.88185e-10 -1.91955e-07 0 
0.3577 0.00880837 2.0265e+06 0 0 2.0265e+06 1.33333 -92.1445 0 0 0 0.000196698 3.88252e-10 -7.74049e-08 0 
0.36135 0.00880859 2.02648e+06 0 0 2.02648e+06 1.33333 -57.2411 0 0 0 0.000196682 3.88225e-10 4.01375e-08 0 
0.365 0.0088088 2.02644e+06 0 0 2.02644e+06 1.33333 -20.962 0 0 0 0.000196621 3.88111e-10 1.5123e-07 0 


0 0.0112 2.03e+06 0 0 1.5225e+06 1 0 0 0.987377 1.01407 507500 1 0 0.00221869 
0.00365 0.0111784 2.02995e+06 0 0 1.5255e+06 1.002 -172.122 0 0.97283 1.01288 504445 0.994006 172.122 0.00289503 
0.0073 0.0111534 2.0299e+06 0 0 1.52904e+06 1.00434 -362.265 0 0.95709 1.01146 500862 0.986969 362.265 0.0035821 
0.01095 0.0111251 2.02985e+06 0 0 1.53311e+06 1.00704 -569.273 0 0.940208 1.00981 496741 0.978872 569.273 0.00427439 
0.0146 0.0110936 2.0298e+06 0 0 1.53772e+06 1.0101 -791.84 0 0.922238 1.00791 492076 0.969703 791.84 0.00496664 
0.01825 0.0110589 2.02975e+06 0 0 1.54289e+06 1.01351 -1028.51 0 0.90324 1.00575 486865 0.959458 1028.51 0.00565353 
0.0219 0.0110212 2.0297e+06 0 0 1.54859e+06 1.01729 -1277.68 0 0.883282 1.00333 481108 0.948136 1277.68 0.00632983 
0.02555 0.0109805 2.02965e+06 0 0 1.55484e+06 1.02142 -1537.6 0 0.862433 1.00063 474809 0.935746 1537.6 0.00699052 
0.0292 0.010937 2.0296e+06 0 0 1.56162e+06 1.0259 -1806.39 0 0.840769 0.99763 467976 0.922302 1806.39 0.00763072 
0.03285 0.0108909 2.02955e+06 0 0 1.56893e+06 1.03072 -2082.07 0 0.818369 0.994323 460619 0.907825 2082.07 0.00824583 
0.0365 0.0108424 2.0295e+06 0 0 1.57675e+06 1.03589 -2362.52 0 0.795316 0.990693 452752 0.892343 2362.52 0.00883152 
0.04015 0.0107916 2.02945e+06 0 0 1.58506e+06 1.04137 -2645.55 0 0.771694 0.986726 444393 0.875889 2645.55 0.00938379 
0.0438 0.0107388 2.0294e+06 0 0 1.59384e+06 1.04716 -2928.92 0 0.74759 0.982406 435563 0.858506 2928.92 0.00989901 
0.04745 0.0106843 2.02935e+06 0 0 1.60306e+06 1.05325 -3210.33 0 0.723093 0.977718 426285 0.84024 3210.33 0.010374 
0.0511 0.0106283 2.0293e+06 0 0 1.61271e+06 1.05962 -3487.47 0 0.698293 0.972646 416588 0.821146 3487.47 0.0108059 
0.05475 0.010571 2.02925e+06 0 0 1.62275e+06 1.06624 -3758.08 0 0.673278 0.967172 406500 0.801282 3758.08 0.0111925 
0.0584 0.0105127 2.0292e+06 0 0 1.63314e+06 1.0731 -4019.92 0 0.648136 0.961281 396056 0.780714 4019.92 0.011532 
0.06205 0.0104536 2.02915e+06 0 0 1.64386e+06 1.08016 -4270.86 0 0.622955 0.954955 385290 0.75951 4270.86 0.0118232 
0.0657 0.0103941 2.0291e+06 0 0 1.65486e+06 1.08742 -4508.86 0 0.597817 0.948176 374239 0.737744 4508.86 0.0120651 
0.06935 0.0103342 2.02905e+06 0 0 1.66611e+06 1.09484 -4732.07 0 0.572805 0.940929 362943 0.715494 4732.07 0.0122576 
0.073 0.0102744 2.029e+06 0 0 1.67756e+06 1.10239 -4938.78 0 0.547997 0.933195 351441 0.692837 4938.78 0.012401 
0.07665 0.0102148 2.02895e+06 0 0 1.68917e+06 1.11005 -5127.52 0 0.523465 0.924958 339775 0.669854 5127.52 0.0124958 
0.0803 0.0101557 2.0289e+06 0 0 1.70091e+06 1.11779 -5297.01 0 0.49928 0.916201 327986 0.646629 5297.01 0.0125433 
0.08395 0.0100972 2.02885e+06 0 0 1.71273e+06 1.12559 -5446.22 0 0.475504 0.906909 316116 0.623243 5446.22 0.0125449 
0.0876 0.0100396 2.0288e+06 0 0 1.72459e+06 1.13341 -5574.39 0 0.452197 0.897067 304206 0.599776 5574.39 0.0125027 
0.09125 0.00998292 2.02875e+06 0 0 1.73645e+06 1.14123 -5680.98 0 0.42941 0.886661 292296 0.576309 5680.98 0.0124188 
0.0949 0.00992745 2.0287e+06 0 0 1.74827e+06 1.14903 -5765.71 0 0.407193 0.875678 280426 0.552918 5765.71 0.0122958 
0.09855 0.00987329 2.02865e+06 0 0 1.76002e+06 1.15677 -5828.57 0 0.385584 0.864106 268632 0.529677 5828.57 0.0121363 
0.1022 0.00982055 2.0286e+06 0 0 1.77165e+06 1.16445 -5869.76 0 0.364621 0.851937 256951 0.506657 5869.76 0.0119433 
0.10585 0.00976934 2.02855e+06 0 0 1.78313e+06 1.17203 -5889.68 0 0.344331 0.839163 245415 0.483923 5889.68 0.0117197 
0.1095 0.00971975 2.0285e+06 0 0 1.79444e+06 1.17949 -5888.96 0 0.324739 0.825778 234056 0.461536 5888.96 0.0114687 
0.11315 0.00967183 2.02845e+06 0 0 1.80555e+06 1.18682 -5868.37 0 0.305862 0.811778 222902 0.439551 5868.37 0.0111932 
0.1168 0.00962564 2.0284e+06 0 0 1.81642e+06 1.19399 -5828.85 0 0.287713 0.797163 211977 0.418018 5828.85 0.0108963 
0.12045 0.0095812 2.02835e+06 0 0 1.82705e+06 1.20101 -5771.43 0 0.270298 0.781934 201304 0.396981 5771.43 0.0105809 
0.1241 0.00953853 2.0283e+06 0 0 1.8374e+06 1.20784 -5697.22 0 0.253619 0.766095 190901 0.376475 5697.22 0.01025 
0.12775 0.00949762 2.02825e+06 0 0 1.84747e+06 1.21449 -5607.4 0 0.237673 0.749648 180783 0.356529 5607.4 0.00990617 
0.1314 0.00945847 2.0282e+06 0 0 1.85724e+06 1.22094 -5503.14 0 0.22245 0.7326 170960 0.337167 5503.14 0.00955188 
0.13505 0.00942102 2.02815e+06 0 0 1.86671e+06 1.2272 -5385.59 0 0.207936 0.714954 161441 0.3184 5385.59 0.00918933 
0.1387 0.00938522 2.0281e+06 0 0 1.87587e+06 1.23326 -5255.81 0 0.194112 0.69671 152226 0.300234 5255.81 0.00882044 
0.14235 0.00935099 2.02805e+06 0 0 1.88474e+06 1.23911 -5114.77 0 0.180951 0.677861 143312 0.28266 5114.77 0.00844675 
0.146 0.00931822 2.028e+06 0 0 1.89331e+06 1.24478 -4963.23 0 0.168421 0.658389 134690 0.265661 4963.23 0.00806934 
0.14965 0.00928678 2.02795e+06 0 0 1.90161e+06 1.25027 -4801.73 0 0.156478 0.638252 126342 0.249201 4801.73 0.00768881 
0.1533 0.00925648 2.0279e+06 0 0 1.90966e+06 1.25559 -4630.47 0 0.14507 0.617379 118240 0.233227 4630.47 0.00730505 
0.15695 0.00922709 2.02785e+06 0 0 1.9175e+06 1.26078 -4449.22 0 0.13413 0.595648 110347 0.217663 4449.22 0.00691718 
0.1606 0.00919831 2.0278e+06 0 0 1.92519e+06 1.26587 -4257.22 0 0.123573 0.572862 102607 0.2024 4257.22 0.0065233 
0.16425 0.00916974 2.02775e+06 0 0 1.93281e+06 1.2709 -4052.97 0 0.113288 0.548714 94944.7 0.187291 4052.97 0.0061202 
0.1679 0.00914088 2.0277e+06 0 0 1.94044e+06 1.27596 -3834.09 0 0.103132 0.522723 87259 0.172134 3834.09 0.00570302 
0.17155 0.00911104 2.02765e+06 0 0 1.94824e+06 1.28111 -3597.01 0 0.092918 0.494151 79412 0.156658 3597.01 0.00526477 
0.1752 0.00907935 2.0276e+06 0 0 1.95638e+06 1.2865 -3336.7 0 0.0823971 0.461855 71218.4 0.140498 3336.7 0.00479567 
0.17885 0.00904464 2.02755e+06 0 0 1.96512e+06 1.29228 -3046.27 0 0.0712391 0.424041 62429.7 0.123163 3046.27 0.00428239 
0.1825 0.00900539 2.0275e+06 0 0 1.97479e+06 1.29867 -2716.51 0 0.0642955 0.377833 52713.1 0.103996 2716.51 0.00395777 
0.18615 0.00894486 2.02745e+06 0 0 1.98905e+06 1.30808 -2195.98 0 0.177077 0.299644 38401 0.0757622 2195.98 0.0101121 
0.1898 0.00888112 2.0274e+06 0 0 2.00398e+06 1.31793 -1597.2 0 0.118749 0.201413 23416.9 0.0462009 1597.2 0.00816689 
0.19345 0.00883868 2.02735e+06 0 0 2.01403e+06 1.32457 -1028.68 0 0.0679201 0.123044 13319.4 0.0262794 1028.68 0.00544168 
0.1971 0.00881327 2.0273e+06 0 0 2.02009e+06 1.32859 -608.166 0 0.0365946 0.0697188 7208.91 0.0142237 608.166 0.00326795 
0.20075 0.00879913 2.02725e+06 0 0 2.02348e+06 1.33085 -340.082 0 0.0189169 0.0374662 3771.8 0.0074422 340.082 0.00182919 
0.2044 0.00879167 2.0272e+06 0 0 2.02527e+06 1.33207 -183.487 0 0.00950797 0.0194315 1927.77 0.00380381 183.487 0.000978253 
0.20805 0.0087879 2.02715e+06 0 0 2.02618e+06 1.3327 -96.6457 0 0.00468593 0.00983817 968.539 0.00191113 96.6457 0.000507758 
0.2117 0.00878609 2.0271e+06 0 0 2.02662e+06 1.33302 -50.0207 0 0.00227588 0.00489579 480.078 0.000947321 50.0207 0.000258131 
0.21535 0.00878529 2.02705e+06 0 0 2.02681e+06 1.33318 -25.5303 0 0.00109248 0.00240401 235.269 0.000464259 25.5302 0.000129191 
0.219 0.008785 2.027e+06 0 0 2.02689e+06 1.33326 -12.8756 0 0.000519209 0.00116746 114.141 0.000225242 12.8754 6.38407e-05 
0.22265 0.00878498 2.02695e+06 0 0 2.02689e+06 1.3333 -6.42413 0 0.000244574 0.000561478 54.8687 0.000108278 6.42382 3.12022e-05 
0.2263 0.00878507 2.0269e+06 0 0 2.02687e+06 1.33332 -3.17378 0 0.000114273 0.000267667 26.1509 5.16076e-05 3.17317 1.50999e-05 
0.22995 0.00878523 2.02685e+06 0 0 2.02684e+06 1.33333 -1.554 0 5.29884e-05 0.000126563 12.3637 2.43998e-05 1.55282 7.24092e-06 
0.2336 0.00878542 2.0268e+06 0 0 2.02679e+06 1.33333 -0.755393 0 2.4396e-05 5.93851e-05 5.80092 1.14484e-05 0.753166 3.44275e-06 
0.23725 0.00878563 2.02675e+06 0 0 2.02675e+06 1.33333 -0.366338 0 1.11563e-05 2.76624e-05 2.70208 5.33284e-06 0.362235 1.62376e-06 
0.2409 0.00878584 2.0267e+06 0 0 2.0267e+06 1.33333 -0.180225 0 5.06911e-06 1.27967e-05 1.24998 2.46702e-06 0.17282 7.60022e-07 
0.24455 0.00878605 2.02665e+06 0 0 2.02665e+06 1.33333 -0.0949167 0 2.28918e-06 5.88087e-06 0.574437 1.13377e-06 0.0818203 3.53173e-07 
0.2482 0.00878627 2.0266e+06 0 0 2.0266e+06 1.33333 -0.061164 0 1.02771e-06 2.68563e-06 0.262328 5.1777e-07 0.0384542 1.62989e-07 
0.25185 0.00878648 2.02655e+06 0 0 2.02655e+06 1.33333 -0.0565774 0 4.58751e-07 1.21903e-06 0.119074 2.35027e-07 0.0179467 7.47268e-08 
0.2555 0.0087867 2.0265e+06 0 0 2.0265e+06 1.33333 -0.0728124 0 2.03612e-07 5.50087e-07 0.0537316 1.06058e-07 0.00831987 3.40471e-08 
0.25915 0.00878692 2.02645e+06 0 0 2.02645e+06 1.33333 -0.109545 0 8.98204e-08 2.46778e-07 0.0241049 4.75805e-08 0.00383239 1.54205e-08 
0.2628 0.00878713 2.0264e+06 0 0 2.0264e+06 1.33333 -0.171956 0 3.9324e-08 1.10028e-07 0.0107474 2.12147e-08 0.00175457 6.94497e-09 
0.26645 0.00878735 2.02635e+06 0 0 2.02635e+06 1.33333 -0.270061 0 1.70155e-08 4.86981e-08 0.00475675 9.38979e-09 0.000798642 3.11141e-09 
0.2701 0.00878757 2.0263e+06 0 0 2.0263e+06 1.33333 -0.419075 0 7.18963e-09 2.13209e-08 0.00208259 4.11111e-09 0.000361554 1.38749e-09 
0.27375 0.00878778 2.02625e+06 0 0 2.02625e+06 1.33333 -0.640379 0 2.87008e-09 9.1483e-09 0.000893592 1.76403e-09 0.000162864 6.16321e-10 
0.2774 0.008788 2.0262e+06 0 0 2.0262e+06 1.33333 -0.962878 0 9.60686e-10 3.74551e-09 0.000365855 7.22249e-10 7.30625e-05 2.73339e-10 
0.28105 0.00878822 2.02615e+06 0 0 2.02615e+06 1.33333 -1.42406 0 1.3928e-10 0 0.000191076 3.77219e-10 -0.00047904 1.96549e-10 
0.2847 0.00878843 2.0261e+06 0 0 2.0261e+06 1.33333 -2.07423 0 0 0 0.000199132 3.93134e-10 1.95637e-05 0 
0.28835 0.00878865 2.02605e+06 0 0 2.02605e+06 1.33333 -2.97289 0 0 0 0.000197204 3.89336e-10 3.7983e-06 0 
0.292 0.00878887 2.026e+06 0 0 2.026e+06 1.33333 -4.1952 0 0 0 0.000196145 3.87255e-10 2.42176e-06 0 
0.29565 0.00878909 2.02596e+06 0 0 2.02596e+06 1.33333 -5.82997 0 0 0 0.000195784 3.86551e-10 6.42555e-07 0 
0.2993 0.0087893 2.02591e+06 0 0 2.02591e+06 1.33333 -7.98005 0 0 0 0.000195832 3.86656e-10 -2.40744e-07 0 
0.30295 0.00878952 2.02586e+06 0 0 2.02586e+06 1.33333 -10.7609 0 0 0 0.00019602 3.87034e-10 -4.98354e-07 0 
0.3066 0.00878974 2.02582e+06 0 0 2.02582e+06 1.33333 -14.2977 0 0 0 0.000196169 3.87337e-10 -3.56501e-07 0 
0.31025 0.00878995 2.02578e+06 0 0 2.02578e+06 1.33333 -18.7207 0 0 0 0.000196213 3.87433e-10 -8.7318e-08 0 
0.3139 0.00879017 2.02574e+06 0 0 2.02574e+06 1.33333 -24.1585 0 0 0 0.000196176 3.87367e-10 1.01531e-07 0 
0.31755 0.00879039 2.0257e+06 0 0 2.0257e+06 1.33333 -30.7298 0 0 0 0.000196116 3.87256e-10 1.37978e-07 0 
0.3212 0.0087906 2.02567e+06 0 0 2.02567e+06 1.33333 -38.5327 0 0 0 0.000196081 3.87194e-10 6.36911e-08 0 
0.32485 0.00879082 2.02564e+06 0 0 2.02564e+06 1.33333 -47.6331 0 0 0 0.000196087 3.87211e-10 -3.6716e-08 0 
0.3285 0.00879104 2.02561e+06 0 0 2.02561e+06 1.33333 -58.0522 0 0 0 0.000196119 3.87279e-10 -9.63826e-08 0 
0.33215 0.00879125 2.02559e+06 0 0 2.02559e+06 1.33333 -69.7536 0 0 0 0.000196152 3.87348e-10 -9.04416e-08 0 
0.3358 0.00879147 2.02557e+06 0 0 2.02557e+06 1.33333 -82.6321 0 0 0 0.000196162 3.87372e-10 -2.99189e-08 0 
0.33945 0.00879169 2.02556e+06 0 0 2.02556e+06 1.33333 -96.5044 0 0 0 0.000196138 3.87326e-10 5.65509e-08 0 
0.3431 0.00879191 2.02556e+06 0 0 2.02556e+06 1.33333 -111.103 0 0 0 0.00019608 3.87212e-10 1.39141e-07 0 
0.34675 0.00879212 2.02556e+06 0 0 2.02556e+06 1.33333 -126.076 0 0 0 0.000195996 3.87047e-10 1.96063e-07 0 
0.3504 0.00879234 2.02556e+06 0 0 2.02556e+06 1.33333 -140.988 0 0 0 0.000195903 3.86861e-10 2.16327e-07 0 
0.35405 0.00879256 2.02558e+06 0 0 2.02558e+06 1.33333 -155.337 0 0 0 0.000195815 3.86684e-10 1.98671e-07 0 
0.3577 0.00879277 2.0256e+06 0 0 2.0256e+06 1.33333 -168.561 0 0 0 0.000195746 3.86544e-10 1.4891e-07 0 
0.36135 0.00879299 2.02562e+06 0 0 2.02562e+06 1.33333 -180.072 0 0 0 0.000195705 3.8646e-10 7.69686e-08 0 
0.365 0.00879321 2.02565e+06 0 0 2.02565e+06 1.33333 -189.272 0 0 0 0.000195699 3.86442e-10 -5.73515e-09 0 


0 0.0112 2.03e+06 0 0 1.5225e+06 1 0 0 0.996484 1.01407 507500 1 0 0.00148723 
0.00365 0.0111837 2.02995e+06 0 0 1.52476e+06 1.00151 -128.247 0 0.984992 1.01317 505189 0.99547 128.247 0.00203792 
0.0073 0.0111645 2.0299e+06 0 0 1.52747e+06 1.00331 -272.717 0 0.972382 1.01208 502434 0.990066 272.717 0.00260708 
0.01095 0.0111425 2.02985e+06 0 0 1.53063e+06 1.00541 -432.754 0 0.958681 1.0108 499223 0.983763 432.754 0.00319043 
0.0146 0.0111176 2.0298e+06 0 0 1.53426e+06 1.00782 -607.571 0 0.943919 1.00932 495544 0.976538 607.571 0.00378379 
0.01825 0.0110898 2.02975e+06 0 0 1.53836e+06 1.01054 -796.25 0 0.928133 1.00763 491390 0.968375 796.25 0.00438282 
0.0219 0.0110592 2.0297e+06 0 0 1.54295e+06 1.01358 -997.745 0 0.911366 1.00571 486753 0.959261 997.745 0.00498317 
0.02555 0.0110258 2.02965e+06 0 0 1.54802e+06 1.01694 -1210.88 0 0.893664 1.00355 481631 0.949191 1210.88 0.00558052 
0.0292 0.0109897 2.0296e+06 0 0 1.55358e+06 1.02061 -1434.36 0 0.87508 1.00115 476024 0.938163 1434.36 0.00617058 
0.03285 0.0109511 2.02955e+06 0 0 1.55962e+06 1.02461 -1666.77 0 0.855671 0.998495 469932 0.92618 1666.77 0.00674916 
0.0365 0.0109099 2.0295e+06 0 0 1.56614e+06 1.02892 -1906.56 0 0.835498 0.995565 463363 0.913255 1906.56 0.00731217 
0.04015 0.0108664 2.02945e+06 0 0 1.57313e+06 1.03353 -2152.12 0 0.814626 0.992352 456322 0.899401 2152.12 0.0078557 
0.0438 0.0108207 2.0294e+06 0 0 1.58058e+06 1.03845 -2401.72 0 0.793123 0.988842 448822 0.884641 2401.72 0.00837601 
0.04745 0.010773 2.02935e+06 0 0 1.58847e+06 1.04367 -2653.55 0 0.771062 0.985022 440877 0.869002 2653.55 0.00886962 
0.0511 0.0107235 2.0293e+06 0 0 1.5968e+06 1.04916 -2905.76 0 0.748516 0.980878 432503 0.852517 2905.76 0.0093333 
0.05475 0.0106723 2.02925e+06 0 0 1.60553e+06 1.05492 -3156.44 0 0.725561 0.976394 423720 0.835225 3156.44 0.00976416 
0.0584 0.0106197 2.0292e+06 0 0 1.61465e+06 1.06094 -3403.69 0 0.702273 0.971557 414551 0.81717 3403.69 0.0101596 
0.06205 0.0105659 2.02915e+06 0 0 1.62413e+06 1.0672 -3645.59 0 0.678732 0.966351 405019 0.798402 3645.59 0.0105175 
0.0657 0.0105111 2.0291e+06 0 0 1.63395e+06 1.07368 -3880.28 0 0.655013 0.960761 395154 0.778975 3880.28 0.010836 
0.06935 0.0104555 2.02905e+06 0 0 1.64407e+06 1.08035 -4105.93 0 0.631194 0.954771 384985 0.758946 4105.93 0.0111136 
0.073 0.0103994 2.029e+06 0 0 1.65446e+06 1.08721 -4320.83 0 0.607351 0.948366 374542 0.738378 4320.83 0.0113495 
0.07665 0.0103429 2.02895e+06 0 0 1.66509e+06 1.09422 -4523.35 0 0.583557 0.94153 363860 0.717337 4523.35 0.0115431 
0.0803 0.0102862 2.0289e+06 0 0 1.67593e+06 1.10137 -4712.01 0 0.559884 0.934247 352973 0.695891 4712.01 0.0116941 
0.08395 0.0102297 2.02885e+06 0 0 1.68693e+06 1.10863 -4885.48 0 0.536399 0.926501 341917 0.674109 4885.48 0.0118028 
0.0876 0.0101734 2.0288e+06 0 0 1.69807e+06 1.11598 -5042.6 0 0.513168 0.918277 330727 0.652063 5042.6 0.0118699 
0.09125 0.0101176 2.02875e+06 0 0 1.70931e+06 1.12339 -5182.41 0 0.490251 0.909561 319440 0.629826 5182.41 0.0118964 
0.0949 0.0100624 2.0287e+06 0 0 1.72061e+06 1.13084 -5304.12 0 0.467705 0.900338 308092 0.607467 5304.12 0.0118834 
0.09855 0.010008 2.02865e+06 0 0 1.73193e+06 1.13831 -5407.18 0 0.445582 0.890595 296720 0.585059 5407.18 0.0118328 
0.1022 0.00995454 2.0286e+06 0 0 1.74324e+06 1.14578 -5491.21 0 0.423928 0.880319 285358 0.562671 5491.21 0.0117462 
0.10585 0.00990216 2.02855e+06 0 0 1.75451e+06 1.15321 -5556.05 0 0.402786 0.869499 274041 0.540368 5556.05 0.0116258 
0.1095 0.00985097 2.0285e+06 0 0 1.7657e+06 1.16059 -5601.72 0 0.382192 0.858123 262800 0.518216 5601.72 0.0114738 
0.11315 0.00980108 2.02845e+06 0 0 1.77678e+06 1.16791 -5628.44 0 0.362178 0.846183 251667 0.496274 5628.44 0.0112926 
0.1168 0.00975256 2.0284e+06 0 0 1.78773e+06 1.17513 -5636.57 0 0.34277 0.833671 240668 0.474597 5636.57 0.0110846 
0.12045 0.00970548 2.02835e+06 0 0 1.79852e+06 1.18225 -5626.62 0 0.323988 0.820579 229831 0.453237 5626.62 0.0108523 
0.1241 0.00965989 2.0283e+06 0 0 1.80912e+06 1.18925 -5599.24 0 0.305848 0.806901 219178 0.432239 5599.24 0.0105982 
0.12775 0.00961582 2.02825e+06 0 0 1.81952e+06 1.19612 -5555.13 0 0.288358 0.792631 208728 0.411641 5555.13 0.0103247 
0.1314 0.00957328 2.0282e+06 0 0 1.8297e+06 1.20284 -5495.09 0 0.271522 0.777762 198497 0.391475 5495.09 0.010034 
0.13505 0.00953226 2.02815e+06 0 0 1.83965e+06 1.20941 -5419.92 0 0.255336 0.762286 188498 0.371764 5419.92 0.00972839 
0.1387 0.00949272 2.0281e+06 0 0 1.84936e+06 1.21583 -5330.41 0 0.23979 0.746188 178737 0.35252 5330.41 0.00940964 
0.14235 0.00945461 2.02805e+06 0 0 1.85884e+06 1.22208 -5227.28 0 0.224866 0.729447 169213 0.333746 5227.28 0.00907935 
0.146 0.00941783 2.028e+06 0 0 1.86808e+06 1.22819 -5111.15 0 0.210537 0.712029 159922 0.315429 5111.15 0.00873872 
0.14965 0.00938224 2.02795e+06 0 0 1.8771e+06 1.23415 -4982.42 0 0.196762 0.693877 150848 0.297538 4982.42 0.00838844 
0.1533 0.00934767 2.0279e+06 0 0 1.88593e+06 1.23999 -4841.25 0 0.183491 0.674902 141965 0.280024 4841.25 0.00802858 
0.15695 0.00931387 2.02785e+06 0 0 1.89462e+06 1.24573 -4687.43 0 0.17065 0.654969 133233 0.262806 4687.43 0.0076584 
0.1606 0.00928051 2.0278e+06 0 0 1.90321e+06 1.25141 -4520.26 0 0.158147 0.633862 124593 0.24577 4520.26 0.00727614 
0.16425 0.00924715 2.02775e+06 0 0 1.91179e+06 1.25708 -4338.45 0 0.145854 0.611259 115964 0.228754 4338.45 0.00687872 
0.1679 0.00921322 2.0277e+06 0 0 1.92047e+06 1.26282 -4139.85 0 0.133606 0.586662 107232 0.211534 4139.85 0.00646141 
0.17155 0.00917796 2.02765e+06 0 0 1.92941e+06 1.26873 -3921.34 0 0.121178 0.559314 98242.8 0.193806 3921.34 0.0060173 
0.1752 0.00914036 2.0276e+06 0 0 1.93881e+06 1.27495 -3678.48 0 0.108275 0.528042 88787.4 0.175158 3678.48 0.00553673 
0.17885 0.00909913 2.02755e+06 0 0 1.94896e+06 1.28166 -3405.24 0 0.0944985 0.49101 78584.8 0.155034 3405.24 0.00500647 
0.1825 0.00905256 2.0275e+06 0 0 1.96024e+06 1.2891 -3093.65 0 0.0859142 0.445251 67259.1 0.132694 3093.65 0.00467801 
0.18615 0.00898057 2.02745e+06 0 0 1.97702e+06 1.30017 -2613.74 0 0.23053 0.366237 50432.3 0.0994989 2613.74 0.0112003 
0.1898 0.00890386 2.0274e+06 0 0 1.99489e+06 1.31195 -2043.59 0 0.16384 0.263271 32508.4 0.0641381 2043.59 0.00982744 
0.19345 0.00884835 2.02735e+06 0 0 2.00798e+06 1.3206 -1399.01 0 0.0992931 0.171306 19365.9 0.0382093 1399.01 0.00711153 
0.1971 0.00881286 2.0273e+06 0 0 2.01643e+06 1.32619 -864.649 0 0.0560854 0.10224 10868.6 0.0214444 864.649 0.00455484 
0.20075 0.00879211 2.02725e+06 0 0 2.0214e+06 1.32948 -498.656 0 0.0301032 0.0571953 5852.41 0.0115475 498.656 0.0026723 
0.2044 0.00878071 2.0272e+06 0 0 2.02414e+06 1.33132 -275.175 0 0.0156036 0.030609 3064.28 0.00604634 275.175 0.00147958 
0.20805 0.00877473 2.02715e+06 0 0 2.02558e+06 1.3323 -147.624 0 0.00789765 0.0159039 1573.33 0.00310451 147.624 0.000789227 
0.2117 0.00877173 2.0271e+06 0 0 2.0263e+06 1.33281 -77.6932 0 0.00393005 0.00809755 796.072 0.00157086 77.6932 0.000410724 
0.21535 0.00877029 2.02705e+06 0 0 2.02665e+06 1.33307 -40.3098 0 0.00193046 0.00406208 398.061 0.000785499 40.3098 0.000210039 
0.219 0.00876968 2.027e+06 0 0 2.0268e+06 1.3332 -20.6713 0 0.000938187 0.00201385 197.025 0.000388801 20.6713 0.00010597 
0.22265 0.00876948 2.02695e+06 0 0 2.02685e+06 1.33327 -10.4922 0 0.000451742 0.000988465 96.6276 0.000190686 10.4922 5.28658e-05 
0.2263 0.00876949 2.0269e+06 0 0 2.02685e+06 1.3333 -5.27538 0 0.0002157 0.000480857 46.9873 9.27273e-05 5.27538 2.61123e-05 
0.22995 0.0087696 2.02685e+06 0 0 2.02683e+06 1.33332 -2.62886 0 0.000102196 0.000232004 22.666 4.47314e-05 2.62886 1.27809e-05 
0.2336 0.00876977 2.0268e+06 0 0 2.02679e+06 1.33333 -1.29892 0 4.80671e-05 0.000111077 10.8507 2.14145e-05 1.29891 6.20274e-06 
0.23725 0.00876996 2.02675e+06 0 0 2.02674e+06 1.33333 -0.636572 0 2.24522e-05 5.27924e-05 5.15689 1.01777e-05 0.636561 2.98616e-06 
0.2409 0.00877017 2.0267e+06 0 0 2.0267e+06 1.33333 -0.309542 0 1.04186e-05 2.49168e-05 2.43388 4.80363e-06 0.309519 1.42667e-06 
0.24455 0.00877038 2.02665e+06 0 0 2.02665e+06 1.33333 -0.149412 0 4.80434e-06 1.1682e-05 1.14109 2.25217e-06 0.149366 6.76655e-07 
0.2482 0.00877059 2.0266e+06 0 0 2.0266e+06 1.33333 -0.0716488 0 2.20211e-06 5.44209e-06 0.531577 1.0492e-06 0.0715586 3.18704e-07 
0.25185 0.00877081 2.02655e+06 0 0 2.02655e+06 1.33333 -0.0342184 0 1.00351e-06 2.5197e-06 0.246121 4.85793e-07 0.0340439 1.49113e-07 
0.2555 0.00877103 2.0265e+06 0 0 2.0265e+06 1.33333 -0.0164191 0 4.54717e-07 1.15973e-06 0.113281 2.23599e-07 0.0160881 6.93226e-08 
0.25915 0.00877124 2.02645e+06 0 0 2.02645e+06 1.33333 -0.00817012 0 2.04874e-07 5.30703e-07 0.0518383 1.02323e-07 0.00755388 3.20322e-08 
0.2628 0.00877146 2.0264e+06 0 0 2.0264e+06 1.33333 -0.00465091 0 9.17394e-08 2.41451e-07 0.0235846 4.65546e-08 0.00352493 1.47153e-08 
0.26645 0.00877167 2.02635e+06 0 0 2.02635e+06 1.33333 -0.00365548 0 4.07662e-08 1.09176e-07 0.0106642 2.1051e-08 0.00163516 6.72284e-09 
0.2701 0.00877189 2.0263e+06 0 0 2.0263e+06 1.33333 -0.00431561 0 1.78987e-08 4.8998e-08 0.00478604 9.44785e-09 0.000754256 3.05565e-09 
0.27375 0.00877211 2.02625e+06 0 0 2.02625e+06 1.33333 -0.00651603 0 7.67766e-09 2.17491e-08 0.00212442 4.19379e-09 0.000346072 1.38234e-09 
0.2774 0.00877232 2.0262e+06 0 0 2.0262e+06 1.33333 -0.0106676 0 3.11269e-09 9.45635e-09 0.000923682 1.82348e-09 0.000158022 6.23081e-10 
0.28105 0.00877254 2.02615e+06 0 0 2.02615e+06 1.33333 -0.0176783 0 1.07119e-09 3.92431e-09 0.000383321 7.56747e-10 7.18567e-05 2.80196e-10 
0.2847 0.00877276 2.0261e+06 0 0 2.0261e+06 1.33333 -0.0295322 0 1.63062e-10 2.17693e-09 0.00021264 4.19801e-10 0.000512673 -1.60384e-11 
0.28835 0.00877297 2.02605e+06 0 0 2.02605e+06 1.33333 -0.0470616 0 0 0 0.000200042 3.9494e-10 -1.14399e-05 0 
0.292 0.00877319 2.026e+06 0 0 2.026e+06 1.33333 -0.075176 0 0 0 0.000198149 3.91213e-10 5.43586e-06 0 
0.29565 0.00877341 2.02595e+06 0 0 2.02595e+06 1.33333 -0.118207 0 0 0 0.000196948 3.88852e-10 2.50344e-06 0 
0.2993 0.00877362 2.0259e+06 0 0 2.0259e+06 1.33333 -0.183085 0 0 0 0.000196455 3.87888e-10 9.87433e-07 0 
0.30295 0.00877384 2.02585e+06 0 0 2.02585e+06 1.33333 -0.279382 0 0 0 0.00019635 3.87689e-10 1.34747e-07 0 
0.3066 0.00877406 2.0258e+06 0 0 2.0258e+06 1.33333 -0.420128 0 0 0 0.000196412 3.87822e-10 -2.0728e-07 0 
0.31025 0.00877427 2.02575e+06 0 0 2.02575e+06 1.33333 -0.622725 0 0 0 0.000196493 3.8799e-10 -2.076e-07 0 
0.3139 0.00877449 2.0257e+06 0 0 2.0257e+06 1.33333 -0.909982 0 0 0 0.000196514 3.88042e-10 -4.43473e-08 0 
0.31755 0.00877471 2.02565e+06 0 0 2.02565e+06 1.33333 -1.31122 0 0 0 0.000196469 3.87962e-10 1.16833e-07 0 
0.3212 0.00877492 2.0256e+06 0 0 2.0256e+06 1.33333 -1.86339 0 0 0 0.000196389 3.87813e-10 1.89773e-07 0 
0.32485 0.00877514 2.02555e+06 0 0 2.02555e+06 1.33333 -2.61214 0 0 0 0.00019631 3.87668e-10 1.75999e-07 0 
0.3285 0.00877536 2.0255e+06 0 0 2.0255e+06 1.33333 -3.61259 0 0 0 0.000196252 3.87562e-10 1.21764e-07 0 
0.33215 0.00877557 2.02546e+06 0 0 2.02546e+06 1.33333 -4.9299 0 0 0 0.000196215 3.87499e-10 7.10044e-08 0 
0.3358 0.00877579 2.02541e+06 0 0 2.02541e+06 1.33333 -6.63921 0 0 0 0.000196191 3.8746e-10 4.31047e-08 0 
0.33945 0.00877601 2.02536e+06 0 0 2.02536e+06 1.33333 -8.82485 0 0 0 0.000196171 3.87429e-10 3.55235e-08 0 
0.3431 0.00877622 2.02532e+06 0 0 2.02532e+06 1.33333 -11.5788 0 0 0 0.000196151 3.87398e-10 3.68447e-08 0 
0.34675 0.00877644 2.02527e+06 0 0 2.02527e+06 1.33333 -14.9978 0 0 0 0.000196131 3.87366e-10 3.74734e-08 0 
0.3504 0.00877666 2.02523e+06 0 0 2.02523e+06 1.33333 -19.1797 0 0 0 0.000196112 3.87337e-10 3.3486e-08 0 
0.35405 0.00877687 2.02519e+06 0 0 2.02519e+06 1.33333 -24.2181 0 0 0 0.000196096 3.87313e-10 2.55115e-08 0 
0.3577 0.00877709 2.02515e+06 0 0 2.02515e+06 1.33333 -30.1961 0 0 0 0.000196084 3.87297e-10 1.61981e-08 0 
0.36135 0.00877731 2.02512e+06 0 0 2.02512e+06 1.33333 -37.1788 0 0 0 0.000196075 3.87286e-10 8.43253e-09 0 
0.365 0.00877752 2.02509e+06 0 0 2.02509e+06 1.33333 -45.2054 0 0 0 0.000196068 3.87278e-10 4.62849e-09 0 


0 0.0112 2.03e+06 0 0 1.5225e+06 1 0 0 1.00259 1.01407 507500 1 0 0.00099692 
0.00365 0.0111877 2.02995e+06 0 0 1.52421e+06 1.00115 -95.9476 0 0.993565 1.01339 505743 0.996563 95.9476 0.00143873 
0.0073 0.011173 2.0299e+06 0 0 1.52628e+06 1.00253 -206.041 0 0.983527 1.01255 503619 0.992402 206.041 0.00190289 
0.01095 0.0111558 2.02985e+06 0 0 1.52874e+06 1.00417 -329.983 0 0.972483 1.01156 501112 0.987487 329.983 0.00238623 
0.0146 0.0111361 2.0298e+06 0 0 1.53159e+06 1.00607 -467.363 0 0.960445 1.0104 498209 0.981789 467.363 0.00288558 
0.01825 0.0111139 2.02975e+06 0 0 1.53485e+06 1.00824 -617.665 0 0.947431 1.00906 494896 0.975285 617.665 0.00339756 
0.0219 0.0110892 2.0297e+06 0 0 1.53854e+06 1.01068 -780.257 0 0.933463 1.00753 491165 0.967955 780.257 0.00391873 
0.02555 0.0110619 2.02965e+06 0 0 1.54264e+06 1.01341 -954.399 0 0.918569 1.00581 487006 0.959783 954.399 0.00444557 
0.0292 0.0110321 2.0296e+06 0 0 1.54719e+06 1.01641 -1139.24 0 0.902782 1.00389 482414 0.950758 1139.24 0.00497452 
0.03285 0.0109999 2.02955e+06 0 0 1.55216e+06 1.01971 -1333.82 0 0.88614 1.00174 477386 0.940872 1333.82 0.00550199 
0.0365 0.0109652 2.0295e+06 0 0 1.55758e+06 1.02329 -1537.07 0 0.868683 0.999369 471921 0.930122 1537.07 0.00602442 
0.04015 0.0109282 2.02945e+06 0 0 1.56343e+06 1.02716 -1747.82 0 0.85046 0.996757 466018 0.918511 1747.82 0.00653825 
0.0438 0.010889 2.0294e+06 0 0 1.56972e+06 1.03132 -1964.8 0 0.83152 0.993895 459682 0.906046 1964.8 0.00704003 
0.04745 0.0108477 2.02935e+06 0 0 1.57643e+06 1.03575 -2186.66 0 0.811917 0.990771 452919 0.892738 2186.66 0.00752638 
0.0511 0.0108044 2.0293e+06 0 0 1.58356e+06 1.04047 -2411.97 0 0.791709 0.987372 445738 0.878605 2411.97 0.00799408 
0.05475 0.0107593 2.02925e+06 0 0 1.5911e+06 1.04544 -2639.22 0 0.770957 0.983686 438150 0.863668 2639.22 0.00844006 
0.0584 0.0107124 2.0292e+06 0 0 1.59903e+06 1.05068 -2866.85 0 0.749724 0.979699 430168 0.847956 2866.85 0.00886147 
0.06205 0.0106641 2.02915e+06 0 0 1.60734e+06 1.05617 -3093.27 0 0.728075 0.975399 421809 0.831499 3093.27 0.00925568 
0.0657 0.0106143 2.0291e+06 0 0 1.61601e+06 1.06189 -3316.87 0 0.706078 0.970772 413091 0.814334 3316.87 0.00962034 
0.06935 0.0105635 2.02905e+06 0 0 1.62501e+06 1.06783 -3536.02 0 0.6838 0.965804 404037 0.796504 3536.02 0.00995337 
0.073 0.0105116 2.029e+06 0 0 1.63433e+06 1.07398 -3749.13 0 0.66131 0.96048 394668 0.778053 3749.13 0.010253 
0.07665 0.0104589 2.02895e+06 0 0 1.64394e+06 1.08032 -3954.64 0 0.638677 0.954786 385010 0.759032 3954.64 0.0105178 
0.0803 0.0104056 2.0289e+06 0 0 1.65381e+06 1.08684 -4151.05 0 0.615968 0.948709 375090 0.739494 4151.05 0.0107467 
0.08395 0.010352 2.02885e+06 0 0 1.66391e+06 1.0935 -4336.96 0 0.593249 0.942232 364937 0.719494 4336.96 0.010939 
0.0876 0.0102981 2.0288e+06 0 0 1.67422e+06 1.1003 -4511.05 0 0.570587 0.935342 354580 0.699093 4511.05 0.0110941 
0.09125 0.0102441 2.02875e+06 0 0 1.6847e+06 1.10722 -4672.11 0 0.548044 0.928024 344051 0.67835 4672.11 0.0112121 
0.0949 0.0101903 2.0287e+06 0 0 1.69532e+06 1.11422 -4819.11 0 0.52568 0.920264 333381 0.65733 4819.11 0.0112932 
0.09855 0.0101368 2.02865e+06 0 0 1.70605e+06 1.1213 -4951.11 0 0.503553 0.912048 322603 0.636093 4951.11 0.0113379 
0.1022 0.0100838 2.0286e+06 0 0 1.71685e+06 1.12843 -5067.38 0 0.481716 0.903362 311748 0.614705 5067.38 0.0113472 
0.10585 0.0100314 2.02855e+06 0 0 1.7277e+06 1.13559 -5167.31 0 0.460219 0.894192 300848 0.593228 5167.31 0.0113221 
0.1095 0.0099797 2.0285e+06 0 0 1.73856e+06 1.14276 -5250.48 0 0.439108 0.884526 289935 0.571723 5250.48 0.011264 
0.11315 0.00992891 2.02845e+06 0 0 1.74941e+06 1.14992 -5316.62 0 0.418424 0.874352 279039 0.55025 5316.62 0.0111745 
0.1168 0.00987911 2.0284e+06 0 0 1.76021e+06 1.15704 -5365.63 0 0.398203 0.863657 268188 0.528867 5365.63 0.0110552 
0.12045 0.00983039 2.02835e+06 0 0 1.77094e+06 1.16412 -5397.55 0 0.378477 0.852431 257411 0.507626 5397.55 0.010908 
0.1241 0.00978282 2.0283e+06 0 0 1.78157e+06 1.17114 -5412.56 0 0.359272 0.84066 246731 0.486577 5412.56 0.0107348 
0.12775 0.00973646 2.02825e+06 0 0 1.79208e+06 1.17808 -5410.93 0 0.340608 0.828333 236171 0.465763 5410.93 0.0105376 
0.1314 0.00969135 2.0282e+06 0 0 1.80245e+06 1.18493 -5393.04 0 0.322498 0.815437 225749 0.44522 5393.04 0.0103181 
0.13505 0.00964751 2.02815e+06 0 0 1.81267e+06 1.19167 -5359.33 0 0.304949 0.801953 215480 0.424979 5359.33 0.0100784 
0.1387 0.00960492 2.0281e+06 0 0 1.82273e+06 1.19831 -5310.26 0 0.28796 0.78786 205375 0.405058 5310.26 0.00981998 
0.14235 0.00956354 2.02805e+06 0 0 1.83261e+06 1.20484 -5246.29 0 0.27152 0.773127 195436 0.385465 5246.29 0.00954434 
0.146 0.00952329 2.028e+06 0 0 1.84234e+06 1.21127 -5167.79 0 0.255607 0.75771 185659 0.366192 5167.79 0.0092526 
0.14965 0.00948404 2.02795e+06 0 0 1.85192e+06 1.2176 -5075.03 0 0.240187 0.741543 176033 0.347213 5075.03 0.00894546 
0.1533 0.00944562 2.0279e+06 0 0 1.86137e+06 1.22384 -4968.09 0 0.225206 0.724531 166530 0.328477 4968.09 0.00862301 
0.15695 0.00940777 2.02785e+06 0 0 1.87074e+06 1.23003 -4846.76 0 0.21059 0.706527 157109 0.309903 4846.76 0.00828464 
0.1606 0.00937014 2.0278e+06 0 0 1.88009e+06 1.23621 -4710.46 0 0.196237 0.687316 147710 0.291371 4710.46 0.00792875 
0.16425 0.00933225 2.02775e+06 0 0 1.88951e+06 1.24243 -4558.13 0 0.182005 0.666572 138245 0.272705 4558.13 0.00755249 
0.1679 0.00929349 2.0277e+06 0 0 1.89911e+06 1.24878 -4388.04 0 0.167704 0.643804 128589 0.253665 4388.04 0.00715142 
0.17155 0.00925301 2.02765e+06 0 0 1.90907e+06 1.25536 -4197.68 0 0.153079 0.618269 118575 0.233917 4197.68 0.00671904 
0.1752 0.00920973 2.0276e+06 0 0 1.91963e+06 1.26233 -3983.52 0 0.137784 0.588825 107974 0.213009 3983.52 0.00624626 
0.17885 0.00916222 2.02755e+06 0 0 1.93107e+06 1.26989 -3740.84 0 0.121359 0.553681 96477.9 0.190334 3740.84 0.00572068 
0.1825 0.00910862 2.0275e+06 0 0 1.94382e+06 1.27831 -3463.53 0 0.111166 0.509942 83675 0.16508 3463.53 0.00540869 
0.18615 0.0090262 2.02745e+06 0 0 1.96282e+06 1.29083 -3062.89 0 0.288669 0.433859 64634.3 0.127518 3062.89 0.0119868 
0.1898 0.00893741 2.0274e+06 0 0 1.98337e+06 1.30437 -2569.51 0 0.216994 0.332019 44034.5 0.0868788 2569.51 0.0113731 
0.19345 0.00886735 2.02735e+06 0 0 1.99981e+06 1.31522 -1879.97 0 0.139535 0.230369 27536.6 0.0543303 1879.97 0.00897323 
0.1971 0.00881917 2.0273e+06 0 0 2.01125e+06 1.32277 -1222.07 0 0.0828437 0.145389 16053.8 0.0316753 1222.07 0.00617406 
0.20075 0.00878944 2.02725e+06 0 0 2.01835e+06 1.32748 -729.096 0 0.046243 0.0849432 8896.91 0.0175546 729.096 0.00381804 
0.2044 0.00877244 2.0272e+06 0 0 2.02244e+06 1.3302 -411.395 0 0.0247175 0.0469605 4764.61 0.00940135 411.395 0.00219357 
0.20805 0.00876322 2.02715e+06 0 0 2.02466e+06 1.33169 -224.218 0 0.0128304 0.025021 2493.53 0.00492026 224.218 0.00120189 
0.2117 0.00875842 2.0271e+06 0 0 2.02582e+06 1.33249 -119.544 0 0.00652739 0.0130088 1283.94 0.00253355 119.544 0.000638885 
0.21535 0.00875603 2.02705e+06 0 0 2.0264e+06 1.3329 -62.7858 0 0.00327253 0.00664954 652.963 0.0012885 62.7858 0.00033282 
0.219 0.0087549 2.027e+06 0 0 2.02667e+06 1.33312 -32.6016 0 0.00162199 0.00335599 328.683 0.00064861 32.6016 0.000170867 
0.22265 0.00875444 2.02695e+06 0 0 2.02679e+06 1.33323 -16.7668 0 0.0007962 0.00167634 163.96 0.000323561 16.7668 8.67145e-05 
0.2263 0.00875431 2.0269e+06 0 0 2.02682e+06 1.33328 -8.54861 0 0.000387509 0.000829859 81.1128 0.000160073 8.54861 4.35752e-05 
0.22995 0.00875435 2.02685e+06 0 0 2.02681e+06 1.33331 -4.32297 0 0.000187125 0.000407477 39.8146 7.85743e-05 4.32297 2.17031e-05 
0.2336 0.00875449 2.0268e+06 0 0 2.02678e+06 1.33332 -2.16892 0 8.96992e-05 0.000198559 19.398 3.8283e-05 2.16892 1.07202e-05 
0.23725 0.00875466 2.02675e+06 0 0 2.02674e+06 1.33333 -1.07988 0 4.2699e-05 9.60582e-05 9.38353 1.85194e-05 1.07988 5.25378e-06 
0.2409 0.00875486 2.0267e+06 0 0 2.0267e+06 1.33333 -0.533667 0 2.01911e-05 4.61504e-05 4.50807 8.89735e-06 0.533667 2.55554e-06 
0.24455 0.00875506 2.02665e+06 0 0 2.02665e+06 1.33333 -0.261827 0 9.48724e-06 2.20259e-05 2.15149 4.2464e-06 0.261827 1.23415e-06 
0.2482 0.00875527 2.0266e+06 0 0 2.0266e+06 1.33333 -0.127557 0 4.43064e-06 1.04452e-05 1.02028 2.01377e-06 0.127556 5.91898e-07 
0.25185 0.00875549 2.02655e+06 0 0 2.02655e+06 1.33333 -0.0617204 0 2.05702e-06 4.92296e-06 0.480869 9.49139e-07 0.06172 2.81992e-07 
0.2555 0.0087557 2.0265e+06 0 0 2.0265e+06 1.33333 -0.0296683 0 9.49588e-07 2.30651e-06 0.225297 4.44701e-07 0.0296675 1.3349e-07 
0.25915 0.00875592 2.02645e+06 0 0 2.02645e+06 1.33333 -0.0141714 0 4.35917e-07 1.07443e-06 0.104949 2.07158e-07 0.0141698 6.28043e-08 
0.2628 0.00875614 2.0264e+06 0 0 2.0264e+06 1.33333 -0.00672951 0 1.98978e-07 4.97666e-07 0.0486113 9.59559e-08 0.00672614 2.93741e-08 
0.26645 0.00875635 2.02635e+06 0 0 2.02635e+06 1.33333 -0.00318066 0 9.02639e-08 2.29197e-07 0.0223876 4.41931e-08 0.00317386 1.36609e-08 
0.2701 0.00875657 2.0263e+06 0 0 2.0263e+06 1.33333 -0.00150256 0 4.06252e-08 1.04903e-07 0.0102468 2.02275e-08 0.00148911 6.31918e-09 
0.27375 0.00875678 2.02625e+06 0 0 2.02625e+06 1.33333 -0.000720986 0 1.80613e-08 4.76492e-08 0.0046543 9.18801e-09 0.000694854 2.90832e-09 
0.2774 0.008757 2.0262e+06 0 0 2.0262e+06 1.33333 -0.000372451 0 7.83721e-09 2.13956e-08 0.00208989 4.12574e-09 0.000322572 1.3325e-09 
0.28105 0.00875722 2.02615e+06 0 0 2.02615e+06 1.33333 -0.000242616 0 3.21386e-09 9.40334e-09 0.000918503 1.8133e-09 0.000149041 6.082e-10 
0.2847 0.00875743 2.0261e+06 0 0 2.0261e+06 1.33333 -0.000241222 0 1.11502e-09 3.93559e-09 0.000384422 7.58941e-10 6.85947e-05 2.77125e-10 
0.28835 0.00875765 2.02605e+06 0 0 2.02605e+06 1.33333 -0.000833717 0 1.75077e-10 2.17918e-09 0.000212859 4.20244e-10 0.000520446 -1.72336e-11 
0.292 0.00875786 2.026e+06 0 0 2.026e+06 1.33333 -0.000550306 0 0 0 0.000199083 3.93055e-10 -9.11956e-06 0 
0.29565 0.00875808 2.02595e+06 0 0 2.02595e+06 1.33333 -0.000987144 0 0 0 0.000197673 3.90282e-10 3.79068e-06 0 
0.2993 0.0087583 2.0259e+06 0 0 2.0259e+06 1.33333 -0.00170401 0 0 0 0.00019672 3.88409e-10 2.00717e-06 0 
0.30295 0.00875851 2.02585e+06 0 0 2.02585e+06 1.33333 -0.00290301 0 0 0 0.000196054 3.87105e-10 1.52277e-06 0 
0.3066 0.00875873 2.0258e+06 0 0 2.0258e+06 1.33333 -0.00487405 0 0 0 0.00019564 3.86296e-10 9.09361e-07 0 
0.31025 0.00875894 2.02575e+06 0 0 2.02575e+06 1.33333 -0.00806615 0 0 0 0.000195409 3.85851e-10 4.89912e-07 0 
0.3139 0.00875916 2.0257e+06 0 0 2.0257e+06 1.33333 -0.0131593 0 0 0 0.000195274 3.85593e-10 2.8708e-07 0 
0.31755 0.00875938 2.02565e+06 0 0 2.02565e+06 1.33333 -0.0211671 0 0 0 0.000195189 3.85435e-10 1.78071e-07 0 
0.3212 0.00875959 2.0256e+06 0 0 2.0256e+06 1.33333 -0.0335773 0 0 0 0.000195159 3.85385e-10 4.48658e-08 0 
0.32485 0.00875981 2.02555e+06 0 0 2.02555e+06 1.33333 -0.0525382 0 0 0 0.000195207 3.85489e-10 -1.48778e-07 0 
0.3285 0.00876003 2.0255e+06 0 0 2.0255e+06 1.33333 -0.0811033 0 0 0 0.000195341 3.85764e-10 -3.58854e-07 0 
0.33215 0.00876024 2.02545e+06 0 0 2.02545e+06 1.33333 -0.123544 0 0 0 0.000195542 3.86171e-10 -5.1401e-07 0 
0.3358 0.00876046 2.0254e+06 0 0 2.0254e+06 1.33333 -0.185738 0 0 0 0.000195772 3.86633e-10 -5.68799e-07 0 
0.33945 0.00876067 2.02535e+06 0 0 2.02535e+06 1.33333 -0.275649 0 0 0 0.000195987 3.87068e-10 -5.23643e-07 0 
0.3431 0.00876089 2.0253e+06 0 0 2.0253e+06 1.33333 -0.403884 0 0 0 0.000196159 3.87418e-10 -4.12507e-07 0 
0.34675 0.00876111 2.02525e+06 0 0 2.02525e+06 1.33333 -0.584351 0 0 0 0.000196277 3.8766e-10 -2.78383e-07 0 
0.3504 0.00876132 2.0252e+06 0 0 2.0252e+06 1.33333 -0.834972 0 0 0 0.000196343 3.87799e-10 -1.54538e-07 0 
0.35405 0.00876154 2.02515e+06 0 0 2.02515e+06 1.33333 -1.17845 0 0 0 0.000196367 3.87856e-10 -5.78999e-08 0 
0.3577 0.00876176 2.0251e+06 0 0 2.0251e+06 1.33333 -1.64307 0 0 0 0.000196362 3.87856e-10 8.30869e-09 0 
0.36135 0.00876197 2.02505e+06 0 0 2.02505e+06 1.33333 -2.26337 0 0 0 0.000196339 3.8782e-10 4.85001e-08 0 
0.365 0.00876219 2.025e+06 0 0 2.025e+06 1.33333 -3.0808 0 0 0 0.000196306 3.87765e-10 6.94757e-08 0 


0 0.0112 2.03e+06 0 0 1.5225e+06 1 0 0 1.00668 1.01407 507500 1 0 0.000668255 
0.00365 0.0111907 2.02995e+06 0 0 1.52379e+06 1.00087 -72.0721 0 0.999626 1.01355 506159 0.997383 72.0721 0.00101889 
0.0073 0.0111794 2.0299e+06 0 0 1.52538e+06 1.00194 -156.21 0 0.991673 1.01291 504516 0.99417 156.21 0.00139309 
0.01095 0.011166 2.02985e+06 0 0 1.52729e+06 1.00322 -252.365 0 0.982817 1.01213 502555 0.99033 252.365 0.00178864 
0.0146 0.0111505 2.0298e+06 0 0 1.52954e+06 1.00472 -360.395 0 0.973055 1.01122 500261 0.985833 360.395 0.00220324 
0.01825 0.0111327 2.02975e+06 0 0 1.53213e+06 1.00645 -480.066 0 0.962391 1.01016 497619 0.98065 480.066 0.00263439 
0.0219 0.0111128 2.0297e+06 0 0 1.53508e+06 1.00841 -611.053 0 0.950833 1.00895 494617 0.974758 611.053 0.00307947 
0.02555 0.0110906 2.02965e+06 0 0 1.53841e+06 1.01062 -752.934 0 0.938392 1.00757 491244 0.968135 752.934 0.00353576 
0.0292 0.0110661 2.0296e+06 0 0 1.54211e+06 1.01308 -905.195 0 0.925087 1.00602 487491 0.960763 905.195 0.00400043 
0.03285 0.0110393 2.02955e+06 0 0 1.5462e+06 1.01579 -1067.23 0 0.910937 1.00428 483351 0.952627 1067.23 0.00447058 
0.0365 0.0110103 2.0295e+06 0 0 1.55068e+06 1.01876 -1238.32 0 0.895968 1.00236 478818 0.943715 1238.32 0.00494324 
0.04015 0.0109791 2.02945e+06 0 0 1.55556e+06 1.02199 -1417.68 0 0.880211 1.00023 473887 0.934021 1417.68 0.0054154 
0.0438 0.0109457 2.0294e+06 0 0 1.56084e+06 1.02549 -1604.42 0 0.863699 0.997888 468558 0.92354 1604.42 0.00588404 
0.04745 0.0109102 2.02935e+06 0 0 1.56652e+06 1.02924 -1797.55 0 0.846472 0.995325 462831 0.912274 1797.55 0.00634614 
0.0511 0.0108727 2.0293e+06 0 0 1.57259e+06 1.03326 -1996.02 0 0.82857 0.99253 456707 0.900226 1996.02 0.00679872 
0.05475 0.0108332 2.02925e+06 0 0 1.57906e+06 1.03753 -2198.67 0 0.810041 0.98949 450192 0.887406 2198.67 0.00723888 
0.0584 0.010792 2.0292e+06 0 0 1.58591e+06 1.04206 -2404.31 0 0.790931 0.986195 443293 0.873828 2404.31 0.00766379 
0.06205 0.010749 2.02915e+06 0 0 1.59313e+06 1.04683 -2611.66 0 0.771295 0.982633 436019 0.85951 2611.66 0.00807075 
0.0657 0.0107045 2.0291e+06 0 0 1.60072e+06 1.05184 -2819.39 0 0.751186 0.978791 428380 0.844473 2819.39 0.00845723 
0.06935 0.0106585 2.02905e+06 0 0 1.60866e+06 1.05708 -3026.15 0 0.73066 0.974657 420391 0.828745 3026.15 0.00882086 
0.073 0.0106112 2.029e+06 0 0 1.61693e+06 1.06255 -3230.55 0 0.709777 0.970219 412068 0.812357 3230.55 0.00915948 
0.07665 0.0105629 2.02895e+06 0 0 1.62552e+06 1.06822 -3431.22 0 0.688597 0.965463 403428 0.795343 3431.22 0.00947115 
0.0803 0.0105135 2.0289e+06 0 0 1.63441e+06 1.07409 -3626.76 0 0.66718 0.960378 394491 0.777743 3626.76 0.00975419 
0.08395 0.0104634 2.02885e+06 0 0 1.64357e+06 1.08013 -3815.83 0 0.645586 0.954948 385279 0.7596 3815.83 0.0100072 
0.0876 0.0104126 2.0288e+06 0 0 1.65299e+06 1.08635 -3997.11 0 0.623879 0.949161 375814 0.740959 3997.11 0.0102289 
0.09125 0.0103614 2.02875e+06 0 0 1.66263e+06 1.09271 -4169.36 0 0.602117 0.943003 366123 0.721869 4169.36 0.0104187 
0.0949 0.0103098 2.0287e+06 0 0 1.67247e+06 1.09921 -4331.41 0 0.58036 0.93646 356230 0.702382 4331.41 0.0105757 
0.09855 0.0102582 2.02865e+06 0 0 1.68249e+06 1.10582 -4482.17 0 0.558666 0.929519 346164 0.68255 4482.17 0.0106999 
0.1022 0.0102065 2.0286e+06 0 0 1.69265e+06 1.11252 -4620.67 0 0.53709 0.922166 335951 0.662429 4620.67 0.0107911 
0.10585 0.0101551 2.02855e+06 0 0 1.70293e+06 1.11931 -4746.06 0 0.515687 0.914388 325620 0.642074 4746.06 0.0108496 
0.1095 0.0101039 2.0285e+06 0 0 1.7133e+06 1.12615 -4857.6 0 0.494505 0.90617 315199 0.62154 4857.6 0.010876 
0.11315 0.0100533 2.02845e+06 0 0 1.72373e+06 1.13304 -4954.69 0 0.473592 0.897499 304716 0.600884 4954.69 0.010871 
0.1168 0.0100032 2.0284e+06 0 0 1.7342e+06 1.13995 -5036.86 0 0.452992 0.888362 294198 0.580158 5036.86 0.0108354 
0.12045 0.00995378 2.02835e+06 0 0 1.74468e+06 1.14686 -5103.77 0 0.432742 0.878745 283672 0.559415 5103.77 0.0107705 
0.1241 0.00990518 2.0283e+06 0 0 1.75514e+06 1.15377 -5155.2 0 0.412876 0.868633 273163 0.538704 5155.2 0.0106775 
0.12775 0.00985744 2.02825e+06 0 0 1.76556e+06 1.16064 -5191.07 0 0.393424 0.858011 262693 0.518068 5191.07 0.0105577 
0.1314 0.00981063 2.0282e+06 0 0 1.77592e+06 1.16748 -5211.37 0 0.374405 0.84686 252281 0.497546 5211.37 0.0104125 
0.13505 0.00976479 2.02815e+06 0 0 1.78621e+06 1.17428 -5216.19 0 0.355837 0.83516 241944 0.477171 5216.19 0.0102433 
0.1387 0.00971991 2.0281e+06 0 0 1.79641e+06 1.18101 -5205.67 0 0.337723 0.822884 231692 0.456964 5205.67 0.0100514 
0.14235 0.00967597 2.02805e+06 0 0 1.80652e+06 1.18769 -5179.99 0 0.320062 0.809996 221531 0.436935 5179.99 0.00983804 
0.146 0.00963291 2.028e+06 0 0 1.81654e+06 1.19431 -5139.3 0 0.302835 0.796447 211460 0.41708 5139.3 0.00960406 
0.14965 0.00959062 2.02795e+06 0 0 1.82649e+06 1.20088 -5083.71 0 0.28601 0.78217 201464 0.397374 5083.71 0.00935007 
0.1533 0.0095489 2.0279e+06 0 0 1.83638e+06 1.20741 -5013.23 0 0.269537 0.767064 191518 0.377767 5013.23 0.00907617 
0.15695 0.00950751 2.02785e+06 0 0 1.84627e+06 1.21394 -4927.67 0 0.253337 0.750986 181582 0.358176 4927.67 0.0087818 
0.1606 0.00946608 2.0278e+06 0 0 1.85621e+06 1.22051 -4826.63 0 0.2373 0.733726 171590 0.338475 4826.63 0.00846557 
0.16425 0.00942412 2.02775e+06 0 0 1.8663e+06 1.22717 -4709.34 0 0.221272 0.71497 161450 0.31848 4709.34 0.00812498 
0.1679 0.00938095 2.0277e+06 0 0 1.87667e+06 1.23402 -4574.65 0 0.205042 0.694255 151031 0.297936 4574.65 0.0077561 
0.17155 0.0093357 2.02765e+06 0 0 1.88749e+06 1.24117 -4420.87 0 0.188323 0.670881 140156 0.276489 4420.87 0.0073532 
0.1752 0.0092872 2.0276e+06 0 0 1.89902e+06 1.24878 -4245.7 0 0.170727 0.643781 128580 0.253659 4245.7 0.00690826 
0.17885 0.00923394 2.02755e+06 0 0 1.91157e+06 1.25707 -4046.14 0 0.151735 0.611288 115975 0.228798 4046.14 0.00641046 
0.1825 0.00917395 2.0275e+06 0 0 1.92559e+06 1.26632 -3818.49 0 0.140071 0.570722 101906 0.201048 3818.49 0.00613725 
0.18615 0.00908298 2.02745e+06 0 0 1.9463e+06 1.27997 -3535.16 0 0.349918 0.500655 81146.3 0.160095 3535.16 0.0124484 
0.1898 0.00898408 2.0274e+06 0 0 1.96902e+06 1.29494 -3168.33 0 0.277299 0.405394 58382.2 0.115186 3168.33 0.0126702 
0.19345 0.0088988 2.02735e+06 0 0 1.98891e+06 1.30805 -2490.79 0 0.189362 0.299861 38437.5 0.075838 2490.79 0.0109201 
0.1971 0.00883523 2.0273e+06 0 0 2.00394e+06 1.31797 -1718.65 0 0.118588 0.201028 23363.7 0.0460982 1718.65 0.00814031 
0.20075 0.00879347 2.02725e+06 0 0 2.0139e+06 1.32455 -1068.07 0 0.0690665 0.123314 13351.8 0.0263447 1068.07 0.00535289 
0.2044 0.00876851 2.0272e+06 0 0 2.01989e+06 1.32852 -617.868 0 0.0381255 0.070656 7311.58 0.0144269 617.868 0.00320847 
0.20805 0.00875453 2.02715e+06 0 0 2.02326e+06 1.33077 -341.832 0 0.0202893 0.0386332 3892.99 0.00768171 341.832 0.0018087 
0.2117 0.00874704 2.0271e+06 0 0 2.02507e+06 1.332 -184.091 0 0.0105362 0.0204881 2034.32 0.00401425 184.091 0.000981055 
0.21535 0.00874318 2.02705e+06 0 0 2.026e+06 1.33264 -97.4903 0 0.00537959 0.0106484 1048.98 0.00206997 97.4903 0.000519317 
0.219 0.00874127 2.027e+06 0 0 2.02646e+06 1.33298 -51.0402 0 0.00271249 0.00545666 535.316 0.00105637 51.0402 0.000270444 
0.22265 0.0087404 2.02695e+06 0 0 2.02668e+06 1.33316 -26.4862 0 0.00135399 0.00276619 270.791 0.000534382 26.4862 0.000139159 
0.2263 0.00874005 2.0269e+06 0 0 2.02676e+06 1.33324 -13.6395 0 0.000670042 0.00138975 135.898 0.00026819 13.6395 7.09116e-05 
0.22995 0.00873999 2.02685e+06 0 0 2.02678e+06 1.33329 -6.9738 0 0.000328996 0.000692671 67.6962 0.000133599 6.9738 3.58278e-05 
0.2336 0.00874006 2.0268e+06 0 0 2.02677e+06 1.33331 -3.54098 0 0.000160366 0.000342696 33.4831 6.60808e-05 3.54098 1.796e-05 
0.23725 0.00874021 2.02675e+06 0 0 2.02673e+06 1.33332 -1.78565 0 7.76309e-05 0.000168364 16.4477 3.24613e-05 1.78565 8.93621e-06 
0.2409 0.00874039 2.0267e+06 0 0 2.02669e+06 1.33333 -0.894377 0 3.73327e-05 8.21614e-05 8.02592 1.58404e-05 0.894377 4.41452e-06 
0.24455 0.00874059 2.02665e+06 0 0 2.02665e+06 1.33333 -0.444966 0 1.78397e-05 3.98353e-05 3.89118 7.68002e-06 0.444966 2.16571e-06 
0.2482 0.0087408 2.0266e+06 0 0 2.0266e+06 1.33333 -0.219916 0 8.47291e-06 1.9193e-05 1.87477 3.70032e-06 0.219916 1.05535e-06 
0.25185 0.00874101 2.02655e+06 0 0 2.02655e+06 1.33333 -0.107985 0 4.00052e-06 9.19126e-06 0.897794 1.77206e-06 0.107985 5.10933e-07 
0.2555 0.00874122 2.0265e+06 0 0 2.0265e+06 1.33333 -0.0526878 0 1.87811e-06 4.3757e-06 0.427413 8.43648e-07 0.0526878 2.45804e-07 
0.25915 0.00874144 2.02645e+06 0 0 2.02645e+06 1.33333 -0.0255482 0 8.76818e-07 2.07125e-06 0.202317 3.99353e-07 0.0255482 1.17534e-07 
0.2628 0.00874165 2.0264e+06 0 0 2.0264e+06 1.33333 -0.0123137 0 4.07108e-07 9.74966e-07 0.0952333 1.87985e-07 0.0123136 5.58695e-08 
0.26645 0.00874187 2.02635e+06 0 0 2.02635e+06 1.33333 -0.00590019 0 1.87957e-07 4.56396e-07 0.0445801 8.80008e-08 0.00590018 2.64067e-08 
0.2701 0.00874208 2.0263e+06 0 0 2.0263e+06 1.33333 -0.00281112 0 8.62336e-08 2.12438e-07 0.0207507 4.09627e-08 0.0028111 1.2413e-08 
0.27375 0.0087423 2.02625e+06 0 0 2.02625e+06 1.33333 -0.00133205 0 3.92443e-08 9.82691e-08 0.00959878 1.89489e-08 0.00133199 5.80457e-09 
0.2774 0.00874251 2.0262e+06 0 0 2.0262e+06 1.33333 -0.000627955 0 1.76294e-08 4.51003e-08 0.00440532 8.69672e-09 0.000627836 2.70112e-09 
0.28105 0.00874273 2.02615e+06 0 0 2.02615e+06 1.33333 -0.000294709 0 7.72152e-09 2.045e-08 0.00199752 3.94348e-09 0.000294461 1.25136e-09 
0.2847 0.00874295 2.0261e+06 0 0 2.0261e+06 1.33333 -0.000137993 0 3.18423e-09 9.06151e-09 0.000885115 1.74743e-09 0.000137484 5.7773e-10 
0.28835 0.00874316 2.02605e+06 0 0 2.02605e+06 1.33333 -6.49751e-05 0 1.10371e-09 3.81171e-09 0.000372322 7.3507e-10 6.39462e-05 2.66163e-10 
0.292 0.00874338 2.026e+06 0 0 2.026e+06 1.33333 -0.000501271 0 1.64039e-10 2.11669e-09 0.000206755 4.08204e-10 0.000499235 -1.61407e-11 
0.29565 0.00874359 2.02595e+06 0 0 2.02595e+06 1.33333 1.18469e-05 0 0 0 0.000196242 3.87456e-10 -1.5816e-05 0 
0.2993 0.00874381 2.0259e+06 0 0 2.0259e+06 1.33333 -8.18838e-06 0 0 0 0.000196345 3.8767e-10 5.77872e-07 0 
0.30295 0.00874402 2.02585e+06 0 0 2.02585e+06 1.33333 -1.45635e-05 0 0 0 0.000196224 3.87441e-10 1.96342e-07 0 
0.3066 0.00874424 2.0258e+06 0 0 2.0258e+06 1.33333 -2.67127e-05 0 0 0 0.000196208 3.87419e-10 6.87236e-09 0 
0.31025 0.00874446 2.02575e+06 0 0 2.02575e+06 1.33333 -4.8544e-05 0 0 0 0.000196337 3.87682e-10 -3.62243e-07 0 
0.3139 0.00874467 2.0257e+06 0 0 2.0257e+06 1.33333 -8.77415e-05 0 0 0 0.000196537 3.88086e-10 -5.09485e-07 0 
0.31755 0.00874489 2.02565e+06 0 0 2.02565e+06 1.33333 -0.000156548 0 0 0 0.000196706 3.88431e-10 -4.07167e-07 0 
0.3212 0.0087451 2.0256e+06 0 0 2.0256e+06 1.33333 -0.000275077 0 0 0 0.000196772 3.8857e-10 -1.38541e-07 0 
0.32485 0.00874532 2.02555e+06 0 0 2.02555e+06 1.33333 -0.000476055 0 0 0 0.000196712 3.88461e-10 1.69289e-07 0 
0.3285 0.00874554 2.0255e+06 0 0 2.0255e+06 1.33333 -0.000812055 0 0 0 0.00019655 3.88151e-10 4.04551e-07 0 
0.33215 0.00874575 2.02545e+06 0 0 2.02545e+06 1.33333 -0.00136626 0 0 0 0.000196336 3.87739e-10 5.14568e-07 0 
0.3358 0.00874597 2.0254e+06 0 0 2.0254e+06 1.33333 -0.00226828 0 0 0 0.000196119 3.87319e-10 5.10052e-07 0 
0.33945 0.00874618 2.02535e+06 0 0 2.02535e+06 1.33333 -0.00371701 0 0 0 0.000195928 3.86951e-10 4.37964e-07 0 
0.3431 0.0087464 2.0253e+06 0 0 2.0253e+06 1.33333 -0.00601327 0 0 0 0.000195773 3.86656e-10 3.47373e-07 0 
0.34675 0.00874662 2.02525e+06 0 0 2.02525e+06 1.33333 -0.00960554 0 0 0 0.000195653 3.86427e-10 2.67801e-07 0 
0.3504 0.00874683 2.0252e+06 0 0 2.0252e+06 1.33333 -0.015153 0 0 0 0.000195559 3.86251e-10 2.05519e-07 0 
0.35405 0.00874705 2.02515e+06 0 0 2.02515e+06 1.33333 -0.0236108 0 0 0 0.000195488 3.86121e-10 1.52042e-07 0 
0.3577 0.00874726 2.0251e+06 0 0 2.0251e+06 1.33333 -0.0363435 0 0 0 0.000195441 3.86036e-10 9.57009e-08 0 
0.36135 0.00874748 2.02505e+06 0 0 2.02505e+06 1.33333 -0.0552733 0 0 0 0.00019542 3.86005e-10 2.97963e-08 0 
0.365 0.0087477 2.025e+06 0 0 2.025e+06 1.33333 -0.0830694 0 0 0 0.00019543 3.86035e-10 -4.4673e-08 0 


0 0.0112 2.03e+06 0 0 1.5225e+06 1 0 0 1.00942 1.01407 507500 1 0 0.000447945 
0.00365 0.0111929 2.02995e+06 0 0 1.52348e+06 1.00067 -54.3513 0 1.00393 1.01367 506472 0.997999 54.3513 0.000723985 
0.0073 0.0111842 2.0299e+06 0 0 1.5247e+06 1.0015 -118.833 0 0.997646 1.01317 505198 0.995513 118.833 0.00102309 
0.01095 0.0111738 2.02985e+06 0 0 1.52619e+06 1.0025 -193.56 0 0.990571 1.01257 503661 0.992508 193.56 0.0013438 
0.0146 0.0111616 2.0298e+06 0 0 1.52795e+06 1.00368 -278.571 0 0.98269 1.01185 501845 0.988955 278.571 0.00168454 
0.01825 0.0111474 2.02975e+06 0 0 1.53001e+06 1.00506 -373.83 0 0.973994 1.01101 499737 0.984824 373.83 0.00204357 
0.0219 0.0111314 2.0297e+06 0 0 1.53238e+06 1.00664 -479.226 0 0.96448 1.01004 497322 0.98009 479.226 0.00241899 
0.02555 0.0111133 2.02965e+06 0 0 1.53506e+06 1.00842 -594.569 0 0.954149 1.00893 494589 0.974728 594.569 0.00280878 
0.0292 0.0110933 2.0296e+06 0 0 1.53807e+06 1.01043 -719.59 0 0.943006 1.00768 491526 0.968715 719.59 0.00321081 
0.03285 0.0110711 2.02955e+06 0 0 1.54143e+06 1.01266 -853.941 0 0.931057 1.00628 488123 0.962033 853.941 0.00362281 
0.0365 0.011047 2.0295e+06 0 0 1.54513e+06 1.01511 -997.191 0 0.918317 1.00471 484373 0.954664 997.191 0.00404244 
0.04015 0.0110208 2.02945e+06 0 0 1.54918e+06 1.0178 -1148.83 0 0.904802 1.00297 480267 0.946595 1148.83 0.00446725 
0.0438 0.0109925 2.0294e+06 0 0 1.5536e+06 1.02073 -1308.26 0 0.890531 1.00106 475801 0.937815 1308.26 0.00489474 
0.04745 0.0109622 2.02935e+06 0 0 1.55838e+06 1.02389 -1474.81 0 0.875529 0.998952 470970 0.928317 1474.81 0.00532236 
0.0511 0.01093 2.0293e+06 0 0 1.56353e+06 1.0273 -1647.72 0 0.859824 0.996648 465773 0.918096 1647.72 0.00574752 
0.05475 0.0108958 2.02925e+06 0 0 1.56904e+06 1.03095 -1826.17 0 0.843449 0.994136 460209 0.907151 1826.17 0.00616762 
0.0584 0.0108598 2.0292e+06 0 0 1.57492e+06 1.03484 -2009.24 0 0.826438 0.991406 454281 0.895487 2009.24 0.0065801 
0.06205 0.010822 2.02915e+06 0 0 1.58116e+06 1.03896 -2195.97 0 0.808831 0.988447 447991 0.88311 2195.97 0.0069824 
0.0657 0.0107825 2.0291e+06 0 0 1.58776e+06 1.04332 -2385.32 0 0.790668 0.98525 441345 0.87003 2385.32 0.00737206 
0.06935 0.0107414 2.02905e+06 0 0 1.5947e+06 1.04791 -2576.2 0 0.771996 0.981802 434350 0.856263 2576.2 0.00774669 
0.073 0.0106989 2.029e+06 0 0 1.60198e+06 1.05272 -2767.47 0 0.752862 0.978094 427017 0.841827 2767.47 0.00810402 
0.07665 0.010655 2.02895e+06 0 0 1.60959e+06 1.05775 -2957.96 0 0.733314 0.974112 419356 0.826745 2957.96 0.0084419 
0.0803 0.0106099 2.0289e+06 0 0 1.61752e+06 1.06299 -3146.48 0 0.713405 0.969846 411381 0.811042 3146.48 0.00875836 
0.08395 0.0105637 2.02885e+06 0 0 1.62574e+06 1.06842 -3331.82 0 0.693188 0.965284 403107 0.794749 3331.82 0.00905161 
0.0876 0.0105165 2.0288e+06 0 0 1.63425e+06 1.07403 -3512.78 0 0.672716 0.960412 394551 0.7779 3512.78 0.00932004 
0.09125 0.0104686 2.02875e+06 0 0 1.64302e+06 1.07982 -3688.16 0 0.652044 0.955219 385731 0.76053 3688.16 0.00956227 
0.0949 0.01042 2.0287e+06 0 0 1.65203e+06 1.08577 -3856.81 0 0.631227 0.949692 376669 0.742681 3856.81 0.00977715 
0.09855 0.0103709 2.02865e+06 0 0 1.66126e+06 1.09187 -4017.62 0 0.61032 0.943819 367385 0.724393 4017.62 0.00996374 
0.1022 0.0103214 2.0286e+06 0 0 1.6707e+06 1.0981 -4169.54 0 0.589377 0.937585 357902 0.705713 4169.54 0.0101214 
0.10585 0.0102718 2.02855e+06 0 0 1.68031e+06 1.10444 -4311.58 0 0.568449 0.930978 348244 0.686686 4311.58 0.0102496 
0.1095 0.010222 2.0285e+06 0 0 1.69007e+06 1.11088 -4442.84 0 0.547589 0.923984 338434 0.667359 4442.84 0.0103482 
0.11315 0.0101724 2.02845e+06 0 0 1.69995e+06 1.11741 -4562.52 0 0.526845 0.916591 328498 0.647781 4562.52 0.0104172 
0.1168 0.0101229 2.0284e+06 0 0 1.70994e+06 1.124 -4669.9 0 0.506263 0.908783 318459 0.628 4669.9 0.0104569 
0.12045 0.0100738 2.02835e+06 0 0 1.72001e+06 1.13065 -4764.38 0 0.485884 0.900546 308341 0.608063 4764.38 0.0104676 
0.1241 0.010025 2.0283e+06 0 0 1.73013e+06 1.13733 -4845.46 0 0.465749 0.891864 298167 0.588014 4845.46 0.0104499 
0.12775 0.00997682 2.02825e+06 0 0 1.74029e+06 1.14403 -4912.74 0 0.445889 0.882721 287959 0.567897 4912.74 0.0104047 
0.1314 0.00992918 2.0282e+06 0 0 1.75046e+06 1.15075 -4965.94 0 0.426333 0.873098 277735 0.547747 4965.94 0.0103326 
0.13505 0.00988217 2.02815e+06 0 0 1.76064e+06 1.15747 -5004.84 0 0.4071 0.86297 267511 0.527596 5004.84 0.0102346 
0.1387 0.00983582 2.0281e+06 0 0 1.7708e+06 1.16418 -5029.32 0 0.388203 0.852309 257298 0.507465 5029.32 0.0101116 
0.14235 0.0097901 2.02805e+06 0 0 1.78095e+06 1.17088 -5039.3 0 0.369642 0.841079 247101 0.487367 5039.3 0.00996438 
0.146 0.00974498 2.028e+06 0 0 1.79108e+06 1.17757 -5034.75 0 0.351405 0.829231 236919 0.467296 5034.75 0.00979356 
0.14965 0.00970033 2.02795e+06 0 0 1.80121e+06 1.18426 -5015.64 0 0.333461 0.816694 226739 0.447227 5015.64 0.00959957 
0.1533 0.009656 2.0279e+06 0 0 1.81136e+06 1.19096 -4981.94 0 0.315761 0.803375 216535 0.427112 4981.94 0.00938245 
0.15695 0.00961171 2.02785e+06 0 0 1.82158e+06 1.19771 -4933.53 0 0.298222 0.789136 206265 0.406865 4933.53 0.00914176 
0.1606 0.0095671 2.0278e+06 0 0 1.83194e+06 1.20455 -4870.21 0 0.28073 0.77378 195864 0.386357 4870.21 0.00887635 
0.16425 0.00952166 2.02775e+06 0 0 1.84252e+06 1.21153 -4791.66 0 0.263117 0.757018 185235 0.3654 4791.66 0.00858419 
0.1679 0.00947471 2.0277e+06 0 0 1.85346e+06 1.21876 -4697.38 0 0.245156 0.738425 174245 0.343729 4697.38 0.00826211 
0.17155 0.00942533 2.02765e+06 0 0 1.86494e+06 1.22634 -4586.7 0 0.226534 0.71737 162708 0.320978 4586.7 0.0079055 
0.1752 0.00937233 2.0276e+06 0 0 1.87723e+06 1.23445 -4458.8 0 0.206826 0.692893 150373 0.296653 4458.8 0.00750799 
0.17885 0.00931413 2.02755e+06 0 0 1.89065e+06 1.2433 -4312.74 0 0.185466 0.663511 136903 0.270087 4312.74 0.00706105 
0.1825 0.00924876 2.0275e+06 0 0 1.90565e+06 1.2532 -4147.65 0 0.172582 0.626853 121851 0.240397 4147.65 0.00684885 
0.18615 0.00915196 2.02745e+06 0 0 1.92741e+06 1.26754 -4012.52 0 0.412637 0.564966 100043 0.197376 4012.52 0.012583 
0.1898 0.00904593 2.0274e+06 0 0 1.95154e+06 1.28344 -3814.74 0 0.34317 0.48048 75860.8 0.149671 3814.74 0.0135868 
0.19345 0.00894621 2.02735e+06 0 0 1.97462e+06 1.29865 -3233.26 0 0.248769 0.377937 52733.7 0.104045 3233.26 0.0127704 
0.1971 0.00886497 2.0273e+06 0 0 1.9937e+06 1.31124 -2395.16 0 0.164951 0.270215 33599.8 0.0662948 2395.16 0.0103976 
0.20075 0.0088075 2.02725e+06 0 0 2.00736e+06 1.32025 -1568.67 0 0.100735 0.175284 19888.2 0.0392417 1568.67 0.0073577 
0.2044 0.00877128 2.0272e+06 0 0 2.01604e+06 1.326 -937.021 0 0.0576266 0.10472 11156 0.0220127 937.021 0.00464523 
0.20805 0.00875024 2.02715e+06 0 0 2.02111e+06 1.32936 -527.359 0 0.0314766 0.0589348 6039.13 0.0119165 527.359 0.00270745 
0.2117 0.00873868 2.0271e+06 0 0 2.0239e+06 1.33123 -286.481 0 0.0166732 0.0318878 3195.62 0.0063058 286.481 0.00149985 
0.21535 0.00873258 2.02705e+06 0 0 2.02538e+06 1.33224 -152.468 0 0.00865413 0.0168261 1665.79 0.00328712 152.468 0.000805479 
0.219 0.00872946 2.027e+06 0 0 2.02614e+06 1.33277 -80.1468 0 0.00442883 0.00873387 859.065 0.00169525 80.1468 0.000424289 
0.22265 0.00872794 2.02695e+06 0 0 2.02651e+06 1.33304 -41.7805 0 0.00224247 0.00448117 439.276 0.000866872 41.7805 0.000220619 
0.2263 0.00872727 2.0269e+06 0 0 2.02668e+06 1.33319 -21.6384 0 0.00112555 0.00227852 222.966 0.000440014 21.6384 0.000113613 
0.22995 0.00872702 2.02685e+06 0 0 2.02674e+06 1.33326 -11.1414 0 0.000560604 0.00114967 112.4 0.000221823 11.1414 5.80406e-05 
0.2336 0.00872701 2.0268e+06 0 0 2.02674e+06 1.3333 -5.70413 0 0.000277249 0.000576043 56.2927 0.000111097 5.70413 2.94371e-05 
0.23725 0.00872711 2.02675e+06 0 0 2.02672e+06 1.33331 -2.90371 0 0.000136198 0.000286726 28.0133 5.52871e-05 2.90371 1.48284e-05 
0.2409 0.00872726 2.0267e+06 0 0 2.02669e+06 1.33332 -1.46957 0 6.64782e-05 0.000141812 13.8535 2.73421e-05 1.46957 7.42024e-06 
0.24455 0.00872745 2.02665e+06 0 0 2.02664e+06 1.33333 -0.739373 0 3.22471e-05 6.97063e-05 6.80918 1.34393e-05 0.739373 3.68921e-06 
0.2482 0.00872765 2.0266e+06 0 0 2.0266e+06 1.33333 -0.369785 0 1.55486e-05 3.40572e-05 3.32674 6.56616e-06 0.369785 1.82261e-06 
0.25185 0.00872786 2.02655e+06 0 0 2.02655e+06 1.33333 -0.183843 0 7.45353e-06 1.65419e-05 1.61581 3.18928e-06 0.183843 8.94852e-07 
0.2555 0.00872807 2.0265e+06 0 0 2.0265e+06 1.33333 -0.0908586 0 3.55282e-06 7.98852e-06 0.780311 1.54021e-06 0.0908586 4.36685e-07 
0.25915 0.00872829 2.02645e+06 0 0 2.02645e+06 1.33333 -0.0446413 0 1.68419e-06 3.83627e-06 0.374722 7.39662e-07 0.0446413 2.11839e-07 
0.2628 0.0087285 2.0264e+06 0 0 2.0264e+06 1.33333 -0.0218071 0 7.94077e-07 1.83218e-06 0.178965 3.53267e-07 0.0218071 1.02172e-07 
0.26645 0.00872872 2.02635e+06 0 0 2.02635e+06 1.33333 -0.0105924 0 3.72385e-07 8.70332e-07 0.0850127 1.67814e-07 0.0105924 4.90017e-08 
0.2701 0.00872893 2.0263e+06 0 0 2.0263e+06 1.33333 -0.00511663 0 1.73653e-07 4.11204e-07 0.0401658 7.9289e-08 0.00511663 2.33736e-08 
0.27375 0.00872915 2.02625e+06 0 0 2.02625e+06 1.33333 -0.00245826 0 8.04649e-08 1.93197e-07 0.0188711 3.72533e-08 0.00245826 1.10906e-08 
0.2774 0.00872936 2.0262e+06 0 0 2.0262e+06 1.33333 -0.00117489 0 3.69698e-08 9.01991e-08 0.00881051 1.73932e-08 0.00117489 5.23599e-09 
0.28105 0.00872958 2.02615e+06 0 0 2.02615e+06 1.33333 -0.000558697 0 1.67541e-08 4.17688e-08 0.00407992 8.05452e-09 0.000558698 2.46028e-09 
0.2847 0.00872979 2.0261e+06 0 0 2.0261e+06 1.33333 -0.000264419 0 7.38628e-09 1.90925e-08 0.00186492 3.6818e-09 0.000264419 1.15119e-09 
0.28835 0.00873001 2.02605e+06 0 0 2.02605e+06 1.33333 -0.000124603 0 3.05278e-09 8.51198e-09 0.000831437 1.64149e-09 0.000124601 5.36792e-10 
0.292 0.00873022 2.026e+06 0 0 2.026e+06 1.33333 -5.85126e-05 0 1.04062e-09 3.58286e-09 0.000349968 6.90955e-10 5.85099e-05 2.49948e-10 
0.29565 0.00873044 2.02595e+06 0 0 2.02595e+06 1.33333 -0.000423922 0 1.33499e-10 2.1174e-09 0.000206825 4.08351e-10 0.000423915 -1.31024e-11 
0.2993 0.00873065 2.0259e+06 0 0 2.0259e+06 1.33333 9.5725e-06 0 0 0 0.000197363 3.8968e-10 -9.5912e-06 0 
0.30295 0.00873087 2.02585e+06 0 0 2.02585e+06 1.33333 -4.28526e-06 0 0 0 0.000196028 3.87052e-10 4.24798e-06 0 
0.3066 0.00873109 2.0258e+06 0 0 2.0258e+06 1.33333 -1.60418e-07 0 0 0 0.000195778 3.86569e-10 8.3391e-08 0 
0.31025 0.0087313 2.02575e+06 0 0 2.02575e+06 1.33333 4.98244e-07 0 0 0 0.000196001 3.8702e-10 -6.52011e-07 0 
0.3139 0.00873152 2.0257e+06 0 0 2.0257e+06 1.33333 6.83396e-07 0 0 0 0.000196393 3.87803e-10 -9.94123e-07 0 
0.31755 0.00873173 2.02565e+06 0 0 2.02565e+06 1.33333 5.12506e-07 0 0 0 0.000196851 3.88717e-10 -1.12424e-06 0 
0.3212 0.00873195 2.0256e+06 0 0 2.0256e+06 1.33333 -1.688e-07 0 0 0 0.000197271 3.89557e-10 -1.00441e-06 0 
0.32485 0.00873216 2.02555e+06 0 0 2.02555e+06 1.33333 -1.5335e-06 0 0 0 0.000197572 3.9016e-10 -6.95159e-07 0 
0.3285 0.00873238 2.0255e+06 0 0 2.0255e+06 1.33333 -3.85312e-06 0 0 0 0.000197718 3.90457e-10 -3.15104e-07 0 
0.33215 0.00873259 2.02545e+06 0 0 2.02545e+06 1.33333 -7.72292e-06 0 0 0 0.000197716 3.90464e-10 3.33696e-08 0 
0.3358 0.00873281 2.0254e+06 0 0 2.0254e+06 1.33333 -1.42884e-05 0 0 0 0.000197603 3.9025e-10 2.90644e-07 0 
0.33945 0.00873303 2.02535e+06 0 0 2.02535e+06 1.33333 -2.55717e-05 0 0 0 0.000197423 3.89905e-10 4.369e-07 0 
0.3431 0.00873324 2.0253e+06 0 0 2.0253e+06 1.33333 -4.50298e-05 0 0 0 0.00019722 3.89513e-10 4.808e-07 0 
0.34675 0.00873346 2.02525e+06 0 0 2.02525e+06 1.33333 -7.83958e-05 0 0 0 0.000197026 3.8914e-10 4.48577e-07 0 
0.3504 0.00873367 2.0252e+06 0 0 2.0252e+06 1.33333 -0.000135024 0 0 0 0.000196861 3.88824e-10 3.74418e-07 0 
0.35405 0.00873389 2.02515e+06 0 0 2.02515e+06 1.33333 -0.00023 0 0 0 0.00019673 3.88575e-10 2.91616e-07 0 
0.3577 0.0087341 2.0251e+06 0 0 2.0251e+06 1.33333 -0.000387289 0 0 0 0.000196628 3.88382e-10 2.25369e-07 0 
0.36135 0.00873432 2.02505e+06 0 0 2.02505e+06 1.33333 -0.000644515 0 0 0 0.000196542 3.88222e-10 1.88775e-07 0 
0.365 0.00873453 2.025e+06 0 0 2.025e+06 1.33333 -0.00105996 0 0 0 0.000196461 3.88071e-10 1.828e-07 0 


0 0.0112 2.03e+06 0 0 1.5225e+06 1 0 0 1.01126 1.01407 507500 1 0 0.000300267 
0.00365 0.0111946 2.02995e+06 0 0 1.52324e+06 1.00051 -41.1457 0 1.00699 1.01377 506709 0.998465 41.1457 0.000516285 
0.0073 0.0111879 2.0299e+06 0 0 1.52418e+06 1.00115 -90.6985 0 1.00204 1.01338 505717 0.996536 90.6985 0.000753826 
0.01095 0.0111798 2.02985e+06 0 0 1.52534e+06 1.00194 -148.872 0 0.996404 1.0129 504509 0.99418 148.872 0.00101202 
0.0146 0.0111702 2.0298e+06 0 0 1.52673e+06 1.00288 -215.822 0 0.990061 1.01234 503071 0.991371 215.822 0.00128989 
0.01825 0.0111589 2.02975e+06 0 0 1.52836e+06 1.00397 -291.643 0 0.982997 1.01167 501388 0.988077 291.643 0.00158629 
0.0219 0.011146 2.0297e+06 0 0 1.53025e+06 1.00524 -376.371 0 0.975199 1.01089 499445 0.984274 376.371 0.00189992 
0.02555 0.0111314 2.02965e+06 0 0 1.53242e+06 1.00669 -469.977 0 0.966661 1.01 497232 0.979936 469.977 0.00222938 
0.0292 0.011115 2.0296e+06 0 0 1.53487e+06 1.00832 -572.368 0 0.957376 1.00899 494734 0.975038 572.368 0.00257311 
0.03285 0.0110968 2.02955e+06 0 0 1.53761e+06 1.01015 -683.384 0 0.947345 1.00785 491942 0.96956 683.384 0.00292944 
0.0365 0.0110768 2.0295e+06 0 0 1.54065e+06 1.01217 -802.799 0 0.936568 1.00658 488846 0.96348 802.799 0.00329659 
0.04015 0.0110548 2.02945e+06 0 0 1.54401e+06 1.01441 -930.316 0 0.925052 1.00516 485435 0.956781 930.316 0.00367266 
0.0438 0.011031 2.0294e+06 0 0 1.5477e+06 1.01685 -1065.57 0 0.912806 1.00358 481703 0.949449 1065.57 0.00405567 
0.04745 0.0110054 2.02935e+06 0 0 1.55171e+06 1.01951 -1208.12 0 0.899842 1.00185 477643 0.941469 1208.12 0.00444354 
0.0511 0.0109778 2.0293e+06 0 0 1.55605e+06 1.02239 -1357.47 0 0.886177 0.99995 473249 0.932832 1357.47 0.00483414 
0.05475 0.0109484 2.02925e+06 0 0 1.56073e+06 1.02549 -1513.03 0 0.871831 0.99787 468519 0.923531 1513.03 0.00522527 
0.0584 0.0109172 2.0292e+06 0 0 1.56575e+06 1.02881 -1674.16 0 0.856828 0.995604 463449 0.91356 1674.16 0.00561469 
0.06205 0.0108843 2.02915e+06 0 0 1.57111e+06 1.03236 -1840.14 0 0.841193 0.993143 458039 0.902919 1840.14 0.00600017 
0.0657 0.0108496 2.0291e+06 0 0 1.57681e+06 1.03613 -2010.19 0 0.824957 0.990477 452291 0.891609 2010.19 0.00637945 
0.06935 0.0108132 2.02905e+06 0 0 1.58284e+06 1.04012 -2183.47 0 0.808154 0.987596 446207 0.879637 2183.47 0.00675029 
0.073 0.0107753 2.029e+06 0 0 1.58921e+06 1.04433 -2359.09 0 0.790819 0.984491 439790 0.867009 2359.09 0.00711052 
0.07665 0.0107359 2.02895e+06 0 0 1.5959e+06 1.04875 -2536.11 0 0.772991 0.981151 433049 0.853739 2536.11 0.00745801 
0.0803 0.0106952 2.0289e+06 0 0 1.60291e+06 1.05339 -2713.53 0 0.754712 0.977566 425989 0.839843 2713.53 0.00779071 
0.08395 0.0106531 2.02885e+06 0 0 1.61023e+06 1.05822 -2890.33 0 0.736026 0.973725 418622 0.825338 2890.33 0.0081067 
0.0876 0.0106099 2.0288e+06 0 0 1.61784e+06 1.06325 -3065.47 0 0.716977 0.969616 410957 0.810247 3065.47 0.00840415 
0.09125 0.0105656 2.02875e+06 0 0 1.62574e+06 1.06847 -3237.9 0 0.697612 0.965229 403010 0.794597 3237.9 0.00868141 
0.0949 0.0105204 2.0287e+06 0 0 1.63391e+06 1.07386 -3406.54 0 0.67798 0.960552 394793 0.778416 3406.54 0.00893696 
0.09855 0.0104744 2.02865e+06 0 0 1.64233e+06 1.07942 -3570.35 0 0.65813 0.955574 386323 0.761735 3570.35 0.00916946 
0.1022 0.0104277 2.0286e+06 0 0 1.65098e+06 1.08514 -3728.3 0 0.63811 0.950281 377618 0.744589 3728.3 0.00937777 
0.10585 0.0103805 2.02855e+06 0 0 1.65985e+06 1.091 -3879.39 0 0.617971 0.944662 368696 0.727014 3879.39 0.00956094 
0.1095 0.0103329 2.0285e+06 0 0 1.66892e+06 1.09698 -4022.66 0 0.597759 0.938703 359576 0.709049 4022.66 0.0097182 
0.11315 0.0102849 2.02845e+06 0 0 1.67817e+06 1.10309 -4157.23 0 0.577523 0.932393 350279 0.690733 4157.23 0.009849 
0.1168 0.0102369 2.0284e+06 0 0 1.68757e+06 1.1093 -4282.24 0 0.557307 0.925716 340825 0.672106 4282.24 0.00995298 
0.12045 0.0101888 2.02835e+06 0 0 1.69712e+06 1.1156 -4396.96 0 0.537156 0.918659 331234 0.653209 4396.96 0.01003 
0.1241 0.0101408 2.0283e+06 0 0 1.70677e+06 1.12197 -4500.68 0 0.517108 0.911206 321527 0.634081 4500.68 0.0100799 
0.12775 0.0100929 2.02825e+06 0 0 1.71653e+06 1.12841 -4592.83 0 0.4972 0.90334 311721 0.614759 4592.83 0.0101031 
0.1314 0.0100452 2.0282e+06 0 0 1.72637e+06 1.13491 -4672.9 0 0.47746 0.895041 301834 0.595275 4672.9 0.0100996 
0.13505 0.0099979 2.02815e+06 0 0 1.73627e+06 1.14145 -4740.46 0 0.457914 0.886286 291880 0.575657 4740.46 0.01007 
0.1387 0.00995088 2.0281e+06 0 0 1.74623e+06 1.14802 -4795.19 0 0.438575 0.877047 281868 0.555926 4795.19 0.0100146 
0.14235 0.00990419 2.02805e+06 0 0 1.75625e+06 1.15464 -4836.83 0 0.419448 0.867287 271804 0.53609 4836.83 0.00993386 
0.146 0.00985778 2.028e+06 0 0 1.76631e+06 1.16129 -4865.21 0 0.400523 0.856958 261685 0.516144 4865.21 0.00982815 
0.14965 0.00981155 2.02795e+06 0 0 1.77645e+06 1.16798 -4880.21 0 0.381771 0.845996 251497 0.496062 4880.21 0.00969768 
0.1533 0.00976533 2.0279e+06 0 0 1.78668e+06 1.17473 -4881.8 0 0.363141 0.834312 241216 0.475795 4881.8 0.00954246 
0.15695 0.00971888 2.02785e+06 0 0 1.79705e+06 1.18158 -4869.98 0 0.344551 0.82178 230798 0.455257 4869.98 0.00936214 
0.1606 0.00967183 2.0278e+06 0 0 1.80762e+06 1.18856 -4844.81 0 0.325879 0.808221 220178 0.434318 4844.81 0.00915593 
0.16425 0.00962367 2.02775e+06 0 0 1.81849e+06 1.19574 -4806.45 0 0.306952 0.793377 209258 0.412789 4806.45 0.00892242 
0.1679 0.00957371 2.0277e+06 0 0 1.82979e+06 1.2032 -4755.17 0 0.287527 0.776874 197906 0.390405 4755.17 0.00865941 
0.17155 0.00952104 2.02765e+06 0 0 1.84172e+06 1.21107 -4691.39 0 0.267271 0.758157 185935 0.366798 4691.39 0.00836376 
0.1752 0.00946445 2.0276e+06 0 0 1.85451e+06 1.21951 -4615.89 0 0.245735 0.736397 173093 0.341473 4615.89 0.00803122 
0.17885 0.0094024 2.02755e+06 0 0 1.86851e+06 1.22874 -4529.95 0 0.222315 0.710323 159044 0.313766 4529.95 0.00765622 
0.1825 0.0093329 2.0275e+06 0 0 1.88415e+06 1.23907 -4435.71 0 0.208568 0.677933 143345 0.282802 4435.71 0.00752422 
0.18615 0.00923365 2.02745e+06 0 0 1.90617e+06 1.25358 -4464.27 0 0.475224 0.625362 121276 0.239268 4464.27 0.0124051 
0.1898 0.00912429 2.0274e+06 0 0 1.93081e+06 1.26981 -4459.6 0 0.412424 0.55405 96592.8 0.190575 4459.6 0.0140193 
0.19345 0.00901283 2.02735e+06 0 0 1.95634e+06 1.28663 -4071.17 0 0.316662 0.461003 71011.4 0.140107 4071.17 0.0142773 
0.1971 0.00891312 2.0273e+06 0 0 1.97957e+06 1.30194 -3273.68 0 0.222981 0.352113 47733.1 0.0941806 3273.68 0.0127609 
0.20075 0.00883612 2.02725e+06 0 0 1.99777e+06 1.31394 -2296.89 0 0.143694 0.243484 29479.9 0.0581673 2296.89 0.00985213 
0.2044 0.00878419 2.0272e+06 0 0 2.01018e+06 1.32214 -1435.82 0 0.0856944 0.153081 17020.5 0.0335844 1435.82 0.00664789 
0.20805 0.00875266 2.02715e+06 0 0 2.01777e+06 1.32716 -827.931 0 0.0482053 0.0892365 9380.86 0.0185105 827.931 0.00404584 
0.2117 0.00873482 2.0271e+06 0 0 2.02208e+06 1.33003 -454.441 0 0.0260642 0.0493857 5020.71 0.00990717 454.441 0.00229892 
0.21535 0.0087252 2.02705e+06 0 0 2.02441e+06 1.3316 -242.615 0 0.0137373 0.0264485 2638.84 0.00520724 242.615 0.00125281 
0.219 0.00872019 2.027e+06 0 0 2.02563e+06 1.33243 -127.579 0 0.00712038 0.0138792 1370.79 0.00270507 127.579 0.000666084 
0.22265 0.00871766 2.02695e+06 0 0 2.02624e+06 1.33287 -66.5131 0 0.00364793 0.00718809 706.15 0.00139352 66.5131 0.000348866 
0.2263 0.00871645 2.0269e+06 0 0 2.02654e+06 1.3331 -34.4844 0 0.00185231 0.00368822 361.317 0.000713044 34.4844 0.000180911 
0.22995 0.00871594 2.02685e+06 0 0 2.02667e+06 1.33321 -17.8008 0 0.000933521 0.0018785 183.763 0.000362658 17.8008 9.31138e-05 
0.2336 0.00871578 2.0268e+06 0 0 2.02671e+06 1.33327 -9.15118 0 0.000467308 0.000950616 92.9248 0.000183392 9.15118 4.76197e-05 
0.23725 0.0087158 2.02675e+06 0 0 2.0267e+06 1.3333 -4.6847 0 0.000232449 0.000478174 46.725 9.22167e-05 4.6847 2.42091e-05 
0.2409 0.00871592 2.0267e+06 0 0 2.02668e+06 1.33332 -2.38749 0 0.000114922 0.000239135 23.3628 4.611e-05 2.38749 1.22366e-05 
0.24455 0.00871609 2.02665e+06 0 0 2.02664e+06 1.33333 -1.21098 0 5.64814e-05 0.000118912 11.6162 2.29269e-05 1.21098 6.14962e-06 
0.2482 0.00871628 2.0266e+06 0 0 2.02659e+06 1.33333 -0.611177 0 2.75992e-05 5.8798e-05 5.74357 1.13364e-05 0.611177 3.07288e-06 
0.25185 0.00871648 2.02655e+06 0 0 2.02655e+06 1.33333 -0.306873 0 1.34102e-05 2.89126e-05 2.82421 5.57441e-06 0.306873 1.52673e-06 
0.2555 0.00871669 2.0265e+06 0 0 2.0265e+06 1.33333 -0.153271 0 6.48002e-06 1.41395e-05 1.38114 2.72615e-06 0.153271 7.54242e-07 
0.25915 0.00871691 2.02645e+06 0 0 2.02645e+06 1.33333 -0.076146 0 3.1144e-06 6.8776e-06 0.671796 1.32606e-06 0.076146 3.70527e-07 
0.2628 0.00871712 2.0264e+06 0 0 2.0264e+06 1.33333 -0.0376281 0 1.48893e-06 3.32764e-06 0.325039 6.41609e-07 0.0376281 1.81019e-07 
0.26645 0.00871733 2.02635e+06 0 0 2.02635e+06 1.33333 -0.0184955 0 7.08113e-07 1.60164e-06 0.156446 3.08823e-07 0.0184955 8.79561e-08 
0.2701 0.00871755 2.0263e+06 0 0 2.0263e+06 1.33333 -0.00904332 0 3.34996e-07 7.66907e-07 0.0749103 1.47876e-07 0.00904332 4.25106e-08 
0.27375 0.00871776 2.02625e+06 0 0 2.02625e+06 1.33333 -0.00439879 0 1.57599e-07 3.65295e-07 0.0356814 7.04383e-08 0.0043988 2.04398e-08 
0.2774 0.00871798 2.0262e+06 0 0 2.0262e+06 1.33333 -0.00212876 0 7.36612e-08 1.73036e-07 0.0169019 3.33668e-08 0.00212876 9.77851e-09 
0.28105 0.00871819 2.02615e+06 0 0 2.02615e+06 1.33333 -0.00102509 0 3.41241e-08 8.14428e-08 0.00795521 1.57051e-08 0.00102509 4.65556e-09 
0.2847 0.00871841 2.0261e+06 0 0 2.0261e+06 1.33333 -0.000491266 0 1.55734e-08 3.80034e-08 0.00371211 7.32859e-09 0.000491269 2.20655e-09 
0.28835 0.00871862 2.02605e+06 0 0 2.02605e+06 1.33333 -0.000234369 0 6.89693e-09 1.74859e-08 0.001708 3.37207e-09 0.000234372 1.04157e-09 
0.292 0.00871884 2.026e+06 0 0 2.026e+06 1.33333 -0.000111358 0 2.84121e-09 7.82494e-09 0.000764328 1.50904e-09 0.000111359 4.90163e-10 
0.29565 0.00871905 2.02595e+06 0 0 2.02595e+06 1.33333 -5.27415e-05 0 9.37529e-10 3.28085e-09 0.000320469 6.32728e-10 5.27435e-05 2.30452e-10 
0.2993 0.00871927 2.0259e+06 0 0 2.0259e+06 1.33333 -0.000361497 0 1.02338e-10 0 0.000195359 3.85723e-10 0.0003615 -1.00122e-11 
0.30295 0.00871948 2.02585e+06 0 0 2.02585e+06 1.33333 2.89149e-05 0 0 0 0.000195531 3.86073e-10 -2.89132e-05 0 
0.3066 0.0087197 2.0258e+06 0 0 2.0258e+06 1.33333 -1.27704e-06 0 0 0 0.000196266 3.87533e-10 1.279e-06 0 
0.31025 0.00871991 2.02575e+06 0 0 2.02575e+06 1.33333 -2.04601e-07 0 0 0 0.000196161 3.87336e-10 2.04896e-07 0 
0.3139 0.00872013 2.0257e+06 0 0 2.0257e+06 1.33333 4.85091e-07 0 0 0 0.000196327 3.87673e-10 -4.83991e-07 0 
0.31755 0.00872035 2.02565e+06 0 0 2.02565e+06 1.33333 6.03907e-07 0 0 0 0.000196567 3.88157e-10 -6.03411e-07 0 
0.3212 0.00872056 2.0256e+06 0 0 2.0256e+06 1.33333 3.17332e-07 0 0 0 0.000196709 3.88446e-10 -3.18946e-07 0 
0.32485 0.00872078 2.02555e+06 0 0 2.02555e+06 1.33333 -5.52254e-08 0 0 0 0.000196701 3.88441e-10 5.00022e-08 0 
0.3285 0.00872099 2.0255e+06 0 0 2.0255e+06 1.33333 -2.97163e-07 0 0 0 0.000196589 3.88229e-10 2.85654e-07 0 
0.33215 0.00872121 2.02545e+06 0 0 2.02545e+06 1.33333 -3.44202e-07 0 0 0 0.000196452 3.87967e-10 3.21933e-07 0 
0.3358 0.00872142 2.0254e+06 0 0 2.0254e+06 1.33333 -2.60329e-07 0 0 0 0.000196353 3.87781e-10 2.13786e-07 0 
0.33945 0.00872164 2.02535e+06 0 0 2.02535e+06 1.33333 -1.50115e-07 0 0 0 0.000196317 3.8772e-10 5.55449e-08 0 
0.3431 0.00872185 2.0253e+06 0 0 2.0253e+06 1.33333 -9.71437e-08 0 0 0 0.000196341 3.87776e-10 -8.51865e-08 0 
0.34675 0.00872207 2.02525e+06 0 0 2.02525e+06 1.33333 -1.63188e-07 0 0 0 0.000196409 3.8792e-10 -1.86312e-07 0 
0.3504 0.00872228 2.0252e+06 0 0 2.0252e+06 1.33333 -3.99178e-07 0 0 0 0.000196507 3.88123e-10 -2.5457e-07 0 
0.35405 0.0087225 2.02515e+06 0 0 2.02515e+06 1.33333 -9.15476e-07 0 0 0 0.000196626 3.88367e-10 -3.01274e-07 0 
0.3577 0.00872271 2.0251e+06 0 0 2.0251e+06 1.33333 -1.90272e-06 0 0 0 0.000196757 3.88637e-10 -3.29051e-07 0 
0.36135 0.00872293 2.02505e+06 0 0 2.02505e+06 1.33333 -3.70763e-06 0 0 0 0.000196891 3.88911e-10 -3.32249e-07 0 
0.365 0.00872314 2.025e+06 0 0 2.025e+06 1.33333 -6.92172e-06 0 0 0 0.000197015 3.89165e-10 -3.04213e-07 0 


0 0.0112 2.03e+06 0 0 1.5225e+06 1 0 0 1.01249 1.01407 507500 1 0 0.000201275 
0.00365 0.0111959 2.02995e+06 0 0 1.52306e+06 1.00039 -31.2658 0 1.00917 1.01384 506888 0.998819 31.2658 0.000369577 
0.0073 0.0111908 2.0299e+06 0 0 1.52379e+06 1.00089 -69.4468 0 1.00528 1.01353 506114 0.997318 69.4468 0.000557312 
0.01095 0.0111844 2.02985e+06 0 0 1.52469e+06 1.00151 -114.811 0 1.0008 1.01316 505163 0.995469 114.811 0.000764062 
0.0146 0.0111769 2.0298e+06 0 0 1.52578e+06 1.00225 -167.582 0 0.99571 1.01271 504022 0.993244 167.582 0.000989295 
0.01825 0.0111679 2.02975e+06 0 0 1.52707e+06 1.00313 -227.937 0 0.989988 1.01218 502677 0.990618 227.937 0.00123234 
0.0219 0.0111576 2.0297e+06 0 0 1.52859e+06 1.00415 -296.006 0 0.983618 1.01156 501114 0.987563 296.006 0.00149238 
0.02555 0.0111458 2.02965e+06 0 0 1.53033e+06 1.00532 -371.868 0 0.976588 1.01084 499322 0.984055 371.868 0.00176851 
0.0292 0.0111324 2.0296e+06 0 0 1.53231e+06 1.00664 -455.55 0 0.968886 1.01003 497287 0.980069 455.55 0.00205966 
0.03285 0.0111175 2.02955e+06 0 0 1.53455e+06 1.00814 -547.028 0 0.960503 1.0091 494999 0.975584 547.028 0.00236465 
0.0365 0.0111009 2.0295e+06 0 0 1.53705e+06 1.00981 -646.22 0 0.951434 1.00806 492446 0.970576 646.22 0.0026822 
0.04015 0.0110826 2.02945e+06 0 0 1.53983e+06 1.01166 -752.989 0 0.941677 1.0069 489619 0.965028 752.989 0.00301089 
0.0438 0.0110627 2.0294e+06 0 0 1.54289e+06 1.01369 -867.14 0 0.931231 1.00561 486508 0.95892 867.14 0.00334923 
0.04745 0.011041 2.02935e+06 0 0 1.54624e+06 1.01592 -988.417 0 0.920101 1.00418 483105 0.952236 988.417 0.00369559 
0.0511 0.0110177 2.0293e+06 0 0 1.5499e+06 1.01835 -1116.5 0 0.908293 1.00261 479403 0.944963 1116.5 0.00404828 
0.05475 0.0109925 2.02925e+06 0 0 1.55385e+06 1.02097 -1251.02 0 0.895818 1.00088 475396 0.937087 1251.02 0.00440552 
0.0584 0.0109657 2.0292e+06 0 0 1.55812e+06 1.0238 -1391.54 0 0.882688 0.999 471079 0.9286 1391.54 0.00476547 
0.06205 0.0109371 2.02915e+06 0 0 1.5627e+06 1.02684 -1537.54 0 0.86892 0.996949 466448 0.919494 1537.54 0.00512622 
0.0657 0.0109069 2.0291e+06 0 0 1.5676e+06 1.03008 -1688.47 0 0.854534 0.994723 461501 0.909764 1688.47 0.00548583 
0.06935 0.010875 2.02905e+06 0 0 1.57281e+06 1.03353 -1843.72 0 0.839552 0.992313 456237 0.899409 1843.72 0.00584232 
0.073 0.0108415 2.029e+06 0 0 1.57834e+06 1.03719 -2002.59 0 0.824 0.989709 450656 0.88843 2002.59 0.00619373 
0.07665 0.0108065 2.02895e+06 0 0 1.58419e+06 1.04106 -2164.36 0 0.807906 0.986903 444761 0.87683 2164.36 0.00653808 
0.0803 0.01077 2.0289e+06 0 0 1.59035e+06 1.04513 -2328.24 0 0.791302 0.983885 438555 0.864616 2328.24 0.00687341 
0.08395 0.0107321 2.02885e+06 0 0 1.59681e+06 1.0494 -2493.42 0 0.774222 0.980646 432042 0.851798 2493.42 0.00719784 
0.0876 0.0106929 2.0288e+06 0 0 1.60357e+06 1.05387 -2659.01 0 0.756702 0.977176 425231 0.838389 2659.01 0.00750952 
0.09125 0.0106525 2.02875e+06 0 0 1.61062e+06 1.05853 -2824.13 0 0.738781 0.973464 418128 0.824406 2824.13 0.00780669 
0.0949 0.0106109 2.0287e+06 0 0 1.61796e+06 1.06338 -2987.86 0 0.720497 0.9695 410744 0.809866 2987.86 0.00808768 
0.09855 0.0105683 2.02865e+06 0 0 1.62556e+06 1.0684 -3149.26 0 0.701894 0.965274 403089 0.794793 3149.26 0.00835094 
0.1022 0.0105248 2.0286e+06 0 0 1.63342e+06 1.0736 -3307.38 0 0.683013 0.960774 395176 0.77921 3307.38 0.00859507 
0.10585 0.0104805 2.02855e+06 0 0 1.64153e+06 1.07895 -3461.29 0 0.663898 0.955989 387019 0.763144 3461.29 0.00881876 
0.1095 0.0104356 2.0285e+06 0 0 1.64987e+06 1.08446 -3610.07 0 0.644593 0.950907 378632 0.746625 3610.07 0.0090209 
0.11315 0.01039 2.02845e+06 0 0 1.65842e+06 1.09011 -3752.81 0 0.625141 0.945515 370031 0.729683 3752.81 0.00920052 
0.1168 0.010344 2.0284e+06 0 0 1.66717e+06 1.09588 -3888.67 0 0.605584 0.939802 361232 0.71235 3888.67 0.00935681 
0.12045 0.0102976 2.02835e+06 0 0 1.6761e+06 1.10178 -4016.81 0 0.585963 0.933752 352252 0.694657 4016.81 0.00948911 
0.1241 0.010251 2.0283e+06 0 0 1.68519e+06 1.10779 -4136.47 0 0.566317 0.927352 343106 0.676639 4136.47 0.00959697 
0.12775 0.0102042 2.02825e+06 0 0 1.69444e+06 1.11389 -4246.96 0 0.546681 0.920584 333811 0.658323 4246.96 0.00968003 
0.1314 0.0101573 2.0282e+06 0 0 1.70382e+06 1.12009 -4347.66 0 0.527085 0.91343 324379 0.639739 4347.66 0.00973811 
0.13505 0.0101104 2.02815e+06 0 0 1.71333e+06 1.12636 -4438 0 0.507553 0.905867 314824 0.620908 4438 0.00977114 
0.1387 0.0100635 2.0281e+06 0 0 1.72295e+06 1.13272 -4517.54 0 0.488101 0.897868 305151 0.601847 4517.54 0.00977912 
0.14235 0.0100166 2.02805e+06 0 0 1.73268e+06 1.13915 -4585.91 0 0.468735 0.8894 295366 0.582562 4585.91 0.00976214 
0.146 0.00996969 2.028e+06 0 0 1.74254e+06 1.14565 -4642.86 0 0.449445 0.880417 285463 0.563044 4642.86 0.0097203 
0.14965 0.00992266 2.02795e+06 0 0 1.75252e+06 1.15224 -4688.23 0 0.430204 0.87086 275430 0.543268 4688.23 0.00965365 
0.1533 0.00987535 2.0279e+06 0 0 1.76266e+06 1.15894 -4722.02 0 0.41096 0.860649 265241 0.523183 4722.02 0.00956218 
0.15695 0.00982753 2.02785e+06 0 0 1.773e+06 1.16577 -4744.39 0 0.391631 0.849671 254852 0.502704 4744.39 0.00944572 
0.1606 0.00977884 2.0278e+06 0 0 1.7836e+06 1.17277 -4755.7 0 0.372091 0.83777 244200 0.481704 4755.7 0.00930387 
0.16425 0.0097288 2.02775e+06 0 0 1.79456e+06 1.18 -4756.58 0 0.352161 0.824721 233190 0.459997 4756.58 0.00913596 
0.1679 0.00967671 2.0277e+06 0 0 1.80601e+06 1.18756 -4748.03 0 0.331591 0.810203 221690 0.437324 4748.03 0.00894096 
0.17155 0.00962171 2.02765e+06 0 0 1.81813e+06 1.19556 -4731.59 0 0.310037 0.793746 209521 0.413329 4731.59 0.00871745 
0.1752 0.00956262 2.0276e+06 0 0 1.83116e+06 1.20416 -4709.53 0 0.287035 0.774655 196439 0.38753 4709.53 0.00846362 
0.17885 0.00949794 2.02755e+06 0 0 1.84543e+06 1.21357 -4685.23 0 0.26196 0.751881 182118 0.359287 4685.23 0.00817733 
0.1825 0.00942579 2.0275e+06 0 0 1.86137e+06 1.22408 -4663.63 0 0.247787 0.723798 166134 0.327761 4663.63 0.00813805 
0.18615 0.00932772 2.02745e+06 0 0 1.88283e+06 1.23823 -4849.39 0 0.536182 0.680697 144616 0.285316 4849.39 0.0119432 
0.1898 0.00921917 2.0274e+06 0 0 1.907e+06 1.25415 -5034.27 0 0.482493 0.623081 120401 0.237547 5034.27 0.0139219 
0.19345 0.00910065 2.02735e+06 0 0 1.93381e+06 1.27181 -4915.47 0 0.39066 0.54411 93542.6 0.184561 4915.47 0.0151861 
0.1971 0.00898441 2.0273e+06 0 0 1.96059e+06 1.28946 -4316.75 0 0.292388 0.442906 66712.8 0.131629 4316.75 0.0148828 
0.20075 0.00888522 2.02725e+06 0 0 1.98383e+06 1.30478 -3305.14 0 0.200109 0.328566 43415 0.0856628 3305.14 0.0126883 
0.2044 0.00881231 2.0272e+06 0 0 2.00117e+06 1.31621 -2207.44 0 0.125475 0.21998 26032.2 0.0513658 2207.44 0.00932581 
0.20805 0.00876523 2.02715e+06 0 0 2.01247e+06 1.32368 -1323.54 0 0.07317 0.134281 14680.9 0.0289686 1323.54 0.00602616 
0.2117 0.0087376 2.0271e+06 0 0 2.01914e+06 1.3281 -739.293 0 0.040509 0.0764989 7955.28 0.0156979 739.293 0.00354745 
0.21535 0.00872235 2.02705e+06 0 0 2.02284e+06 1.33056 -396.45 0 0.0216842 0.0416644 4208.89 0.00830546 396.45 0.00196897 
0.219 0.00871427 2.027e+06 0 0 2.0248e+06 1.33189 -208.09 0 0.0113658 0.0220842 2195.64 0.00433278 208.09 0.00105616 
0.22265 0.00871012 2.02695e+06 0 0 2.02581e+06 1.33259 -108.064 0 0.00587748 0.0115174 1135.38 0.00224057 108.064 0.000555717 
0.2263 0.00870806 2.0269e+06 0 0 2.02632e+06 1.33295 -55.8209 0 0.00301093 0.00594539 583.489 0.00115149 55.8209 0.000289136 
0.22995 0.0087071 2.02685e+06 0 0 2.02655e+06 1.33314 -28.7467 0 0.00153123 0.00304699 298.347 0.00058879 28.7467 0.000149349 
0.2336 0.00870672 2.0268e+06 0 0 2.02665e+06 1.33323 -14.7694 0 0.000773839 0.00155253 151.836 0.000299656 14.7694 7.67225e-05 
0.23725 0.00870662 2.02675e+06 0 0 2.02667e+06 1.33328 -7.57 0 0.000388817 0.000786937 76.9149 0.000151799 7.57 3.92245e-05 
0.2409 0.00870668 2.0267e+06 0 0 2.02666e+06 1.33331 -3.8693 0 0.000194277 0.000396882 38.779 7.65363e-05 3.8693 1.99606e-05 
0.24455 0.00870682 2.02665e+06 0 0 2.02663e+06 1.33332 -1.97141 0 9.6544e-05 0.000199168 19.4575 3.84033e-05 1.97141 1.01098e-05 
0.2482 0.00870699 2.0266e+06 0 0 2.02659e+06 1.33333 -1.00078 0 4.7719e-05 9.94504e-05 9.71493 1.91748e-05 1.00078 5.09586e-06 
0.25185 0.00870719 2.02655e+06 0 0 2.02654e+06 1.33333 -0.506006 0 2.3461e-05 4.94095e-05 4.82643 9.5264e-06 0.506006 2.55588e-06 
0.2555 0.00870739 2.0265e+06 0 0 2.0265e+06 1.33333 -0.254743 0 1.14741e-05 2.44245e-05 2.3858 4.70919e-06 0.254743 1.27548e-06 
0.25915 0.0087076 2.02645e+06 0 0 2.02645e+06 1.33333 -0.127668 0 5.58268e-06 1.20131e-05 1.17344 2.31624e-06 0.127668 6.33272e-07 
0.2628 0.00870781 2.0264e+06 0 0 2.0264e+06 1.33333 -0.0636836 0 2.70239e-06 5.87913e-06 0.574267 1.13357e-06 0.0636836 3.12814e-07 
0.26645 0.00870803 2.02635e+06 0 0 2.02635e+06 1.33333 -0.0316152 0 1.30155e-06 2.86293e-06 0.279647 5.52021e-07 0.0316152 1.53733e-07 
0.2701 0.00870824 2.0263e+06 0 0 2.0263e+06 1.33333 -0.0156195 0 6.23717e-07 1.38727e-06 0.135506 2.67495e-07 0.0156195 7.51711e-08 
0.27375 0.00870846 2.02625e+06 0 0 2.02625e+06 1.33333 -0.00767953 0 2.97357e-07 6.68896e-07 0.0653367 1.28981e-07 0.00767953 3.65737e-08 
0.2774 0.00870867 2.0262e+06 0 0 2.0262e+06 1.33333 -0.0037576 0 1.40978e-07 3.20884e-07 0.0313434 6.18763e-08 0.0037576 1.77077e-08 
0.28105 0.00870889 2.02615e+06 0 0 2.02615e+06 1.33333 -0.00182986 0 6.63932e-08 1.53093e-07 0.0149539 2.95217e-08 0.00182986 8.53263e-09 
0.2847 0.0087091 2.0261e+06 0 0 2.0261e+06 1.33333 -0.000886949 0 3.09718e-08 7.25629e-08 0.00708784 1.39931e-08 0.000886951 4.09277e-09 
0.28835 0.00870932 2.02605e+06 0 0 2.02605e+06 1.33333 -0.000427972 0 1.42139e-08 3.40799e-08 0.00332887 6.57215e-09 0.000427974 1.95469e-09 
0.292 0.00870953 2.026e+06 0 0 2.026e+06 1.33333 -0.000205629 0 6.30598e-09 1.57594e-08 0.00153935 3.03919e-09 0.000205629 9.30052e-10 
0.29565 0.00870975 2.02595e+06 0 0 2.02595e+06 1.33333 -9.84273e-05 0 2.57488e-09 7.0613e-09 0.000689737 1.36181e-09 9.84275e-05 4.41344e-10 
0.2993 0.00870996 2.0259e+06 0 0 2.0259e+06 1.33333 -4.69698e-05 0 8.10736e-10 2.93724e-09 0.000286905 5.66475e-10 4.6972e-05 2.09175e-10 
0.30295 0.00871018 2.02585e+06 0 0 2.02585e+06 1.33333 0.000690565 0 6.31066e-11 2.1518e-09 0.000210185 4.15006e-10 -0.000690563 2.02393e-10 
0.3066 0.00871039 2.0258e+06 0 0 2.0258e+06 1.33333 -2.3853e-05 0 0 0 0.000195854 3.8672e-10 2.38559e-05 0 
0.31025 0.00871061 2.02575e+06 0 0 2.02575e+06 1.33333 8.9251e-07 0 0 0 0.000196026 3.87069e-10 -8.92263e-07 0 
0.3139 0.00871082 2.0257e+06 0 0 2.0257e+06 1.33333 1.0991e-06 0 0 0 0.000196488 3.87991e-10 -1.09709e-06 0 
0.31755 0.00871104 2.02565e+06 0 0 2.02565e+06 1.33333 8.3265e-07 0 0 0 0.000196841 3.88696e-10 -8.30766e-07 0 
0.3212 0.00871125 2.0256e+06 0 0 2.0256e+06 1.33333 1.55631e-07 0 0 0 0.000196933 3.88888e-10 -1.53506e-07 0 
0.32485 0.00871147 2.02555e+06 0 0 2.02555e+06 1.33333 -3.85395e-07 0 0 0 0.000196793 3.88621e-10 3.88198e-07 0 
0.3285 0.00871168 2.0255e+06 0 0 2.0255e+06 1.33333 -5.41066e-07 0 0 0 0.000196569 3.88189e-10 5.43352e-07 0 
0.33215 0.0087119 2.02545e+06 0 0 2.02545e+06 1.33333 -3.76414e-07 0 0 0 0.000196398 3.87861e-10 3.79156e-07 0 
0.3358 0.00871211 2.0254e+06 0 0 2.0254e+06 1.33333 -1.0922e-07 0 0 0 0.000196334 3.87743e-10 1.11236e-07 0 
0.33945 0.00871233 2.02535e+06 0 0 2.02535e+06 1.33333 8.79334e-08 0 0 0 0.000196354 3.87794e-10 -8.534e-08 0 
0.3431 0.00871254 2.0253e+06 0 0 2.0253e+06 1.33333 1.54043e-07 0 0 0 0.00019641 3.87913e-10 -1.53492e-07 0 
0.34675 0.00871276 2.02525e+06 0 0 2.02525e+06 1.33333 1.2919e-07 0 0 0 0.00019646 3.8802e-10 -1.27097e-07 0 
0.3504 0.00871297 2.0252e+06 0 0 2.0252e+06 1.33333 6.80757e-08 0 0 0 0.000196486 3.88082e-10 -6.72381e-08 0 
0.35405 0.00871319 2.02515e+06 0 0 2.02515e+06 1.33333 1.309e-08 0 0 0 0.00019649 3.88101e-10 -1.68091e-08 0 
0.3577 0.0087134 2.0251e+06 0 0 2.0251e+06 1.33333 -1.70151e-08 0 0 0 0.000196483 3.88095e-10 1.08042e-08 0 
0.36135 0.00871362 2.02505e+06 0 0 2.02505e+06 1.33333 -3.69725e-08 0 0 0 0.000196469 3.88078e-10 2.10495e-08 0 
0.365 0.00871383 2.025e+06 0 0 2.025e+06 1.33333 -5.10961e-08 0 0 0 0.000196455 3.88059e-10 2.33847e-08 0 


0 0.0112 2.03e+06 0 0 1.5225e+06 1 0 0 1.01332 1.01407 507500 1 0 0.000134918 
0.00365 0.0111969 2.02995e+06 0 0 1.52293e+06 1.0003 -23.8452 0 1.01074 1.01389 507025 0.999088 23.8452 0.000265626 
0.0073 0.011193 2.0299e+06 0 0 1.52348e+06 1.00069 -53.3401 0 1.00768 1.01365 506418 0.997917 53.3401 0.000413462 
0.01095 0.011188 2.02985e+06 0 0 1.52418e+06 1.00118 -88.7751 0 1.00413 1.01336 505668 0.996463 88.7751 0.000578333 
0.0146 0.0111821 2.0298e+06 0 0 1.52504e+06 1.00177 -130.408 0 1.00005 1.013 504761 0.994701 130.408 0.000760044 
0.01825 0.011175 2.02975e+06 0 0 1.52607e+06 1.00247 -178.462 0 0.995421 1.01258 503685 0.992605 178.462 0.000958276 
0.0219 0.0111667 2.0297e+06 0 0 1.52727e+06 1.00328 -233.122 0 0.990233 1.01208 502427 0.990151 233.122 0.0011726 
0.02555 0.0111572 2.02965e+06 0 0 1.52867e+06 1.00423 -294.537 0 0.984462 1.0115 500976 0.987315 294.537 0.00140247 
0.0292 0.0111463 2.0296e+06 0 0 1.53028e+06 1.00531 -362.814 0 0.978095 1.01084 499320 0.984075 362.814 0.00164722 
0.03285 0.0111341 2.02955e+06 0 0 1.5321e+06 1.00653 -438.019 0 0.971117 1.01009 497446 0.980406 438.019 0.0019061 
0.0365 0.0111204 2.0295e+06 0 0 1.53416e+06 1.0079 -520.172 0 0.963518 1.00924 495344 0.976289 520.172 0.00217821 
0.04015 0.0111053 2.02945e+06 0 0 1.53645e+06 1.00943 -609.25 0 0.95529 1.00829 493005 0.971701 609.25 0.00246256 
0.0438 0.0110887 2.0294e+06 0 0 1.53898e+06 1.01113 -705.182 0 0.946425 1.00723 490417 0.966624 705.182 0.00275806 
0.04745 0.0110705 2.02935e+06 0 0 1.54178e+06 1.01299 -807.845 0 0.936922 1.00605 487572 0.961041 807.845 0.00306351 
0.0511 0.0110507 2.0293e+06 0 0 1.54484e+06 1.01502 -917.069 0 0.926779 1.00475 484461 0.954933 917.069 0.00337762 
0.05475 0.0110293 2.02925e+06 0 0 1.54817e+06 1.01724 -1032.63 0 0.915999 1.00332 481077 0.948286 1032.63 0.003699 
0.0584 0.0110063 2.0292e+06 0 0 1.55179e+06 1.01964 -1154.25 0 0.904586 1.00175 477414 0.941088 1154.25 0.00402619 
0.06205 0.0109818 2.02915e+06 0 0 1.55569e+06 1.02222 -1281.61 0 0.892549 1.00004 473465 0.933326 1281.61 0.00435763 
0.0657 0.0109556 2.0291e+06 0 0 1.55987e+06 1.025 -1414.3 0 0.879897 0.998183 469225 0.924992 1414.3 0.00469173 
0.06935 0.0109278 2.02905e+06 0 0 1.56436e+06 1.02797 -1551.91 0 0.866645 0.996164 464692 0.916078 1551.91 0.00502682 
0.073 0.0108984 2.029e+06 0 0 1.56914e+06 1.03114 -1693.93 0 0.852809 0.993978 459863 0.90658 1693.93 0.00536119 
0.07665 0.0108676 2.02895e+06 0 0 1.57421e+06 1.0345 -1839.82 0 0.838409 0.991618 454736 0.896496 1839.82 0.0056931 
0.0803 0.0108352 2.0289e+06 0 0 1.57959e+06 1.03806 -1988.98 0 0.823466 0.989074 449312 0.885824 1988.98 0.0060208 
0.08395 0.0108013 2.02885e+06 0 0 1.58526e+06 1.04181 -2140.77 0 0.808006 0.98634 443592 0.874569 2140.77 0.00634254 
0.0876 0.0107661 2.0288e+06 0 0 1.59122e+06 1.04576 -2294.5 0 0.792054 0.983405 437579 0.862735 2294.5 0.00665657 
0.09125 0.0107296 2.02875e+06 0 0 1.59747e+06 1.04989 -2449.45 0 0.775642 0.98026 431277 0.85033 2449.45 0.00696119 
0.0949 0.0106918 2.0287e+06 0 0 1.60401e+06 1.05421 -2604.84 0 0.758801 0.976897 424691 0.837366 2604.84 0.00725472 
0.09855 0.0106528 2.02865e+06 0 0 1.61082e+06 1.05871 -2759.88 0 0.741563 0.973305 417828 0.823855 2759.88 0.00753555 
0.1022 0.0106127 2.0286e+06 0 0 1.6179e+06 1.0634 -2913.76 0 0.723966 0.969475 410697 0.809814 2913.76 0.00780216 
0.10585 0.0105717 2.02855e+06 0 0 1.62524e+06 1.06825 -3065.64 0 0.706044 0.965395 403306 0.795259 3065.64 0.00805311 
0.1095 0.0105297 2.0285e+06 0 0 1.63283e+06 1.07326 -3214.7 0 0.687836 0.961056 395666 0.780213 3214.7 0.00828706 
0.11315 0.0104869 2.02845e+06 0 0 1.64066e+06 1.07843 -3360.08 0 0.669379 0.956446 387787 0.764696 3360.08 0.00850278 
0.1168 0.0104434 2.0284e+06 0 0 1.64872e+06 1.08376 -3500.97 0 0.65071 0.951552 379683 0.748733 3500.97 0.00869917 
0.12045 0.0103993 2.02835e+06 0 0 1.65699e+06 1.08922 -3636.57 0 0.631868 0.946363 371364 0.732348 3636.57 0.00887528 
0.1241 0.0103547 2.0283e+06 0 0 1.66546e+06 1.09481 -3766.1 0 0.612886 0.940864 362845 0.715564 3766.1 0.00903025 
0.12775 0.0103096 2.02825e+06 0 0 1.67411e+06 1.10053 -3888.85 0 0.593797 0.93504 354135 0.698405 3888.85 0.00916341 
0.1314 0.0102641 2.0282e+06 0 0 1.68295e+06 1.10637 -4004.14 0 0.574629 0.928872 345247 0.680893 4004.14 0.00927419 
0.13505 0.0102183 2.02815e+06 0 0 1.69196e+06 1.11232 -4111.37 0 0.555406 0.922341 336188 0.663044 4111.37 0.00936215 
0.1387 0.0101723 2.0281e+06 0 0 1.70114e+06 1.11838 -4210.03 0 0.536143 0.915421 326965 0.644869 4210.03 0.00942698 
0.14235 0.0101259 2.02805e+06 0 0 1.71047e+06 1.12454 -4299.71 0 0.516843 0.90808 317578 0.626371 4299.71 0.00946848 
0.146 0.0100792 2.028e+06 0 0 1.71998e+06 1.13082 -4380.12 0 0.497499 0.90028 308022 0.607538 4380.12 0.00948652 
0.14965 0.0100322 2.02795e+06 0 0 1.72967e+06 1.13722 -4451.13 0 0.478082 0.891965 298283 0.588344 4451.13 0.00948105 
0.1533 0.00998455 2.0279e+06 0 0 1.73956e+06 1.14375 -4512.79 0 0.458541 0.883067 288336 0.568737 4512.79 0.00945208 
0.15695 0.00993616 2.02785e+06 0 0 1.74971e+06 1.15045 -4565.4 0 0.438794 0.873486 278138 0.548636 4565.4 0.00939965 
0.1606 0.00988667 2.0278e+06 0 0 1.76017e+06 1.15736 -4609.6 0 0.418713 0.863089 267628 0.527917 4609.6 0.00932383 
0.16425 0.00983561 2.02775e+06 0 0 1.77103e+06 1.16453 -4646.44 0 0.398119 0.851685 256716 0.506405 4646.44 0.00922474 
0.1679 0.00978234 2.0277e+06 0 0 1.78242e+06 1.17205 -4677.55 0 0.376759 0.839005 245277 0.483852 4677.55 0.00910258 
0.17155 0.00972602 2.02765e+06 0 0 1.79451e+06 1.18003 -4705.38 0 0.354286 0.824661 233140 0.459922 4705.38 0.00895773 
0.1752 0.00966556 2.0276e+06 0 0 1.80752e+06 1.18861 -4733.45 0 0.330234 0.808089 220077 0.434163 4733.45 0.00879096 
0.17885 0.00959955 2.02755e+06 0 0 1.82176e+06 1.19801 -4766.83 0 0.303978 0.788449 205785 0.405978 4766.83 0.00860367 
0.1825 0.00952622 2.0275e+06 0 0 1.83763e+06 1.20847 -4812.64 0 0.289853 0.764465 189868 0.374586 4812.64 0.00865993 
0.18615 0.00943274 2.02745e+06 0 0 1.85783e+06 1.22178 -5126.46 0 0.594197 0.730188 169622 0.334651 5126.46 0.0112413 
0.1898 0.00932889 2.0274e+06 0 0 1.88065e+06 1.23682 -5468.37 0 0.55077 0.685278 146750 0.289534 5468.37 0.0133245 
0.19345 0.0092093 2.02735e+06 0 0 1.90731e+06 1.25439 -5638.46 0 0.467295 0.62214 120041 0.236844 5638.46 0.0153322 
0.1971 0.00908187 2.0273e+06 0 0 1.93624e+06 1.27344 -5389.19 0 0.370844 0.535811 91060.1 0.179668 5389.19 0.0163221 
0.20075 0.00896122 2.02725e+06 0 0 1.96417e+06 1.29185 -4565.78 0 0.27073 0.426938 63075 0.124454 4565.78 0.0154397 
0.2044 0.00886267 2.0272e+06 0 0 1.9874e+06 1.30715 -3342.95 0 0.18027 0.307904 39801.9 0.0785357 3342.95 0.0126012 
0.20805 0.00879341 2.02715e+06 0 0 2.00394e+06 1.31807 -2136.08 0 0.11013 0.199905 23208.5 0.0457954 2136.08 0.00885471 
0.2117 0.00875044 2.0271e+06 0 0 2.0143e+06 1.32491 -1233.83 0 0.0628711 0.118686 12798.7 0.0252552 1233.83 0.00550155 
0.21535 0.00872597 2.02705e+06 0 0 2.02023e+06 1.32885 -669.474 0 0.0342757 0.066161 6820.64 0.0134593 669.474 0.00314168 
0.219 0.00871279 2.027e+06 0 0 2.02343e+06 1.33099 -351.174 0 0.0181615 0.0354756 3565.59 0.00703619 351.174 0.00170571 
0.22265 0.00870593 2.02695e+06 0 0 2.02511e+06 1.33212 -181.227 0 0.00946012 0.0186036 1844.4 0.00363976 181.227 0.000900735 
0.2263 0.00870246 2.0269e+06 0 0 2.02595e+06 1.33271 -92.8767 0 0.00487554 0.00963365 948.25 0.00187133 92.8767 0.000468731 
0.22995 0.00870077 2.02685e+06 0 0 2.02636e+06 1.33301 -47.4788 0 0.00249442 0.00495091 485.504 0.000958146 47.4788 0.000241999 
0.2336 0.00870001 2.0268e+06 0 0 2.02655e+06 1.33317 -24.2525 0 0.00126889 0.00253106 247.728 0.000488904 24.2525 0.000124345 
0.23725 0.00869973 2.02675e+06 0 0 2.02662e+06 1.33325 -12.3832 0 0.000642209 0.00128845 125.982 0.000248639 12.3832 6.36657e-05 
0.2409 0.00869969 2.0267e+06 0 0 2.02664e+06 1.33329 -6.3183 0 0.000323473 0.000653288 63.8453 0.000126008 6.3183 3.24923e-05 
0.24455 0.00869977 2.02665e+06 0 0 2.02662e+06 1.33331 -3.2197 0 0.000162156 0.000329924 32.2349 6.3622e-05 3.2197 1.65275e-05 
0.2482 0.00869992 2.0266e+06 0 0 2.02658e+06 1.33332 -1.63761 0 8.09011e-05 0.000165936 16.2105 3.19954e-05 1.63761 8.37682e-06 
0.25185 0.0087001 2.02655e+06 0 0 2.02654e+06 1.33333 -0.830868 0 4.01689e-05 8.31038e-05 8.11799 1.60233e-05 0.830868 4.22934e-06 
0.2555 0.0087003 2.0265e+06 0 0 2.0265e+06 1.33333 -0.420301 0 1.98487e-05 4.14382e-05 4.04775 7.98964e-06 0.420301 2.12656e-06 
0.25915 0.0087005 2.02645e+06 0 0 2.02645e+06 1.33333 -0.211892 0 9.76065e-06 2.05701e-05 2.00929 3.96613e-06 0.211892 1.06466e-06 
0.2628 0.00870072 2.0264e+06 0 0 2.0264e+06 1.33333 -0.106426 0 4.77681e-06 1.01648e-05 0.992893 1.95991e-06 0.106426 5.3064e-07 
0.26645 0.00870093 2.02635e+06 0 0 2.02635e+06 1.33333 -0.0532422 0 2.32658e-06 5.00004e-06 0.488398 9.64094e-07 0.0532422 2.63274e-07 
0.2701 0.00870114 2.0263e+06 0 0 2.0263e+06 1.33333 -0.0265249 0 1.12778e-06 2.4482e-06 0.239137 4.72066e-07 0.0265249 1.30019e-07 
0.27375 0.00870136 2.02625e+06 0 0 2.02625e+06 1.33333 -0.013158 0 5.44041e-07 1.19318e-06 0.116548 2.30077e-07 0.013158 6.39137e-08 
0.2774 0.00870157 2.0262e+06 0 0 2.0262e+06 1.33333 -0.00649873 0 2.61132e-07 5.78792e-07 0.0565355 1.11609e-07 0.00649873 3.12733e-08 
0.28105 0.00870178 2.02615e+06 0 0 2.02615e+06 1.33333 -0.00319563 0 1.24646e-07 2.79385e-07 0.0272899 5.38754e-08 0.00319563 1.52324e-08 
0.2847 0.008702 2.0261e+06 0 0 2.0261e+06 1.33333 -0.00156451 0 5.90861e-08 1.34127e-07 0.0131013 2.5865e-08 0.00156451 7.38618e-09 
0.28835 0.00870221 2.02605e+06 0 0 2.02605e+06 1.33333 -0.000762632 0 2.7724e-08 6.3958e-08 0.00624731 1.2334e-08 0.000762631 3.56611e-09 
0.292 0.00870243 2.026e+06 0 0 2.026e+06 1.33333 -0.000370188 0 1.27728e-08 3.01984e-08 0.00294973 5.82375e-09 0.000370189 1.71483e-09 
0.29565 0.00870264 2.02595e+06 0 0 2.02595e+06 1.33333 -0.000178984 0 5.66057e-09 1.40121e-08 0.00136868 2.7023e-09 0.000178984 8.21783e-10 
0.2993 0.00870286 2.0259e+06 0 0 2.0259e+06 1.33333 -8.62304e-05 0 2.28003e-09 6.27213e-09 0.000612652 1.20964e-09 8.62331e-05 3.92786e-10 
0.30295 0.00870307 2.02585e+06 0 0 2.02585e+06 1.33333 -4.14259e-05 0 6.67865e-10 2.57452e-09 0.000251475 4.96532e-10 4.1428e-05 1.87584e-10 
0.3066 0.00870329 2.0258e+06 0 0 2.0258e+06 1.33333 -0.000133975 0 3.66244e-11 0 0.000199334 3.93591e-10 0.000133976 -3.47138e-12 
0.31025 0.0087035 2.02575e+06 0 0 2.02575e+06 1.33333 -7.62008e-06 0 0 0 0.000196153 3.8732e-10 7.62125e-06 0 
0.3139 0.00870372 2.0257e+06 0 0 2.0257e+06 1.33333 9.83002e-07 0 0 0 0.000196721 3.88451e-10 -9.82943e-07 0 
0.31755 0.00870393 2.02565e+06 0 0 2.02565e+06 1.33333 -1.25334e-06 0 0 0 0.000196257 3.87543e-10 1.25534e-06 0 
0.3212 0.00870415 2.0256e+06 0 0 2.0256e+06 1.33333 -1.57106e-06 0 0 0 0.000195613 3.86281e-10 1.5722e-06 0 
0.32485 0.00870436 2.02555e+06 0 0 2.02555e+06 1.33333 -9.03597e-07 0 0 0 0.000195198 3.85472e-10 9.04672e-07 0 
0.3285 0.00870458 2.0255e+06 0 0 2.0255e+06 1.33333 1.03505e-07 0 0 0 0.000195187 3.85459e-10 -1.02169e-07 0 
0.33215 0.00870479 2.02545e+06 0 0 2.02545e+06 1.33333 8.32898e-07 0 0 0 0.000195493 3.86073e-10 -8.30387e-07 0 
0.3358 0.00870501 2.0254e+06 0 0 2.0254e+06 1.33333 1.07388e-06 0 0 0 0.000195924 3.86934e-10 -1.07159e-06 0 
0.33945 0.00870522 2.02535e+06 0 0 2.02535e+06 1.33333 9.23188e-07 0 0 0 0.000196313 3.87712e-10 -9.24159e-07 0 
0.3431 0.00870544 2.0253e+06 0 0 2.0253e+06 1.33333 5.98788e-07 0 0 0 0.000196574 3.88238e-10 -5.97514e-07 0 
0.34675 0.00870565 2.02525e+06 0 0 2.02525e+06 1.33333 2.7379e-07 0 0 0 0.0001967 3.88496e-10 -2.72757e-07 0 
0.3504 0.00870587 2.0252e+06 0 0 2.0252e+06 1.33333 4.69863e-08 0 0 0 0.000196726 3.88556e-10 -4.50077e-08 0 
0.35405 0.00870608 2.02515e+06 0 0 2.02515e+06 1.33333 -6.96208e-08 0 0 0 0.000196697 3.88509e-10 7.15424e-08 0 
0.3577 0.0087063 2.0251e+06 0 0 2.0251e+06 1.33333 -1.06493e-07 0 0 0 0.000196649 3.88423e-10 1.08138e-07 0 
0.36135 0.00870651 2.02505e+06 0 0 2.02505e+06 1.33333 -1.04024e-07 0 0 0 0.0001966 3.88336e-10 1.05091e-07 0 
0.365 0.00870673 2.025e+06 0 0 2.025e+06 1.33333 -9.04993e-08 0 0 0 0.000196556 3.8826e-10 9.076e-08 0 


0 0.0112 2.03e+06 0 0 1.5225e+06 1 0 0 1.01387 1.01407 507500 1 0 9.04385e-05 
0.00365 0.0111977 2.02995e+06 0 0 1.52282e+06 1.00024 -18.2502 0 1.01187 1.01393 507129 0.999293 18.2502 0.000191724 
0.0073 0.0111946 2.0299e+06 0 0 1.52325e+06 1.00054 -41.0924 0 1.00947 1.01374 506652 0.998379 41.0924 0.000307834 
0.01095 0.0111908 2.02985e+06 0 0 1.52379e+06 1.00092 -68.8177 0 1.00665 1.01351 506059 0.997233 68.8177 0.000438898 
0.0146 0.0111861 2.0298e+06 0 0 1.52446e+06 1.00139 -101.694 0 1.00338 1.01323 505337 0.995835 101.694 0.00058496 
0.01825 0.0111805 2.02975e+06 0 0 1.52527e+06 1.00195 -139.965 0 0.999649 1.01289 504475 0.994162 139.965 0.000745961 
0.0219 0.0111739 2.0297e+06 0 0 1.52624e+06 1.0026 -183.846 0 0.995431 1.01249 503462 0.992191 183.846 0.000921748 
0.02555 0.0111662 2.02965e+06 0 0 1.52736e+06 1.00337 -233.524 0 0.990706 1.01202 502287 0.989899 233.524 0.00111207 
0.0292 0.0111574 2.0296e+06 0 0 1.52866e+06 1.00424 -289.156 0 0.985457 1.01149 500939 0.987266 289.156 0.00131657 
0.03285 0.0111474 2.02955e+06 0 0 1.53014e+06 1.00524 -350.865 0 0.979668 1.01088 499406 0.984269 350.865 0.0015348 
0.0365 0.0111362 2.0295e+06 0 0 1.53182e+06 1.00637 -418.742 0 0.973324 1.01018 497677 0.980887 418.742 0.00176621 
0.04015 0.0111237 2.02945e+06 0 0 1.53371e+06 1.00763 -492.839 0 0.966412 1.0094 495744 0.9771 492.839 0.00201014 
0.0438 0.0111099 2.0294e+06 0 0 1.5358e+06 1.00904 -573.173 0 0.958923 1.00853 493595 0.972888 573.173 0.00226586 
0.04745 0.0110947 2.02935e+06 0 0 1.53813e+06 1.01059 -659.72 0 0.950847 1.00756 491221 0.968233 659.72 0.0025325 
0.0511 0.011078 2.0293e+06 0 0 1.54069e+06 1.01229 -752.416 0 0.942178 1.00648 488614 0.963117 752.416 0.00280914 
0.05475 0.0110599 2.02925e+06 0 0 1.54349e+06 1.01416 -851.151 0 0.932913 1.00529 485764 0.957524 851.151 0.00309473 
0.0584 0.0110404 2.0292e+06 0 0 1.54654e+06 1.01619 -955.775 0 0.92305 1.00399 482664 0.951437 955.775 0.00338816 
0.06205 0.0110193 2.02915e+06 0 0 1.54984e+06 1.01839 -1066.09 0 0.91259 1.00257 479308 0.944844 1066.09 0.00368822 
0.0657 0.0109968 2.0291e+06 0 0 1.55341e+06 1.02076 -1181.85 0 0.901537 1.00101 475688 0.937732 1181.85 0.00399364 
0.06935 0.0109727 2.02905e+06 0 0 1.55725e+06 1.0233 -1302.77 0 0.889896 0.999316 471800 0.93009 1302.77 0.00430305 
0.073 0.0109472 2.029e+06 0 0 1.56136e+06 1.02603 -1428.5 0 0.877677 0.99748 467639 0.92191 1428.5 0.00461506 
0.07665 0.0109201 2.02895e+06 0 0 1.56575e+06 1.02894 -1558.66 0 0.86489 0.995493 463201 0.913184 1558.66 0.00492818 
0.0803 0.0108916 2.0289e+06 0 0 1.57042e+06 1.03203 -1692.81 0 0.85155 0.993347 458485 0.903908 1692.81 0.00524092 
0.08395 0.0108616 2.02885e+06 0 0 1.57536e+06 1.03531 -1830.48 0 0.837673 0.991036 453488 0.894078 1830.48 0.00555172 
0.0876 0.0108302 2.0288e+06 0 0 1.58059e+06 1.03877 -1971.12 0 0.823278 0.988552 448210 0.883695 1971.12 0.00585903 
0.09125 0.0107975 2.02875e+06 0 0 1.5861e+06 1.04241 -2114.19 0 0.808387 0.985885 442653 0.87276 2114.19 0.00616127 
0.0949 0.0107634 2.0287e+06 0 0 1.59188e+06 1.04624 -2259.05 0 0.793022 0.983029 436818 0.861277 2259.05 0.00645688 
0.09855 0.0107281 2.02865e+06 0 0 1.59794e+06 1.05025 -2405.08 0 0.77721 0.979973 430708 0.849251 2405.08 0.0067443 
0.1022 0.0106916 2.0286e+06 0 0 1.60427e+06 1.05444 -2551.58 0 0.760978 0.976709 424329 0.836693 2551.58 0.00702203 
0.10585 0.0106539 2.02855e+06 0 0 1.61087e+06 1.0588 -2697.86 0 0.744355 0.973228 417684 0.823611 2697.86 0.00728858 
0.1095 0.0106152 2.0285e+06 0 0 1.61772e+06 1.06333 -2843.19 0 0.727372 0.96952 410781 0.810019 2843.19 0.00754256 
0.11315 0.0105755 2.02845e+06 0 0 1.62482e+06 1.06802 -2986.84 0 0.71006 0.965574 403626 0.795931 2986.84 0.00778262 
0.1168 0.0105348 2.0284e+06 0 0 1.63217e+06 1.07288 -3128.07 0 0.692452 0.96138 396229 0.781363 3128.07 0.00800751 
0.12045 0.0104934 2.02835e+06 0 0 1.63975e+06 1.07789 -3266.13 0 0.674577 0.956926 388597 0.766331 3266.13 0.00821607 
0.1241 0.0104512 2.0283e+06 0 0 1.64756e+06 1.08305 -3400.31 0 0.656467 0.952199 380738 0.750852 3400.31 0.00840726 
0.12775 0.0104083 2.02825e+06 0 0 1.65559e+06 1.08835 -3529.92 0 0.638149 0.947184 372662 0.734944 3529.92 0.00858014 
0.1314 0.0103648 2.0282e+06 0 0 1.66382e+06 1.09379 -3654.3 0 0.619649 0.941867 364376 0.718619 3654.3 0.00873389 
0.13505 0.0103207 2.02815e+06 0 0 1.67227e+06 1.09937 -3772.87 0 0.600987 0.936227 355884 0.70189 3772.87 0.00886783 
0.1387 0.0102761 2.0281e+06 0 0 1.68091e+06 1.10508 -3885.1 0 0.582175 0.930241 347191 0.684762 3885.1 0.00898141 
0.14235 0.0102309 2.02805e+06 0 0 1.68975e+06 1.11092 -3990.59 0 0.563217 0.923883 338295 0.667233 3990.59 0.00907422 
0.146 0.0101851 2.028e+06 0 0 1.69881e+06 1.1169 -4089.07 0 0.544103 0.917116 329190 0.649289 4089.07 0.00914598 
0.14965 0.0101387 2.02795e+06 0 0 1.70809e+06 1.12303 -4180.42 0 0.524805 0.909894 319860 0.630903 4180.42 0.00919658 
0.1533 0.0100915 2.0279e+06 0 0 1.71762e+06 1.12933 -4264.78 0 0.505271 0.902155 310281 0.612024 4264.78 0.0092261 
0.15695 0.0100433 2.02785e+06 0 0 1.72744e+06 1.13581 -4342.58 0 0.485418 0.893816 300413 0.592574 4342.58 0.0092348 
0.1606 0.00999384 2.0278e+06 0 0 1.7376e+06 1.14252 -4414.64 0 0.465124 0.884764 290197 0.572437 4414.64 0.00922322 
0.16425 0.00994262 2.02775e+06 0 0 1.7482e+06 1.14952 -4482.33 0 0.444209 0.874842 279550 0.551449 4482.33 0.00919225 
0.1679 0.00988907 2.0277e+06 0 0 1.75934e+06 1.15687 -4547.72 0 0.422425 0.863828 268357 0.529382 4547.72 0.00914327 
0.17155 0.00983244 2.02765e+06 0 0 1.77119e+06 1.16469 -4613.89 0 0.399433 0.85141 256460 0.505926 4613.89 0.00907839 
0.1752 0.0097717 2.0276e+06 0 0 1.78395e+06 1.17311 -4685.19 0 0.374775 0.837139 243651 0.48067 4685.19 0.00900076 
0.17885 0.00970558 2.02755e+06 0 0 1.79789e+06 1.18231 -4767.76 0 0.347842 0.820361 229656 0.453071 4767.76 0.00891508 
0.1825 0.00963249 2.0275e+06 0 0 1.81338e+06 1.19252 -4870.09 0 0.334227 0.800101 214117 0.422427 4870.09 0.00905887 
0.18615 0.00954626 2.02745e+06 0 0 1.83178e+06 1.20465 -5267.58 0 0.648212 0.77349 195674 0.386049 5267.58 0.0103578 
0.1898 0.00945023 2.0274e+06 0 0 1.8526e+06 1.21837 -5714.02 0 0.61499 0.739401 174802 0.344879 5714.02 0.0123282 
0.19345 0.00933549 2.02735e+06 0 0 1.87776e+06 1.23495 -6123.84 0 0.542683 0.691259 149588 0.295139 6123.84 0.0147186 
0.1971 0.00920488 2.0273e+06 0 0 1.9069e+06 1.25415 -6280.42 0 0.453984 0.623076 120399 0.237555 6280.42 0.0167415 
0.20075 0.00906862 2.02725e+06 0 0 1.93793e+06 1.27459 -5891.98 0 0.3535 0.529878 89320.2 0.176239 5891.98 0.0174473 
0.2044 0.0089436 2.0272e+06 0 0 1.967e+06 1.29374 -4834.86 0 0.252038 0.413877 60201.4 0.118787 4834.86 0.0159905 
0.20805 0.00884541 2.02715e+06 0 0 1.99024e+06 1.30906 -3402.24 0 0.163517 0.290677 36907.2 0.0728259 3402.24 0.0125487 
0.2117 0.00877915 2.0271e+06 0 0 2.00614e+06 1.31955 -2090.52 0 0.097467 0.18337 20961.9 0.0413633 2090.52 0.00846878 
0.21535 0.00873947 2.02705e+06 0 0 2.01574e+06 1.32589 -1167.9 0 0.0545235 0.106072 11313.4 0.0223248 1167.9 0.00507872 
0.219 0.00871753 2.027e+06 0 0 2.02107e+06 1.32943 -617.007 0 0.0292774 0.0579113 5929.2 0.0117004 617.007 0.00282019 
0.22265 0.00870596 2.02695e+06 0 0 2.02389e+06 1.33132 -316.855 0 0.0153486 0.0305713 3060.41 0.00603945 316.855 0.00149915 
0.2263 0.00870005 2.0269e+06 0 0 2.02533e+06 1.3323 -160.732 0 0.0079378 0.0158502 1567.94 0.00309427 160.732 0.000779226 
0.22995 0.00869712 2.02685e+06 0 0 2.02605e+06 1.33281 -81.2164 0 0.00407229 0.00814072 800.344 0.00157948 81.2164 0.000400689 
0.2336 0.00869572 2.0268e+06 0 0 2.02639e+06 1.33307 -41.0339 0 0.00207803 0.00415952 407.641 0.000804502 41.0339 0.000205013 
0.23725 0.00869512 2.02675e+06 0 0 2.02654e+06 1.3332 -20.7587 0 0.00105594 0.00211822 207.253 0.000409035 20.7587 0.000104634 
0.2409 0.00869491 2.0267e+06 0 0 2.02659e+06 1.33326 -10.5164 0 0.000534517 0.00107576 105.168 0.000207565 10.5164 5.33138e-05 
0.24455 0.00869491 2.02665e+06 0 0 2.0266e+06 1.3333 -5.33271 0 0.00026955 0.000544864 53.2445 0.000105089 5.33271 2.71201e-05 
0.2482 0.00869502 2.0266e+06 0 0 2.02657e+06 1.33332 -2.7048 0 0.000135402 0.000275175 26.8846 5.30634e-05 2.7048 1.37685e-05 
0.25185 0.00869518 2.02655e+06 0 0 2.02654e+06 1.33332 -1.3712 0 6.7742e-05 0.000138535 13.5333 2.67121e-05 1.3712 6.97342e-06 
0.2555 0.00869537 2.0265e+06 0 0 2.02649e+06 1.33333 -0.694284 0 3.37507e-05 6.95051e-05 6.78953 1.34015e-05 0.694284 3.5219e-06 
0.25915 0.00869557 2.02645e+06 0 0 2.02645e+06 1.33333 -0.350885 0 1.67437e-05 3.47443e-05 3.39386 6.69913e-06 0.350885 1.77303e-06 
0.2628 0.00869577 2.0264e+06 0 0 2.0264e+06 1.33333 -0.176909 0 8.27058e-06 1.73012e-05 1.68998 3.33592e-06 0.176909 8.89457e-07 
0.26645 0.00869598 2.02635e+06 0 0 2.02635e+06 1.33333 -0.0889407 0 4.06735e-06 8.58086e-06 0.838171 1.65454e-06 0.0889407 4.44525e-07 
0.2701 0.0086962 2.0263e+06 0 0 2.0263e+06 1.33333 -0.0445719 0 1.99141e-06 4.23838e-06 0.414 8.17253e-07 0.0445719 2.21284e-07 
0.27375 0.00869641 2.02625e+06 0 0 2.02625e+06 1.33333 -0.0222593 0 9.70653e-07 2.08471e-06 0.203632 4.01987e-07 0.0222593 1.09705e-07 
0.2774 0.00869663 2.0262e+06 0 0 2.0262e+06 1.33333 -0.0110754 0 4.70946e-07 1.021e-06 0.0997301 1.96881e-07 0.0110754 5.41617e-08 
0.28105 0.00869684 2.02615e+06 0 0 2.02615e+06 1.33333 -0.00548961 0 2.27384e-07 4.9783e-07 0.0486273 9.59994e-08 0.00548962 2.66274e-08 
0.2847 0.00869705 2.0261e+06 0 0 2.0261e+06 1.33333 -0.00271029 0 1.09176e-07 2.41589e-07 0.023598 4.6588e-08 0.00271029 1.30359e-08 
0.28835 0.00869727 2.02605e+06 0 0 2.02605e+06 1.33333 -0.00133279 0 5.20419e-08 1.16604e-07 0.0113897 2.24865e-08 0.00133279 6.35545e-09 
0.292 0.00869748 2.026e+06 0 0 2.026e+06 1.33333 -0.000652809 0 2.45313e-08 5.58846e-08 0.00545872 1.07773e-08 0.00065281 3.08612e-09 
0.29565 0.0086977 2.02595e+06 0 0 2.02595e+06 1.33333 -0.000318517 0 1.13258e-08 2.64956e-08 0.00258805 5.1098e-09 0.000318519 1.49304e-09 
0.2993 0.00869791 2.0259e+06 0 0 2.0259e+06 1.33333 -0.000154842 0 5.00131e-09 1.23172e-08 0.00120313 2.37549e-09 0.000154845 7.1998e-10 
0.30295 0.00869813 2.02585e+06 0 0 2.02585e+06 1.33333 -7.50329e-05 0 1.97278e-09 5.49294e-09 0.000536542 1.05939e-09 7.50345e-05 3.46402e-10 
0.3066 0.00869834 2.0258e+06 0 0 2.0258e+06 1.33333 -3.47911e-05 0 5.19771e-10 2.21343e-09 0.000216204 4.26902e-10 3.47922e-05 1.6672e-10 
0.31025 0.00869856 2.02575e+06 0 0 2.02575e+06 1.33333 -4.03109e-05 0 1.66719e-11 0 0.000202548 3.99947e-10 4.03137e-05 -1.65871e-12 
0.3139 0.00869877 2.0257e+06 0 0 2.0257e+06 1.33333 -1.11168e-05 0 0 0 0.000196517 3.88048e-10 1.1118e-05 0 
0.31755 0.00869899 2.02565e+06 0 0 2.02565e+06 1.33333 -3.88671e-06 0 0 0 0.000194461 3.83997e-10 3.88866e-06 0 
0.3212 0.0086992 2.0256e+06 0 0 2.0256e+06 1.33333 -2.61041e-08 0 0 0 0.000194239 3.83569e-10 2.66108e-08 0 
0.32485 0.00869942 2.02555e+06 0 0 2.02555e+06 1.33333 1.73295e-06 0 0 0 0.000194866 3.84817e-10 -1.73054e-06 0 
0.3285 0.00869963 2.0255e+06 0 0 2.0255e+06 1.33333 1.85743e-06 0 0 0 0.000195629 3.86333e-10 -1.8562e-06 0 
0.33215 0.00869985 2.02545e+06 0 0 2.02545e+06 1.33333 1.42721e-06 0 0 0 0.000196242 3.87552e-10 -1.42474e-06 0 
0.3358 0.00870006 2.0254e+06 0 0 2.0254e+06 1.33333 8.25638e-07 0 0 0 0.000196613 3.88294e-10 -8.25178e-07 0 
0.33945 0.00870028 2.02535e+06 0 0 2.02535e+06 1.33333 2.43132e-07 0 0 0 0.000196739 3.88552e-10 -2.42291e-07 0 
0.3431 0.00870049 2.0253e+06 0 0 2.0253e+06 1.33333 -1.78353e-07 0 0 0 0.00019668 3.88447e-10 1.78387e-07 0 
0.34675 0.0087007 2.02525e+06 0 0 2.02525e+06 1.33333 -3.9284e-07 0 0 0 0.000196522 3.88144e-10 3.92597e-07 0 
0.3504 0.00870092 2.0252e+06 0 0 2.0252e+06 1.33333 -4.44775e-07 0 0 0 0.000196333 3.87781e-10 4.45973e-07 0 
0.35405 0.00870113 2.02515e+06 0 0 2.02515e+06 1.33333 -4.07316e-07 0 0 0 0.000196156 3.87439e-10 4.0833e-07 0 
0.3577 0.00870135 2.0251e+06 0 0 2.0251e+06 1.33333 -3.28227e-07 0 0 0 0.000196009 3.87159e-10 3.29273e-07 0 
0.36135 0.00870156 2.02505e+06 0 0 2.02505e+06 1.33333 -2.2914e-07 0 0 0 0.000195902 3.86958e-10 2.31247e-07 0 
0.365 0.00870178 2.025e+06 0 0 2.025e+06 1.33333 -1.1873e-07 0 0 0 0.000195841 3.86846e-10 1.2189e-07 0 


0 0.0112 2.03e+06 0 0 1.5225e+06 1 0 0 1.01425 1.01407 507500 1 0 6.06228e-05 
0.00365 0.0111983 2.02995e+06 0 0 1.52274e+06 1.00018 -14.016 0 1.01269 1.01396 507209 0.999451 14.016 0.000138997 
0.0073 0.0111959 2.0299e+06 0 0 1.52307e+06 1.00042 -31.7491 0 1.0108 1.01381 506833 0.998734 31.7491 0.000230019 
0.01095 0.011193 2.02985e+06 0 0 1.52349e+06 1.00072 -53.4779 0 1.00856 1.01363 506362 0.997831 53.4779 0.000333965 
0.0146 0.0111893 2.0298e+06 0 0 1.52401e+06 1.00109 -79.4653 0 1.00595 1.0134 505786 0.996721 79.4653 0.000451038 
0.01825 0.0111849 2.02975e+06 0 0 1.52465e+06 1.00154 -109.957 0 1.00294 1.01313 505095 0.995384 109.957 0.000581362 
0.0219 0.0111796 2.0297e+06 0 0 1.52542e+06 1.00207 -145.179 0 0.999518 1.01281 504279 0.9938 145.179 0.000724981 
0.02555 0.0111734 2.02965e+06 0 0 1.52632e+06 1.00268 -185.338 0 0.995657 1.01244 503327 0.991949 185.338 0.000881855 
0.0292 0.0111663 2.0296e+06 0 0 1.52737e+06 1.0034 -230.616 0 0.99134 1.012 502230 0.98981 230.616 0.00105186 
0.03285 0.0111582 2.02955e+06 0 0 1.52857e+06 1.00421 -281.172 0 0.98655 1.0115 500976 0.987363 281.172 0.0012348 
0.0365 0.011149 2.0295e+06 0 0 1.52994e+06 1.00514 -337.139 0 0.98127 1.01094 499556 0.984589 337.139 0.00143036 
0.04015 0.0111387 2.02945e+06 0 0 1.53149e+06 1.00618 -398.62 0 0.975484 1.0103 497960 0.981467 398.62 0.00163818 
0.0438 0.0111272 2.0294e+06 0 0 1.53322e+06 1.00734 -465.693 0 0.969179 1.00958 496178 0.977979 465.693 0.00185778 
0.04745 0.0111145 2.02935e+06 0 0 1.53515e+06 1.00863 -538.4 0 0.962344 1.00878 494200 0.974106 538.4 0.00208859 
0.0511 0.0111006 2.0293e+06 0 0 1.53728e+06 1.01006 -616.753 0 0.954967 1.00789 492019 0.969829 616.753 0.00232999 
0.05475 0.0110853 2.02925e+06 0 0 1.53963e+06 1.01162 -700.729 0 0.947042 1.0069 489624 0.965133 700.729 0.00258123 
0.0584 0.0110688 2.0292e+06 0 0 1.54219e+06 1.01333 -790.269 0 0.938561 1.00581 487008 0.960001 790.269 0.0028415 
0.06205 0.0110508 2.02915e+06 0 0 1.54499e+06 1.01519 -885.274 0 0.92952 1.00462 484164 0.954417 885.274 0.0031099 
0.0657 0.0110315 2.0291e+06 0 0 1.54802e+06 1.01721 -985.611 0 0.919918 1.00332 481083 0.948367 985.611 0.00338544 
0.06935 0.0110108 2.02905e+06 0 0 1.55129e+06 1.01939 -1091.1 0 0.909754 1.0019 477759 0.941838 1091.1 0.00366708 
0.073 0.0109887 2.029e+06 0 0 1.55481e+06 1.02173 -1201.53 0 0.899031 1.00036 474187 0.93482 1201.53 0.00395368 
0.07665 0.0109651 2.02895e+06 0 0 1.55859e+06 1.02423 -1316.63 0 0.887753 0.998684 470362 0.927301 1316.63 0.00424406 
0.0803 0.0109402 2.0289e+06 0 0 1.56262e+06 1.02691 -1436.12 0 0.875928 0.996874 466278 0.919273 1436.12 0.00453696 
0.08395 0.0109138 2.02885e+06 0 0 1.56692e+06 1.02976 -1559.63 0 0.863564 0.99492 461934 0.91073 1559.63 0.00483108 
0.0876 0.0108861 2.0288e+06 0 0 1.57147e+06 1.03278 -1686.79 0 0.850674 0.992815 457325 0.901666 1686.79 0.00512507 
0.09125 0.0108569 2.02875e+06 0 0 1.5763e+06 1.03597 -1817.16 0 0.837272 0.990552 452451 0.892078 1817.16 0.00541756 
0.0949 0.0108265 2.0287e+06 0 0 1.58139e+06 1.03934 -1950.29 0 0.823372 0.988124 447311 0.881965 1950.29 0.00570714 
0.09855 0.0107947 2.02865e+06 0 0 1.58675e+06 1.04289 -2085.66 0 0.808995 0.985522 441905 0.871327 2085.66 0.00599241 
0.1022 0.0107617 2.0286e+06 0 0 1.59237e+06 1.04661 -2222.73 0 0.79416 0.982739 436234 0.860167 2222.73 0.00627194 
0.10585 0.0107275 2.02855e+06 0 0 1.59825e+06 1.0505 -2360.93 0 0.778888 0.979767 430301 0.848489 2360.93 0.00654434 
0.1095 0.0106921 2.0285e+06 0 0 1.60439e+06 1.05457 -2499.66 0 0.763205 0.976595 424108 0.8363 2499.66 0.00680822 
0.11315 0.0106556 2.02845e+06 0 0 1.61079e+06 1.0588 -2638.31 0 0.747133 0.973216 417661 0.823606 2638.31 0.00706225 
0.1168 0.0106181 2.0284e+06 0 0 1.61744e+06 1.06319 -2776.23 0 0.730698 0.969619 410962 0.810417 2776.23 0.00730512 
0.12045 0.0105795 2.02835e+06 0 0 1.62433e+06 1.06775 -2912.78 0 0.713926 0.965793 404018 0.796742 2912.78 0.00753562 
0.1241 0.0105401 2.0283e+06 0 0 1.63147e+06 1.07247 -3047.33 0 0.696842 0.961727 396833 0.782593 3047.33 0.00775259 
0.12775 0.0104997 2.02825e+06 0 0 1.63884e+06 1.07734 -3179.25 0 0.679468 0.957409 389413 0.767978 3179.25 0.00795497 
0.1314 0.0104586 2.0282e+06 0 0 1.64644e+06 1.08236 -3307.95 0 0.661826 0.952822 381761 0.752906 3307.95 0.0081418 
0.13505 0.0104167 2.02815e+06 0 0 1.65427e+06 1.08754 -3432.89 0 0.64393 0.947951 373880 0.737382 3432.89 0.00831225 
0.1387 0.010374 2.0281e+06 0 0 1.66233e+06 1.09286 -3553.59 0 0.625792 0.942775 365772 0.721408 3553.59 0.00846563 
0.14235 0.0103305 2.02805e+06 0 0 1.67062e+06 1.09834 -3669.67 0 0.607411 0.93727 357433 0.704978 3669.67 0.00860139 
0.146 0.0102862 2.028e+06 0 0 1.67915e+06 1.10397 -3780.9 0 0.588776 0.931403 348854 0.688075 3780.9 0.00871919 
0.14965 0.0102411 2.02795e+06 0 0 1.68793e+06 1.10978 -3887.22 0 0.569859 0.925136 340022 0.670671 3887.22 0.0088189 
0.1533 0.010195 2.0279e+06 0 0 1.69699e+06 1.11576 -3988.8 0 0.550609 0.918416 330911 0.652716 3988.8 0.00890067 
0.15695 0.0101477 2.02785e+06 0 0 1.70637e+06 1.12195 -4086.16 0 0.530945 0.911172 321484 0.634137 4086.16 0.00896499 
0.1606 0.010099 2.0278e+06 0 0 1.71611e+06 1.12839 -4180.26 0 0.510746 0.903312 311687 0.614828 4180.26 0.00901281 
0.16425 0.0100484 2.02775e+06 0 0 1.72631e+06 1.13512 -4272.62 0 0.489842 0.894706 301444 0.594638 4272.62 0.00904571 
0.1679 0.00999539 2.0277e+06 0 0 1.73705e+06 1.14221 -4365.55 0 0.467993 0.885176 290651 0.573361 4365.55 0.00906608 
0.17155 0.00993934 2.02765e+06 0 0 1.74848e+06 1.14976 -4462.43 0 0.444873 0.874475 279167 0.55072 4462.43 0.00907745 
0.1752 0.00987931 2.0276e+06 0 0 1.76079e+06 1.15788 -4567.98 0 0.420047 0.862252 266806 0.526348 4567.98 0.00908499 
0.17885 0.00981417 2.02755e+06 0 0 1.77422e+06 1.16674 -4688.79 0 0.392936 0.848007 253325 0.499766 4688.79 0.00909607 
0.1825 0.0097425 2.0275e+06 0 0 1.78909e+06 1.17655 -4833.84 0 0.380227 0.831012 238413 0.47036 4833.84 0.00931025 
0.18615 0.00966521 2.02745e+06 0 0 1.80538e+06 1.18729 -5267.46 0 0.697492 0.810695 222068 0.438123 5267.46 0.00936119 
0.1898 0.00957899 2.0274e+06 0 0 1.82383e+06 1.19945 -5761.16 0 0.673513 0.785254 203572 0.401642 5761.16 0.0110757 
0.19345 0.00947374 2.02735e+06 0 0 1.84652e+06 1.21441 -6318.57 0 0.613394 0.749719 180825 0.356771 6318.57 0.0135105 
0.1971 0.00934823 2.0273e+06 0 0 1.87398e+06 1.23249 -6809.91 0 0.536457 0.698948 153324 0.302519 6809.91 0.0160977 
0.20075 0.00920662 2.02725e+06 0 0 1.90556e+06 1.2533 -6963.12 0 0.443129 0.626425 121686 0.240101 6963.12 0.0181467 
0.2044 0.00906143 2.0272e+06 0 0 1.9387e+06 1.27512 -6437.17 0 0.339147 0.527061 88503.9 0.174633 6437.17 0.0185849 
0.20805 0.00893173 2.02715e+06 0 0 1.96896e+06 1.29506 -5142.88 0 0.236614 0.404499 58192.4 0.114826 5142.88 0.0165823 
0.2117 0.00883327 2.0271e+06 0 0 1.99236e+06 1.31048 -3498.27 0 0.149856 0.277375 34741.5 0.0685541 3498.27 0.0125785 
0.21535 0.00876914 2.02705e+06 0 0 2.0078e+06 1.32067 -2077.76 0 0.0872834 0.170429 19251.2 0.0379887 2077.76 0.00819309 
0.219 0.00873194 2.027e+06 0 0 2.01682e+06 1.32664 -1126.84 0 0.0478811 0.096217 10175.3 0.0200796 1126.84 0.00475999 
0.22265 0.00871191 2.02695e+06 0 0 2.02171e+06 1.32988 -580.808 0 0.0253216 0.0514828 5242.99 0.0103466 580.808 0.00257558 
0.2263 0.00870158 2.0269e+06 0 0 2.02423e+06 1.33158 -292.186 0 0.0131242 0.0267492 2669.49 0.00526813 292.186 0.0013413 
0.22995 0.0086964 2.02685e+06 0 0 2.0255e+06 1.33244 -145.644 0 0.00673098 0.0136983 1352.73 0.00266963 145.644 0.000685924 
0.2336 0.00869388 2.0268e+06 0 0 2.02612e+06 1.33288 -72.4863 0 0.00343264 0.0069686 684.467 0.00135083 72.4863 0.000348144 
0.23725 0.00869271 2.02675e+06 0 0 2.0264e+06 1.33311 -36.1451 0 0.00174451 0.00353465 346.23 0.000683321 36.1451 0.000176272 
0.2409 0.00869222 2.0267e+06 0 0 2.02652e+06 1.33322 -18.0795 0 0.000884215 0.00179017 175.109 0.000345605 18.0795 8.92158e-05 
0.24455 0.00869208 2.02665e+06 0 0 2.02656e+06 1.33328 -9.0715 0 0.000447033 0.000905592 88.5204 0.000174713 9.0715 4.51611e-05 
0.2482 0.00869212 2.0266e+06 0 0 2.02655e+06 1.3333 -4.5634 0 0.000225398 0.000457497 44.7038 8.82342e-05 4.5634 2.28596e-05 
0.25185 0.00869224 2.02655e+06 0 0 2.02653e+06 1.33332 -2.29971 0 0.000113312 0.000230728 22.5413 4.4492e-05 2.29971 1.15648e-05 
0.2555 0.00869241 2.0265e+06 0 0 2.02649e+06 1.33333 -1.16002 0 5.67811e-05 0.000116115 11.343 2.23893e-05 1.16002 5.84411e-06 
0.25915 0.0086926 2.02645e+06 0 0 2.02644e+06 1.33333 -0.585197 0 2.8355e-05 5.82877e-05 5.69372 1.12388e-05 0.585197 2.94824e-06 
0.2628 0.0086928 2.0264e+06 0 0 2.0264e+06 1.33333 -0.295025 0 1.41081e-05 2.91756e-05 2.84989 5.62552e-06 0.295025 1.48405e-06 
0.26645 0.00869301 2.02635e+06 0 0 2.02635e+06 1.33333 -0.148543 0 6.99285e-06 1.45576e-05 1.42198 2.80697e-06 0.148543 7.45059e-07 
0.2701 0.00869322 2.0263e+06 0 0 2.0263e+06 1.33333 -0.0746507 0 3.45249e-06 7.23911e-06 0.707109 1.39586e-06 0.0746507 3.72934e-07 
0.27375 0.00869344 2.02625e+06 0 0 2.02625e+06 1.33333 -0.0374288 0 1.69769e-06 3.58696e-06 0.35037 6.91661e-07 0.0374288 1.86059e-07 
0.2774 0.00869365 2.0262e+06 0 0 2.0262e+06 1.33333 -0.0187155 0 8.31344e-07 1.77069e-06 0.172958 3.41444e-07 0.0187155 9.25032e-08 
0.28105 0.00869386 2.02615e+06 0 0 2.02615e+06 1.33333 -0.00933023 0 4.05339e-07 8.70683e-07 0.0850471 1.67899e-07 0.00933023 4.58224e-08 
0.2847 0.00869408 2.0261e+06 0 0 2.0261e+06 1.33333 -0.00463636 0 1.96698e-07 4.26366e-07 0.0416467 8.22205e-08 0.00463636 2.26138e-08 
0.28835 0.00869429 2.02605e+06 0 0 2.02605e+06 1.33333 -0.00229606 0 9.49167e-08 2.07839e-07 0.0203014 4.00807e-08 0.00229606 1.11178e-08 
0.292 0.00869451 2.026e+06 0 0 2.026e+06 1.33333 -0.00113309 0 4.54531e-08 1.00765e-07 0.00984257 1.94325e-08 0.0011331 5.44534e-09 
0.29565 0.00869472 2.02595e+06 0 0 2.02595e+06 1.33333 -0.000557202 0 2.14974e-08 4.84918e-08 0.0047366 9.35187e-09 0.000557203 2.65732e-09 
0.2993 0.00869494 2.0259e+06 0 0 2.0259e+06 1.33333 -0.00027305 0 9.92986e-09 2.30592e-08 0.00225239 4.44719e-09 0.000273053 1.29234e-09 
0.30295 0.00869515 2.02585e+06 0 0 2.02585e+06 1.33333 -0.000133365 0 4.35448e-09 1.07217e-08 0.00104728 2.06782e-09 0.000133367 6.26684e-10 
0.3066 0.00869537 2.0258e+06 0 0 2.0258e+06 1.33333 -6.49471e-05 0 1.66877e-09 4.74985e-09 0.000463958 9.16099e-10 6.49493e-05 3.03232e-10 
0.31025 0.00869558 2.02575e+06 0 0 2.02575e+06 1.33333 -0.000776211 0 3.67227e-10 0 0.000198853 3.9265e-10 0.000776213 -3.56472e-11 
0.3139 0.0086958 2.0257e+06 0 0 2.0257e+06 1.33333 -1.30069e-07 0 1.77037e-11 0 0.000173078 3.41765e-10 1.3315e-07 -1.07937e-12 
0.31755 0.00869601 2.02565e+06 0 0 2.02565e+06 1.33333 -1.01103e-05 0 0 0 0.000198058 3.91101e-10 1.01122e-05 0 
0.3212 0.00869622 2.0256e+06 0 0 2.0256e+06 1.33333 -3.13333e-06 0 0 0 0.000196344 3.87726e-10 3.13543e-06 0 
0.32485 0.00869644 2.02555e+06 0 0 2.02555e+06 1.33333 -1.50328e-06 0 0 0 0.000195613 3.86291e-10 1.5057e-06 0 
0.3285 0.00869665 2.0255e+06 0 0 2.0255e+06 1.33333 2.06415e-09 0 0 0 0.000195532 3.8614e-10 -3.91938e-10 0 
0.33215 0.00869687 2.02545e+06 0 0 2.02545e+06 1.33333 7.73564e-07 0 0 0 0.00019581 3.867e-10 -7.71732e-07 0 
0.3358 0.00869708 2.0254e+06 0 0 2.0254e+06 1.33333 5.54925e-07 0 0 0 0.000196045 3.87174e-10 -5.52585e-07 0 
0.33945 0.0086973 2.02535e+06 0 0 2.02535e+06 1.33333 -1.2702e-08 0 0 0 0.000196062 3.87216e-10 1.30456e-08 0 
0.3431 0.00869751 2.0253e+06 0 0 2.0253e+06 1.33333 -3.9814e-07 0 0 0 0.000195909 3.86924e-10 3.99428e-07 0 
0.34675 0.00869773 2.02525e+06 0 0 2.02525e+06 1.33333 -4.89907e-07 0 0 0 0.000195704 3.86528e-10 4.91645e-07 0 
0.3504 0.00869794 2.0252e+06 0 0 2.0252e+06 1.33333 -3.91948e-07 0 0 0 0.00019553 3.86194e-10 3.92883e-07 0 
0.35405 0.00869816 2.02515e+06 0 0 2.02515e+06 1.33333 -2.21947e-07 0 0 0 0.000195423 3.85992e-10 2.23579e-07 0 
0.3577 0.00869837 2.0251e+06 0 0 2.0251e+06 1.33333 -5.01643e-08 0 0 0 0.000195388 3.85933e-10 5.09164e-08 0 
0.36135 0.00869859 2.02505e+06 0 0 2.02505e+06 1.33333 1.02593e-07 0 0 0 0.000195418 3.86001e-10 -1.0091e-07 0 
0.365 0.0086988 2.025e+06 0 0 2.025e+06 1.33333 2.2434e-07 0 0 0 0.000195501 3.86174e-10 -2.23583e-07 0 


0 0.0112 2.03e+06 0 0 1.5225e+06 1 0 0 1.01449 1.01407 507500 1 0 4.06367e-05 
0.00365 0.0111987 2.02995e+06 0 0 1.52268e+06 1.00014 -10.7997 0 1.01328 1.01399 507270 0.999572 10.7997 0.000101235 
0.0073 0.0111969 2.0299e+06 0 0 1.52293e+06 1.00033 -24.5992 0 1.01179 1.01387 506972 0.99901 24.5992 0.000172503 
0.01095 0.0111947 2.02985e+06 0 0 1.52325e+06 1.00057 -41.656 0 1.01002 1.01372 506598 0.998296 41.656 0.0002548 
0.0146 0.0111918 2.0298e+06 0 0 1.52366e+06 1.00086 -62.2184 0 1.00793 1.01354 506138 0.997414 62.2184 0.000348434 
0.01825 0.0111883 2.02975e+06 0 0 1.52417e+06 1.00122 -86.5232 0 1.00551 1.01332 505583 0.996345 86.5232 0.000453645 
0.0219 0.0111841 2.0297e+06 0 0 1.52478e+06 1.00164 -114.795 0 1.00273 1.01307 504925 0.995072 114.795 0.000570612 
0.02555 0.0111792 2.02965e+06 0 0 1.5255e+06 1.00214 -147.243 0 0.999583 1.01276 504153 0.993577 147.243 0.000699447 
0.0292 0.0111734 2.0296e+06 0 0 1.52634e+06 1.00272 -184.061 0 0.99604 1.01241 503260 0.99184 184.061 0.000840193 
0.03285 0.0111668 2.02955e+06 0 0 1.52732e+06 1.00339 -225.426 0 0.992085 1.012 502234 0.989844 225.426 0.000992822 
0.0365 0.0111593 2.0295e+06 0 0 1.52843e+06 1.00414 -271.493 0 0.987701 1.01154 501068 0.98757 271.493 0.00115723 
0.04015 0.0111508 2.02945e+06 0 0 1.5297e+06 1.005 -322.399 0 0.982872 1.01102 499752 0.984999 322.399 0.00133325 
0.0438 0.0111414 2.0294e+06 0 0 1.53112e+06 1.00596 -378.258 0 0.977581 1.01042 498276 0.982114 378.258 0.00152063 
0.04745 0.0111308 2.02935e+06 0 0 1.53272e+06 1.00703 -439.158 0 0.971816 1.00976 496631 0.978896 439.158 0.00171904 
0.0511 0.0111192 2.0293e+06 0 0 1.53449e+06 1.00822 -505.164 0 0.965563 1.00902 494809 0.975329 505.164 0.00192807 
0.05475 0.0111064 2.02925e+06 0 0 1.53645e+06 1.00954 -576.311 0 0.95881 1.00821 492801 0.971395 576.311 0.00214724 
0.0584 0.0110924 2.0292e+06 0 0 1.5386e+06 1.01097 -652.608 0 0.95155 1.0073 490598 0.967077 652.608 0.00237599 
0.06205 0.0110771 2.02915e+06 0 0 1.54096e+06 1.01255 -734.031 0 0.943772 1.00631 488193 0.96236 734.031 0.00261368 
0.0657 0.0110607 2.0291e+06 0 0 1.54352e+06 1.01426 -820.527 0 0.935472 1.00522 485578 0.957228 820.527 0.00285958 
0.06935 0.0110429 2.02905e+06 0 0 1.5463e+06 1.01611 -912.007 0 0.926644 1.00403 482746 0.951668 912.007 0.00311292 
0.073 0.0110239 2.029e+06 0 0 1.54931e+06 1.01811 -1008.35 0 0.917286 1.00273 479689 0.945666 1008.35 0.00337282 
0.07665 0.0110035 2.02895e+06 0 0 1.55255e+06 1.02026 -1109.4 0 0.907397 1.00132 476403 0.939211 1109.4 0.00363836 
0.0803 0.0109818 2.0289e+06 0 0 1.55602e+06 1.02257 -1214.95 0 0.896979 0.999789 472881 0.932291 1214.95 0.00390853 
0.08395 0.0109587 2.02885e+06 0 0 1.55973e+06 1.02503 -1324.79 0 0.886036 0.998136 469119 0.924896 1324.79 0.00418228 
0.0876 0.0109344 2.0288e+06 0 0 1.56369e+06 1.02766 -1438.63 0 0.874572 0.996352 465112 0.917019 1438.63 0.00445849 
0.09125 0.0109087 2.02875e+06 0 0 1.56789e+06 1.03045 -1556.18 0 0.862595 0.994431 460857 0.908652 1556.18 0.004736 
0.0949 0.0108816 2.0287e+06 0 0 1.57235e+06 1.0334 -1677.09 0 0.850115 0.992366 456351 0.89979 1677.09 0.0050136 
0.09855 0.0108533 2.02865e+06 0 0 1.57706e+06 1.03652 -1800.97 0 0.837144 0.99015 451593 0.89043 1800.97 0.00529007 
0.1022 0.0108237 2.0286e+06 0 0 1.58202e+06 1.03981 -1927.42 0 0.823695 0.987775 446581 0.880569 1927.42 0.00556414 
0.10585 0.0107928 2.02855e+06 0 0 1.58724e+06 1.04326 -2055.98 0 0.809783 0.985235 441314 0.870207 2055.98 0.00583453 
0.1095 0.0107608 2.0285e+06 0 0 1.59271e+06 1.04689 -2186.18 0 0.795426 0.982521 435795 0.859344 2186.18 0.00609997 
0.11315 0.0107275 2.02845e+06 0 0 1.59843e+06 1.05067 -2317.52 0 0.780641 0.979626 430022 0.847982 2317.52 0.0063592 
0.1168 0.0106932 2.0284e+06 0 0 1.6044e+06 1.05462 -2449.47 0 0.765447 0.976539 423999 0.836125 2449.47 0.00661096 
0.12045 0.0106577 2.02835e+06 0 0 1.61062e+06 1.05874 -2581.5 0 0.749863 0.973251 417727 0.823777 2581.5 0.00685406 
0.1241 0.0106212 2.0283e+06 0 0 1.61709e+06 1.06302 -2713.07 0 0.733909 0.969753 411209 0.810943 2713.07 0.00708732 
0.12775 0.0105837 2.02825e+06 0 0 1.6238e+06 1.06746 -2843.64 0 0.717602 0.966032 404446 0.797625 2843.64 0.00730967 
0.1314 0.0105452 2.0282e+06 0 0 1.63076e+06 1.07206 -2972.72 0 0.700957 0.962075 397440 0.783828 2972.72 0.00752009 
0.13505 0.0105057 2.02815e+06 0 0 1.63796e+06 1.07682 -3099.81 0 0.683987 0.957868 390191 0.769551 3099.81 0.00771769 
0.1387 0.0104654 2.0281e+06 0 0 1.6454e+06 1.08174 -3224.52 0 0.666698 0.953392 382698 0.754792 3224.52 0.00790172 
0.14235 0.010424 2.02805e+06 0 0 1.65309e+06 1.08682 -3346.51 0 0.649086 0.948625 374956 0.73954 3346.51 0.00807159 
0.146 0.0103818 2.028e+06 0 0 1.66104e+06 1.09207 -3465.6 0 0.63114 0.943542 366956 0.723779 3465.6 0.00822691 
0.14965 0.0103384 2.02795e+06 0 0 1.66927e+06 1.09751 -3581.77 0 0.612829 0.938107 358682 0.707477 3581.77 0.00836757 
0.1533 0.010294 2.0279e+06 0 0 1.67779e+06 1.10314 -3695.24 0 0.594105 0.932276 350111 0.690589 3695.24 0.00849382 
0.15695 0.0102482 2.02785e+06 0 0 1.68664e+06 1.10898 -3806.57 0 0.574889 0.925993 341209 0.673046 3806.57 0.00860634 
0.1606 0.0102008 2.0278e+06 0 0 1.69587e+06 1.11508 -3916.75 0 0.555066 0.919178 331926 0.654751 3916.75 0.00870642 
0.16425 0.0101515 2.02775e+06 0 0 1.70556e+06 1.12148 -4027.34 0 0.534474 0.911729 322194 0.63557 4027.34 0.00879613 
0.1679 0.0100998 2.0277e+06 0 0 1.71578e+06 1.12823 -4140.71 0 0.512889 0.903504 311921 0.61532 4140.71 0.00887863 
0.17155 0.0100451 2.02765e+06 0 0 1.72667e+06 1.13541 -4260.24 0 0.490005 0.894308 300982 0.593756 4260.24 0.00895853 
0.1752 0.00998664 2.0276e+06 0 0 1.73838e+06 1.14315 -4390.65 0 0.465415 0.883872 289216 0.570558 4390.65 0.00904242 
0.17885 0.00992336 2.02755e+06 0 0 1.75114e+06 1.15156 -4538.42 0 0.438584 0.871817 276413 0.545314 4538.42 0.00913958 
0.1825 0.00985408 2.0275e+06 0 0 1.76519e+06 1.16083 -4712.31 0 0.427079 0.857607 262305 0.517495 4712.31 0.00940172 
0.18615 0.00978641 2.02745e+06 0 0 1.77932e+06 1.17015 -5142.19 0 0.741648 0.842244 248133 0.489547 5142.19 0.00831989 
0.1898 0.00971084 2.0274e+06 0 0 1.79528e+06 1.18068 -5634.62 0 0.725435 0.823409 232119 0.457964 5634.62 0.00971323 
0.19345 0.00961777 2.02735e+06 0 0 1.81502e+06 1.19369 -6244.34 0 0.677069 0.797648 212328 0.418928 6244.34 0.0119538 
0.1971 0.0095037 2.0273e+06 0 0 1.83947e+06 1.2098 -6925.41 0 0.613496 0.76122 187833 0.370607 6925.41 0.0146422 
0.20075 0.00936774 2.02725e+06 0 0 1.86909e+06 1.22931 -7516.83 0 0.532589 0.708586 158156 0.312059 7516.83 0.017437 
0.2044 0.00921523 2.0272e+06 0 0 1.90308e+06 1.2517 -7687.74 0 0.435289 0.632671 124123 0.244915 7687.74 0.0195408 
0.20805 0.00906082 2.02715e+06 0 0 1.93835e+06 1.27493 -7039.32 0 0.328273 0.528086 88800.2 0.175222 7039.32 0.0197587 
0.2117 0.00892574 2.0271e+06 0 0 1.96995e+06 1.29574 -5510.77 0 0.224717 0.399559 57151.7 0.112775 5510.77 0.0172642 
0.21535 0.00882598 2.02705e+06 0 0 1.99373e+06 1.31142 -3647.06 0 0.139269 0.268447 33320.6 0.0657519 3647.06 0.012737 
0.219 0.00876295 2.027e+06 0 0 2.00895e+06 1.32146 -2105.02 0 0.0793925 0.161125 18046.1 0.0356114 2105.02 0.00804999 
0.22265 0.00872741 2.02695e+06 0 0 2.0176e+06 1.32719 -1112.22 0 0.0427349 0.088935 9346.76 0.018445 1112.22 0.00454752 
0.2263 0.00870873 2.0269e+06 0 0 2.02217e+06 1.33022 -560.358 0 0.0222505 0.0466613 4733.08 0.00934053 560.358 0.00240216 
0.22995 0.0086993 2.02685e+06 0 0 2.02448e+06 1.33177 -276.317 0 0.0113901 0.02385 2374.58 0.00468624 276.317 0.00122609 
0.2336 0.00869466 2.0268e+06 0 0 2.02561e+06 1.33255 -135.296 0 0.00578493 0.0120496 1188.35 0.00234527 135.296 0.000616514 
0.23725 0.00869245 2.02675e+06 0 0 2.02615e+06 1.33294 -66.2595 0 0.00292797 0.00606218 595.007 0.00117431 66.2595 0.000308482 
0.2409 0.00869145 2.0267e+06 0 0 2.0264e+06 1.33314 -32.5628 0 0.00147954 0.00304718 298.365 0.000588869 32.5628 0.000154315 
0.24455 0.00869106 2.02665e+06 0 0 2.0265e+06 1.33323 -16.0769 0 0.000746802 0.00153211 149.836 0.000295732 16.0769 7.73139e-05 
0.2482 0.00869097 2.0266e+06 0 0 2.02652e+06 1.33328 -7.97456 0 0.000376503 0.000770655 75.3225 0.000148668 7.97456 3.88089e-05 
0.25185 0.00869103 2.02655e+06 0 0 2.02651e+06 1.33331 -3.97192 0 0.000189528 0.000387671 37.8788 7.4765e-05 3.97192 1.95113e-05 
0.2555 0.00869117 2.0265e+06 0 0 2.02648e+06 1.33332 -1.98488 0 9.52232e-05 0.000194928 19.0432 3.75883e-05 1.98488 9.81865e-06 
0.25915 0.00869134 2.02645e+06 0 0 2.02644e+06 1.33333 -0.994305 0 4.77319e-05 9.79154e-05 9.56497 1.88802e-05 0.994305 4.94218e-06 
0.2628 0.00869154 2.0264e+06 0 0 2.02639e+06 1.33333 -0.498844 0 2.38626e-05 4.91099e-05 4.79717 9.46934e-06 0.498844 2.48648e-06 
0.26645 0.00869174 2.02635e+06 0 0 2.02635e+06 1.33333 -0.250439 0 1.18944e-05 2.45827e-05 2.40124 4.74004e-06 0.250439 1.24961e-06 
0.2701 0.00869195 2.0263e+06 0 0 2.0263e+06 1.33333 -0.125718 0 5.90989e-06 1.22761e-05 1.19912 2.36711e-06 0.125718 6.26974e-07 
0.27375 0.00869216 2.02625e+06 0 0 2.02625e+06 1.33333 -0.0630611 0 2.92643e-06 6.11387e-06 0.597197 1.17892e-06 0.0630611 3.13911e-07 
0.2774 0.00869238 2.0262e+06 0 0 2.0262e+06 1.33333 -0.0315894 0 1.44391e-06 3.03586e-06 0.296539 5.85409e-07 0.0315894 1.56776e-07 
0.28105 0.00869259 2.02615e+06 0 0 2.02615e+06 1.33333 -0.0157953 0 7.09748e-07 1.50262e-06 0.146774 2.89759e-07 0.0157953 7.80792e-08 
0.2847 0.00869281 2.0261e+06 0 0 2.0261e+06 1.33333 -0.00788037 0 3.47461e-07 7.41155e-07 0.0723949 1.42925e-07 0.00788037 3.87677e-08 
0.28835 0.00869302 2.02605e+06 0 0 2.02605e+06 1.33333 -0.00392156 0 1.69324e-07 3.64184e-07 0.0355729 7.0231e-08 0.00392156 1.91871e-08 
0.292 0.00869323 2.026e+06 0 0 2.026e+06 1.33333 -0.00194607 0 8.20461e-08 1.78173e-07 0.0174037 3.43606e-08 0.00194607 9.46465e-09 
0.29565 0.00869345 2.02595e+06 0 0 2.02595e+06 1.33333 -0.000962875 0 3.94308e-08 8.66933e-08 0.00846807 1.67192e-08 0.000962875 4.65316e-09 
0.2993 0.00869366 2.0259e+06 0 0 2.0259e+06 1.33333 -0.000474956 0 1.86891e-08 4.18505e-08 0.0040879 8.07127e-09 0.000474957 2.28016e-09 
0.30295 0.00869388 2.02585e+06 0 0 2.02585e+06 1.33333 -0.000233567 0 8.61989e-09 1.99358e-08 0.0019473 3.8449e-09 0.000233569 1.11393e-09 
0.3066 0.00869409 2.0258e+06 0 0 2.0258e+06 1.33333 -0.000114524 0 3.7407e-09 9.25457e-09 0.000903972 1.78492e-09 0.000114527 5.42748e-10 
0.31025 0.00869431 2.02575e+06 0 0 2.02575e+06 1.33333 -5.60219e-05 0 1.37118e-09 4.05483e-09 0.00039607 7.8207e-10 5.60238e-05 2.64146e-10 
0.3139 0.00869452 2.0257e+06 0 0 2.0257e+06 1.33333 -0.000576979 0 2.36863e-10 2.18927e-09 0.000213845 4.22263e-10 0.000576979 -2.33798e-11 
0.31755 0.00869474 2.02565e+06 0 0 2.02565e+06 1.33333 1.47688e-05 0 1.67693e-12 0 0.000200061 3.95056e-10 -1.47669e-05 -1.66839e-13 
0.3212 0.00869495 2.0256e+06 0 0 2.0256e+06 1.33333 -2.76283e-06 0 0 0 0.000199134 3.93235e-10 2.76422e-06 0 
0.32485 0.00869517 2.02555e+06 0 0 2.02555e+06 1.33333 -8.01772e-07 0 0 0 0.000198678 3.92344e-10 8.0263e-07 0 
0.3285 0.00869538 2.0255e+06 0 0 2.0255e+06 1.33333 -2.00712e-06 0 0 0 0.000197883 3.90784e-10 2.00975e-06 0 
0.33215 0.0086956 2.02545e+06 0 0 2.02545e+06 1.33333 -1.77301e-06 0 0 0 0.000197125 3.89296e-10 1.77575e-06 0 
0.3358 0.00869581 2.0254e+06 0 0 2.0254e+06 1.33333 -1.17964e-06 0 0 0 0.000196596 3.88261e-10 1.18031e-06 0 
0.33945 0.00869602 2.02535e+06 0 0 2.02535e+06 1.33333 -6.92495e-07 0 0 0 0.000196276 3.87638e-10 6.93098e-07 0 
0.3431 0.00869624 2.0253e+06 0 0 2.0253e+06 1.33333 -3.78875e-07 0 0 0 0.000196095 3.87291e-10 3.79878e-07 0 
0.34675 0.00869645 2.02525e+06 0 0 2.02525e+06 1.33333 -2.24169e-07 0 0 0 0.000195987 3.87087e-10 2.26698e-07 0 
0.3504 0.00869667 2.0252e+06 0 0 2.0252e+06 1.33333 -1.85477e-07 0 0 0 0.000195901 3.86928e-10 1.86974e-07 0 
0.35405 0.00869688 2.02515e+06 0 0 2.02515e+06 1.33333 -1.91057e-07 0 0 0 0.000195816 3.86768e-10 1.93786e-07 0 
0.3577 0.0086971 2.0251e+06 0 0 2.0251e+06 1.33333 -1.8632e-07 0 0 0 0.000195731 3.8661e-10 1.89557e-07 0 
0.36135 0.00869731 2.02505e+06 0 0 2.02505e+06 1.33333 -1.45205e-07 0 0 0 0.000195662 3.86482e-10 1.49369e-07 0 
0.365 0.00869753 2.025e+06 0 0 2.025e+06 1.33333 -8.02828e-08 0 0 0 0.000195619 3.86408e-10 8.16607e-08 0 


0 0.0112 2.03e+06 0 0 1.5225e+06 1 0 0 1.01466 1.01407 507500 1 0 2.72396e-05 
0.00365 0.011199 2.02995e+06 0 0 1.52263e+06 1.00011 -8.34792 0 1.01371 1.014 507318 0.999666 8.34792 7.40828e-05 
0.0073 0.0111977 2.0299e+06 0 0 1.52282e+06 1.00026 -19.111 0 1.01254 1.01391 507081 0.999223 19.111 0.000129843 
0.01095 0.011196 2.02985e+06 0 0 1.52307e+06 1.00045 -32.5218 0 1.01113 1.01379 506782 0.998659 32.5218 0.000194924 
0.0146 0.0111937 2.0298e+06 0 0 1.52339e+06 1.00068 -48.8083 0 1.00946 1.01365 506413 0.997957 48.8083 0.000269688 
0.01825 0.011191 2.02975e+06 0 0 1.52378e+06 1.00097 -68.1917 0 1.00751 1.01348 505967 0.997102 68.1917 0.000354447 
0.0219 0.0111877 2.0297e+06 0 0 1.52426e+06 1.00131 -90.8859 0 1.00527 1.01327 505435 0.996079 90.8859 0.000449465 
0.02555 0.0111837 2.02965e+06 0 0 1.52484e+06 1.00171 -117.095 0 1.0027 1.01302 504810 0.99487 117.095 0.000554955 
0.0292 0.0111791 2.0296e+06 0 0 1.52552e+06 1.00218 -147.013 0 0.999794 1.01273 504082 0.993461 147.013 0.000671073 
0.03285 0.0111738 2.02955e+06 0 0 1.52631e+06 1.00272 -180.82 0 0.996535 1.0124 503244 0.991833 180.82 0.000797919 
0.0365 0.0111677 2.0295e+06 0 0 1.52721e+06 1.00334 -218.684 0 0.992903 1.01202 502286 0.98997 218.684 0.000935533 
0.04015 0.0111607 2.02945e+06 0 0 1.52825e+06 1.00405 -260.758 0 0.988881 1.01159 501201 0.987856 260.758 0.0010839 
0.0438 0.0111529 2.0294e+06 0 0 1.52942e+06 1.00484 -307.177 0 0.984454 1.01111 499979 0.985472 307.177 0.00124292 
0.04745 0.0111442 2.02935e+06 0 0 1.53074e+06 1.00573 -358.059 0 0.979605 1.01056 498613 0.982803 358.059 0.00141246 
0.0511 0.0111344 2.0293e+06 0 0 1.53221e+06 1.00672 -413.501 0 0.974321 1.00995 497093 0.979832 413.501 0.00159229 
0.05475 0.0111237 2.02925e+06 0 0 1.53384e+06 1.00782 -473.581 0 0.968589 1.00927 495412 0.976542 473.581 0.00178213 
0.0584 0.011112 2.0292e+06 0 0 1.53564e+06 1.00903 -538.353 0 0.962396 1.00852 493561 0.972917 538.353 0.00198163 
0.06205 0.0110991 2.02915e+06 0 0 1.53762e+06 1.01035 -607.847 0 0.955733 1.00769 491532 0.968941 607.847 0.00219037 
0.0657 0.0110851 2.0291e+06 0 0 1.53978e+06 1.0118 -682.068 0 0.948589 1.00677 489317 0.9646 682.068 0.00240783 
0.06935 0.01107 2.02905e+06 0 0 1.54214e+06 1.01337 -760.995 0 0.940956 1.00577 486910 0.959877 760.995 0.00263348 
0.073 0.0110536 2.029e+06 0 0 1.5447e+06 1.01508 -844.576 0 0.93283 1.00468 484302 0.95476 844.576 0.00286666 
0.07665 0.0110361 2.02895e+06 0 0 1.54746e+06 1.01692 -932.734 0 0.924204 1.00349 481488 0.949235 932.734 0.00310668 
0.0803 0.0110173 2.0289e+06 0 0 1.55044e+06 1.0189 -1025.36 0 0.915075 1.0022 478460 0.94329 1025.36 0.00335278 
0.08395 0.0109973 2.02885e+06 0 0 1.55364e+06 1.02103 -1122.3 0 0.905444 1.0008 475214 0.936912 1122.3 0.00360411 
0.0876 0.010976 2.0288e+06 0 0 1.55706e+06 1.0233 -1223.4 0 0.895309 0.999291 471743 0.930093 1223.4 0.00385981 
0.09125 0.0109534 2.02875e+06 0 0 1.56071e+06 1.02573 -1328.44 0 0.884674 0.99766 468044 0.922822 1328.44 0.00411891 
0.0949 0.0109296 2.0287e+06 0 0 1.56459e+06 1.0283 -1437.18 0 0.873543 0.995903 464111 0.915091 1437.18 0.00438042 
0.09855 0.0109045 2.02865e+06 0 0 1.56871e+06 1.03104 -1549.36 0 0.861921 0.994014 459943 0.906894 1549.36 0.00464331 
0.1022 0.0108781 2.0286e+06 0 0 1.57307e+06 1.03393 -1664.65 0 0.849817 0.991988 455534 0.898224 1664.65 0.00490648 
0.10585 0.0108505 2.02855e+06 0 0 1.57767e+06 1.03697 -1782.74 0 0.837239 0.989817 450885 0.889078 1782.74 0.00516885 
0.1095 0.0108217 2.0285e+06 0 0 1.58251e+06 1.04018 -1903.25 0 0.824198 0.987493 445991 0.879451 1903.25 0.00542927 
0.11315 0.0107917 2.02845e+06 0 0 1.5876e+06 1.04355 -2025.79 0 0.810707 0.985011 440854 0.869341 2025.79 0.0056866 
0.1168 0.0107605 2.0284e+06 0 0 1.59293e+06 1.04708 -2149.96 0 0.796778 0.982361 435471 0.858748 2149.96 0.00593971 
0.12045 0.0107281 2.02835e+06 0 0 1.59851e+06 1.05078 -2275.32 0 0.782425 0.979535 429843 0.84767 2275.32 0.00618746 
0.1241 0.0106946 2.0283e+06 0 0 1.60433e+06 1.05463 -2401.43 0 0.76766 0.976523 423969 0.836108 2401.43 0.00642877 
0.12775 0.01066 2.02825e+06 0 0 1.6104e+06 1.05865 -2527.87 0 0.752497 0.973316 417850 0.82406 2527.87 0.00666259 
0.1314 0.0106244 2.0282e+06 0 0 1.61672e+06 1.06283 -2654.2 0 0.736947 0.969902 411483 0.811524 2654.2 0.00688793 
0.13505 0.0105876 2.02815e+06 0 0 1.62328e+06 1.06717 -2780.04 0 0.721015 0.966267 404868 0.798498 2780.04 0.00710391 
0.1387 0.0105499 2.0281e+06 0 0 1.6301e+06 1.07168 -2905.05 0 0.704705 0.962396 398001 0.784973 2905.05 0.00730978 
0.14235 0.010511 2.02805e+06 0 0 1.63717e+06 1.07635 -3028.97 0 0.688011 0.95827 390875 0.770938 3028.97 0.00750496 
0.146 0.0104711 2.028e+06 0 0 1.64452e+06 1.08121 -3151.66 0 0.670918 0.953865 383481 0.756373 3151.66 0.00768907 
0.14965 0.0104299 2.02795e+06 0 0 1.65215e+06 1.08625 -3273.13 0 0.653397 0.949154 375803 0.741248 3273.13 0.00786206 
0.1533 0.0103875 2.0279e+06 0 0 1.66008e+06 1.09149 -3393.65 0 0.635399 0.944099 367820 0.725519 3393.65 0.00802423 
0.15695 0.0103437 2.02785e+06 0 0 1.66835e+06 1.09696 -3513.77 0 0.61685 0.938652 359499 0.709123 3513.77 0.00817642 
0.1606 0.0102983 2.0278e+06 0 0 1.677e+06 1.10268 -3634.46 0 0.597643 0.93275 350796 0.691973 3634.46 0.00832013 
0.16425 0.0102508 2.02775e+06 0 0 1.6861e+06 1.10868 -3757.24 0 0.577626 0.92631 341650 0.67395 3757.24 0.00845779 
0.1679 0.010201 2.0277e+06 0 0 1.69572e+06 1.11504 -3884.36 0 0.556591 0.91922 331981 0.654893 3884.36 0.00859302 
0.17155 0.0101483 2.02765e+06 0 0 1.70597e+06 1.1218 -4019.02 0 0.53426 0.911328 321682 0.634591 4019.02 0.00873109 
0.1752 0.0100921 2.0276e+06 0 0 1.71699e+06 1.12908 -4165.66 0 0.510259 0.902428 310613 0.612769 4165.66 0.00887946 
0.17885 0.0100313 2.02755e+06 0 0 1.72895e+06 1.13697 -4330.3 0 0.484104 0.892238 298595 0.589076 4330.3 0.00904845 
0.1825 0.00996515 2.0275e+06 0 0 1.7421e+06 1.14564 -4520.98 0 0.473982 0.880362 285404 0.563067 4520.98 0.0093353 
0.18615 0.00990697 2.02745e+06 0 0 1.75414e+06 1.15359 -4920.15 0 0.780613 0.86878 273311 0.539222 4920.15 0.00729288 
0.1898 0.00984196 2.0274e+06 0 0 1.76772e+06 1.16255 -5378.28 0 0.770528 0.85485 259683 0.512346 5378.28 0.00836096 
0.19345 0.00976196 2.02735e+06 0 0 1.78443e+06 1.17357 -5968.88 0 0.732584 0.836288 242915 0.479276 5968.88 0.0102833 
0.1971 0.00966268 2.0273e+06 0 0 1.8053e+06 1.18733 -6699.28 0 0.681992 0.810607 222000 0.438022 6699.28 0.0127528 
0.20075 0.00954044 2.02725e+06 0 0 1.8313e+06 1.20446 -7515.7 0 0.615637 0.773905 195946 0.386624 7515.7 0.0156894 
0.2044 0.00939459 2.0272e+06 0 0 1.86293e+06 1.22529 -8229.77 0 0.531532 0.720313 164266 0.324124 8229.77 0.0187052 
0.20805 0.00923137 2.02715e+06 0 0 1.89922e+06 1.24919 -8451.55 0 0.430977 0.64219 127932 0.252437 8451.55 0.0209105 
0.2117 0.00906731 2.0271e+06 0 0 1.93669e+06 1.27387 -7712.38 0 0.321321 0.533596 90407.4 0.178398 7712.38 0.0209889 
0.21535 0.00892576 2.02705e+06 0 0 1.96985e+06 1.29571 -5961.04 0 0.216577 0.399769 57195.7 0.112865 5961.04 0.0180843 
0.219 0.00882336 2.027e+06 0 0 1.99432e+06 1.31184 -3866.15 0 0.13174 0.264339 32675.3 0.06448 3866.15 0.0130693 
0.22265 0.0087602 2.02695e+06 0 0 2.00962e+06 1.32193 -2180.67 0 0.0736428 0.155532 17331.5 0.0342021 2180.67 0.0080618 
0.2263 0.00872545 2.0269e+06 0 0 2.0181e+06 1.32754 -1126.58 0 0.0389191 0.0841016 8802.45 0.0173713 1126.58 0.00444521 
0.22995 0.00870759 2.02685e+06 0 0 2.02247e+06 1.33045 -555.884 0 0.0199409 0.0432909 4379.05 0.00864207 555.884 0.00229668 
0.2336 0.00869876 2.0268e+06 0 0 2.02464e+06 1.33191 -268.875 0 0.0100699 0.0217557 2162.4 0.00426761 268.875 0.0011494 
0.23725 0.0086945 2.02675e+06 0 0 2.02568e+06 1.33263 -129.3 0 0.00505661 0.0108302 1067.05 0.00210593 129.3 0.000567944 
0.2409 0.00869252 2.0267e+06 0 0 2.02617e+06 1.33299 -62.2606 0 0.00253549 0.00537947 527.711 0.00104152 62.2606 0.000279804 
0.24455 0.00869165 2.02665e+06 0 0 2.02639e+06 1.33316 -30.1168 0 0.00127153 0.00267455 261.801 0.000516718 30.1168 0.000138059 
0.2482 0.00869132 2.0266e+06 0 0 2.02647e+06 1.33325 -14.6528 0 0.000637976 0.00133237 130.282 0.000257143 14.6528 6.8341e-05 
0.25185 0.00869127 2.02655e+06 0 0 2.02648e+06 1.33329 -7.17163 0 0.000320173 0.000665074 64.9977 0.000128292 7.17163 3.39495e-05 
0.2555 0.00869135 2.0265e+06 0 0 2.02647e+06 1.33331 -3.52948 0 0.000160644 0.000332499 32.4866 6.41235e-05 3.52948 1.69183e-05 
0.25915 0.0086915 2.02645e+06 0 0 2.02643e+06 1.33332 -1.74534 0 8.05392e-05 0.000166384 16.2543 3.20843e-05 1.74534 8.4519e-06 
0.2628 0.00869168 2.0264e+06 0 0 2.02639e+06 1.33333 -0.866459 0 4.03265e-05 8.32804e-05 8.13524 1.60585e-05 0.866459 4.2294e-06 
0.26645 0.00869188 2.02635e+06 0 0 2.02635e+06 1.33333 -0.431431 0 2.01563e-05 4.16684e-05 4.07024 8.03462e-06 0.431431 2.11828e-06 
0.2701 0.00869208 2.0263e+06 0 0 2.0263e+06 1.33333 -0.215268 0 1.0053e-05 2.08282e-05 2.0345 4.01619e-06 0.215268 1.06108e-06 
0.27375 0.00869229 2.02625e+06 0 0 2.02625e+06 1.33333 -0.107542 0 5.0014e-06 1.03959e-05 1.01546 2.00462e-06 0.107542 5.31227e-07 
0.2774 0.00869251 2.0262e+06 0 0 2.0262e+06 1.33333 -0.0537499 0 2.48128e-06 5.17901e-06 0.50588 9.98677e-07 0.0537499 2.65662e-07 
0.28105 0.00869272 2.02615e+06 0 0 2.02615e+06 1.33333 -0.0268582 0 1.22725e-06 2.57421e-06 0.251445 4.96401e-07 0.0268582 1.32642e-07 
0.2847 0.00869293 2.0261e+06 0 0 2.0261e+06 1.33333 -0.0134097 0 6.0498e-07 1.27616e-06 0.124654 2.46096e-07 0.0134097 6.60939e-08 
0.28835 0.00869315 2.02605e+06 0 0 2.02605e+06 1.33333 -0.00668627 0 2.97117e-07 6.30787e-07 0.0616143 1.21644e-07 0.00668627 3.28567e-08 
0.292 0.00869336 2.026e+06 0 0 2.026e+06 1.33333 -0.00332805 0 1.45276e-07 3.10727e-07 0.0303514 5.99238e-08 0.00332805 1.62914e-08 
0.29565 0.00869358 2.02595e+06 0 0 2.02595e+06 1.33333 -0.00165308 0 7.06212e-08 1.52434e-07 0.0148896 2.93977e-08 0.00165308 8.0555e-09 
0.2993 0.00869379 2.0259e+06 0 0 2.0259e+06 1.33333 -0.000819184 0 3.40277e-08 7.43679e-08 0.00726414 1.43426e-08 0.000819186 3.97177e-09 
0.30295 0.00869401 2.02585e+06 0 0 2.02585e+06 1.33333 -0.000404939 0 1.61407e-08 3.59754e-08 0.00351402 6.93836e-09 0.000404939 1.95275e-09 
0.3066 0.00869422 2.0258e+06 0 0 2.0258e+06 1.33333 -0.000199658 0 7.41837e-09 1.71447e-08 0.00167466 3.30667e-09 0.000199659 9.57509e-10 
0.31025 0.00869444 2.02575e+06 0 0 2.02575e+06 1.33333 -9.82103e-05 0 3.16658e-09 7.92674e-09 0.000774272 1.52886e-09 9.82111e-05 4.68591e-10 
0.3139 0.00869465 2.0257e+06 0 0 2.0257e+06 1.33333 -4.82091e-05 0 1.09363e-09 3.42034e-09 0.000334094 6.5971e-10 4.82117e-05 2.29032e-10 
0.31755 0.00869487 2.02565e+06 0 0 2.02565e+06 1.33333 -0.000399707 0 1.37604e-10 0 0.000200785 3.96484e-10 0.000399709 -1.35161e-11 
0.3212 0.00869508 2.0256e+06 0 0 2.0256e+06 1.33333 2.03122e-05 0 0 0 0.000196261 3.87562e-10 -2.03093e-05 0 
0.32485 0.00869529 2.02555e+06 0 0 2.02555e+06 1.33333 -1.04818e-06 0 0 0 0.000196624 3.88287e-10 1.0497e-06 0 
0.3285 0.00869551 2.0255e+06 0 0 2.0255e+06 1.33333 -7.4815e-07 0 0 0 0.0001963 3.87657e-10 7.4793e-07 0 
0.33215 0.00869572 2.02545e+06 0 0 2.02545e+06 1.33333 -6.95693e-07 0 0 0 0.000196001 3.87077e-10 6.97847e-07 0 
0.3358 0.00869594 2.0254e+06 0 0 2.0254e+06 1.33333 -2.46728e-07 0 0 0 0.000195871 3.8683e-10 2.46671e-07 0 
0.33945 0.00869615 2.02535e+06 0 0 2.02535e+06 1.33333 3.08988e-09 0 0 0 0.000195854 3.86805e-10 -6.23677e-10 0 
0.3431 0.00869637 2.0253e+06 0 0 2.0253e+06 1.33333 -2.16958e-08 0 0 0 0.00019584 3.86787e-10 2.271e-08 0 
0.34675 0.00869658 2.02525e+06 0 0 2.02525e+06 1.33333 -1.2204e-07 0 0 0 0.000195788 3.86694e-10 1.23057e-07 0 
0.3504 0.0086968 2.0252e+06 0 0 2.0252e+06 1.33333 -1.1087e-07 0 0 0 0.000195735 3.86599e-10 1.1437e-07 0 
0.35405 0.00869701 2.02515e+06 0 0 2.02515e+06 1.33333 5.05095e-08 0 0 0 0.000195743 3.86624e-10 -4.86249e-08 0 
0.3577 0.00869723 2.0251e+06 0 0 2.0251e+06 1.33333 2.85272e-07 0 0 0 0.000195846 3.86837e-10 -2.83649e-07 0 
0.36135 0.00869744 2.02505e+06 0 0 2.02505e+06 1.33333 4.68946e-07 0 0 0 0.000196028 3.87207e-10 -4.6835e-07 0 
0.365 0.00869766 2.025e+06 0 0 2.025e+06 1.33333 5.24983e-07 0 0 0 0.000196239 3.87633e-10 -5.21298e-07 0 


0 0.0112 2.03e+06 0 0 1.5225e+06 1 0 0 1.01477 1.01407 507500 1 0 1.82592e-05 
0.00365 0.0111993 2.02995e+06 0 0 1.5226e+06 1.00009 -6.47242 0 1.01403 1.01402 507355 0.999738 6.47242 5.44767e-05 
0.0073 0.0111983 2.0299e+06 0 0 1.52273e+06 1.0002 -14.8859 0 1.01311 1.01394 507165 0.999389 14.8859 9.8092e-05 
0.01095 0.011197 2.02985e+06 0 0 1.52292e+06 1.00035 -25.4466 0 1.01199 1.01385 506926 0.998942 25.4466 0.000149519 
0.0146 0.0111953 2.0298e+06 0 0 1.52317e+06 1.00054 -38.3597 0 1.01065 1.01373 506629 0.998383 38.3597 0.000209144 
0.01825 0.0111931 2.02975e+06 0 0 1.52348e+06 1.00077 -53.8271 0 1.00908 1.01359 506270 0.997699 53.8271 0.000277314 
0.0219 0.0111905 2.0297e+06 0 0 1.52386e+06 1.00104 -72.047 0 1.00726 1.01343 505840 0.996876 72.047 0.000354344 
0.02555 0.0111874 2.02965e+06 0 0 1.52432e+06 1.00137 -93.2122 0 1.00517 1.01323 505332 0.995899 93.2122 0.000440504 
0.0292 0.0111837 2.0296e+06 0 0 1.52486e+06 1.00175 -117.509 0 1.00279 1.01299 504739 0.994755 117.509 0.000536027 
0.03285 0.0111794 2.02955e+06 0 0 1.5255e+06 1.00219 -145.114 0 1.00011 1.01272 504053 0.993429 145.114 0.000641098 
0.0365 0.0111744 2.0295e+06 0 0 1.52623e+06 1.0027 -176.198 0 0.997107 1.01241 503267 0.991904 176.198 0.000755855 
0.04015 0.0111687 2.02945e+06 0 0 1.52708e+06 1.00328 -210.919 0 0.993764 1.01206 502373 0.990166 210.919 0.000880387 
0.0438 0.0111623 2.0294e+06 0 0 1.52804e+06 1.00393 -249.421 0 0.990068 1.01166 501363 0.9882 249.421 0.00101473 
0.04745 0.0111551 2.02935e+06 0 0 1.52912e+06 1.00467 -291.84 0 0.986001 1.01121 500229 0.985988 291.84 0.00115887 
0.0511 0.011147 2.0293e+06 0 0 1.53034e+06 1.00549 -338.293 0 0.981548 1.0107 498963 0.983517 338.293 0.00131273 
0.05475 0.0111381 2.02925e+06 0 0 1.53169e+06 1.00641 -388.883 0 0.976697 1.01013 497557 0.980771 388.883 0.00147618 
0.0584 0.0111282 2.0292e+06 0 0 1.5332e+06 1.00742 -443.695 0 0.971433 1.00951 496004 0.977733 443.695 0.00164904 
0.06205 0.0111174 2.02915e+06 0 0 1.53485e+06 1.00854 -502.797 0 0.965743 1.00881 494295 0.974389 502.797 0.00183104 
0.0657 0.0111055 2.0291e+06 0 0 1.53668e+06 1.00976 -566.234 0 0.959618 1.00805 492424 0.970723 566.234 0.00202188 
0.06935 0.0110927 2.02905e+06 0 0 1.53867e+06 1.01109 -634.033 0 0.953046 1.00721 490382 0.966722 634.033 0.00222119 
0.073 0.0110787 2.029e+06 0 0 1.54084e+06 1.01254 -706.198 0 0.946019 1.00629 488162 0.96237 706.198 0.00242852 
0.07665 0.0110637 2.02895e+06 0 0 1.54319e+06 1.01412 -782.706 0 0.938528 1.00529 485758 0.957655 782.706 0.00264337 
0.0803 0.0110475 2.0289e+06 0 0 1.54574e+06 1.01581 -863.512 0 0.930569 1.0042 483163 0.952562 863.512 0.00286519 
0.08395 0.0110301 2.02885e+06 0 0 1.54848e+06 1.01764 -948.545 0 0.922135 1.00302 480371 0.94708 948.545 0.00309334 
0.0876 0.0110116 2.0288e+06 0 0 1.55142e+06 1.0196 -1037.71 0 0.913223 1.00174 477375 0.941197 1037.71 0.00332715 
0.09125 0.0109919 2.02875e+06 0 0 1.55458e+06 1.0217 -1130.87 0 0.903832 1.00035 474170 0.934901 1130.87 0.00356587 
0.0949 0.010971 2.0287e+06 0 0 1.55795e+06 1.02394 -1227.87 0 0.893962 0.998856 470752 0.928184 1227.87 0.00380871 
0.09855 0.0109489 2.02865e+06 0 0 1.56154e+06 1.02632 -1328.54 0 0.883613 0.997246 467114 0.921034 1328.54 0.00405483 
0.1022 0.0109256 2.0286e+06 0 0 1.56535e+06 1.02885 -1432.66 0 0.872788 0.995516 463254 0.913445 1432.66 0.00430332 
0.10585 0.0109011 2.02855e+06 0 0 1.56938e+06 1.03153 -1539.99 0 0.861492 0.99366 459167 0.905409 1539.99 0.00455327 
0.1095 0.0108754 2.0285e+06 0 0 1.57365e+06 1.03436 -1650.26 0 0.849729 0.991671 454850 0.89692 1650.26 0.00480371 
0.11315 0.0108484 2.02845e+06 0 0 1.57815e+06 1.03734 -1763.18 0 0.837508 0.989542 450301 0.887971 1763.18 0.00505366 
0.1168 0.0108203 2.0284e+06 0 0 1.58288e+06 1.04048 -1878.44 0 0.824835 0.987266 445517 0.878558 1878.44 0.0053021 
0.12045 0.010791 2.02835e+06 0 0 1.58785e+06 1.04377 -1995.71 0 0.811718 0.984836 440495 0.868677 1995.71 0.00554805 
0.1241 0.0107606 2.0283e+06 0 0 1.59307e+06 1.04723 -2114.65 0 0.798166 0.982243 435235 0.858324 2114.65 0.00579051 
0.12775 0.0107289 2.02825e+06 0 0 1.59852e+06 1.05084 -2234.92 0 0.784186 0.979478 429732 0.847493 2234.92 0.00602853 
0.1314 0.0106962 2.0282e+06 0 0 1.60421e+06 1.05461 -2356.19 0 0.769783 0.976532 423985 0.836181 2356.19 0.00626121 
0.13505 0.0106623 2.02815e+06 0 0 1.61016e+06 1.05854 -2478.15 0 0.754961 0.973391 417990 0.824378 2478.15 0.00648772 
0.1387 0.0106273 2.0281e+06 0 0 1.61636e+06 1.06264 -2600.53 0 0.739718 0.970043 411743 0.812075 2600.53 0.00670736 
0.14235 0.0105911 2.02805e+06 0 0 1.62282e+06 1.06691 -2723.15 0 0.724047 0.96647 405234 0.799259 2723.15 0.0069196 
0.146 0.0105538 2.028e+06 0 0 1.62954e+06 1.07136 -2845.91 0 0.70793 0.962655 398455 0.785907 2845.91 0.0071241 
0.14965 0.0105151 2.02795e+06 0 0 1.63656e+06 1.076 -2968.86 0 0.691338 0.958572 391390 0.771991 2968.86 0.00732087 
0.1533 0.0104752 2.0279e+06 0 0 1.64388e+06 1.08084 -3092.28 0 0.674224 0.95419 384018 0.75747 3092.28 0.00751027 
0.15695 0.0104337 2.02785e+06 0 0 1.65154e+06 1.08591 -3216.7 0 0.656518 0.949469 376310 0.742284 3216.7 0.00769322 
0.1606 0.0103905 2.0278e+06 0 0 1.65957e+06 1.09121 -3343.04 0 0.638121 0.94436 368227 0.726358 3343.04 0.00787136 
0.16425 0.0103454 2.02775e+06 0 0 1.66803e+06 1.09681 -3472.7 0 0.618894 0.938795 359715 0.709585 3472.7 0.00804727 
0.1679 0.010298 2.0277e+06 0 0 1.677e+06 1.10272 -3607.74 0 0.598648 0.932686 350704 0.691826 3607.74 0.00822482 
0.17155 0.0102478 2.02765e+06 0 0 1.68655e+06 1.10903 -3751.08 0 0.577131 0.925916 341102 0.672902 3751.08 0.00840953 
0.1752 0.0101942 2.0276e+06 0 0 1.69681e+06 1.11581 -3906.69 0 0.554009 0.918326 330792 0.652578 3906.69 0.00860918 
0.17885 0.0101365 2.02755e+06 0 0 1.70793e+06 1.12315 -4079.95 0 0.528848 0.909706 319623 0.630559 4079.95 0.00883445 
0.1825 0.0100739 2.0275e+06 0 0 1.72009e+06 1.13117 -4277.95 0 0.520178 0.899766 307407 0.606476 4277.95 0.00912544 
0.18615 0.0100246 2.02745e+06 0 0 1.73025e+06 1.13788 -4632.23 0 0.814574 0.891016 297199 0.586351 4632.23 0.0063236 
0.1898 0.0099694 2.0274e+06 0 0 1.74167e+06 1.14542 -5038.55 0 0.809069 0.880667 285733 0.563744 5038.55 0.00710025 
0.19345 0.009902 2.02735e+06 0 0 1.75557e+06 1.15459 -5569.12 0 0.779838 0.86726 271777 0.536221 5569.12 0.00867021 
0.1971 0.00981825 2.0273e+06 0 0 1.77287e+06 1.166 -6255.06 0 0.740672 0.849212 254429 0.502006 6255.06 0.0107649 
0.20075 0.0097136 2.02725e+06 0 0 1.79464e+06 1.18034 -7106.58 0 0.688459 0.824012 232610 0.458967 7106.58 0.0134431 
0.2044 0.00958415 2.0272e+06 0 0 1.82195e+06 1.19834 -8066.97 0 0.620095 0.787681 205250 0.404993 8066.97 0.0166156 
0.20805 0.00942925 2.02715e+06 0 0 1.85534e+06 1.22032 -8928 0 0.533663 0.734127 171814 0.339027 8928 0.0198653 
0.2117 0.0092557 2.0271e+06 0 0 1.89377e+06 1.24564 -9245.35 0 0.430626 0.655186 133325 0.263086 9245.35 0.0222334 
0.21535 0.00908148 2.02705e+06 0 0 1.93352e+06 1.27181 -8466.83 0 0.318682 0.544083 93534.5 0.184573 8466.83 0.0222862 
0.219 0.00893206 2.027e+06 0 0 1.96854e+06 1.29488 -6516.93 0 0.212418 0.405778 58463.8 0.11537 6516.93 0.0190848 
0.22265 0.00882529 2.02695e+06 0 0 1.99409e+06 1.31172 -4175.58 0 0.127292 0.265527 32861.3 0.0648487 4175.58 0.0136204 
0.2263 0.00876059 2.0269e+06 0 0 2.00979e+06 1.32208 -2315.38 0 0.0699376 0.153811 17113.1 0.0337719 2315.38 0.00825363 
0.22995 0.0087257 2.02685e+06 0 0 2.01832e+06 1.32772 -1174.05 0 0.0363171 0.0816785 8531.26 0.0168365 1174.05 0.00446068 
0.2336 0.00870813 2.0268e+06 0 0 2.02263e+06 1.33059 -568.567 0 0.0183033 0.0412811 4168.86 0.00822747 568.567 0.00225896 
0.23725 0.00869961 2.02675e+06 0 0 2.02473e+06 1.332 -270.02 0 0.00910653 0.0203888 2024.3 0.00399516 270.02 0.00110915 
0.2409 0.00869559 2.0267e+06 0 0 2.02572e+06 1.33269 -127.551 0 0.00451342 0.00998879 983.486 0.00194106 127.551 0.000538349 
0.24455 0.00869375 2.02665e+06 0 0 2.02617e+06 1.33302 -60.358 0 0.00223762 0.00489016 479.524 0.000946437 60.358 0.00026085 
0.2482 0.00869297 2.0266e+06 0 0 2.02636e+06 1.33318 -28.7088 0 0.00111137 0.00240001 234.876 0.000463587 28.7088 0.000126749 
0.25185 0.0086927 2.02655e+06 0 0 2.02643e+06 1.33326 -13.7448 0 0.000553143 0.00118207 115.571 0.000228114 13.7448 6.18732e-05 
0.2555 0.00869267 2.0265e+06 0 0 2.02644e+06 1.3333 -6.62616 0 0.000275783 0.000584274 57.0974 0.000112702 6.62616 3.03546e-05 
0.25915 0.00869277 2.02645e+06 0 0 2.02642e+06 1.33331 -3.21573 0 0.000137657 0.000289682 28.3022 5.58656e-05 3.21573 1.49613e-05 
0.2628 0.00869292 2.0264e+06 0 0 2.02639e+06 1.33332 -1.57016 0 6.87459e-05 0.000143965 14.0639 2.77614e-05 1.57016 7.40367e-06 
0.26645 0.00869311 2.02635e+06 0 0 2.02634e+06 1.33333 -0.770756 0 3.43269e-05 7.1663e-05 7.00033 1.38186e-05 0.770756 3.67535e-06 
0.2701 0.00869331 2.0263e+06 0 0 2.0263e+06 1.33333 -0.380033 0 1.71281e-05 3.57037e-05 3.48758 6.88463e-06 0.380033 1.82875e-06 
0.27375 0.00869352 2.02625e+06 0 0 2.02625e+06 1.33333 -0.188045 0 8.53588e-06 1.77916e-05 1.73788 3.43073e-06 0.188045 9.11281e-07 
0.2774 0.00869373 2.0262e+06 0 0 2.0262e+06 1.33333 -0.0932938 0 4.24674e-06 8.862e-06 0.865633 1.70888e-06 0.0932938 4.54425e-07 
0.28105 0.00869394 2.02615e+06 0 0 2.02615e+06 1.33333 -0.0463688 0 2.10844e-06 4.4099e-06 0.430753 8.50388e-07 0.0463688 2.26612e-07 
0.2847 0.00869416 2.0261e+06 0 0 2.0261e+06 1.33333 -0.0230697 0 1.04426e-06 2.19126e-06 0.214039 4.22564e-07 0.0230697 1.12942e-07 
0.28835 0.00869437 2.02605e+06 0 0 2.02605e+06 1.33333 -0.0114815 0 5.15729e-07 1.08676e-06 0.106153 2.09577e-07 0.0114815 5.6228e-08 
0.292 0.00869458 2.026e+06 0 0 2.026e+06 1.33333 -0.0057126 0 2.53851e-07 5.3771e-07 0.0525227 1.03697e-07 0.0057126 2.79505e-08 
0.29565 0.0086948 2.02595e+06 0 0 2.02595e+06 1.33333 -0.00283998 0 1.24422e-07 2.65266e-07 0.0259108 5.11578e-08 0.00283998 1.38681e-08 
0.2993 0.00869501 2.0259e+06 0 0 2.0259e+06 1.33333 -0.00141012 0 6.06208e-08 1.30357e-07 0.0127331 2.51406e-08 0.00141012 6.86632e-09 
0.30295 0.00869523 2.02585e+06 0 0 2.02585e+06 1.33333 -0.000699047 0 2.9252e-08 6.37022e-08 0.00622233 1.22859e-08 0.00069905 3.39189e-09 
0.3066 0.00869544 2.0258e+06 0 0 2.0258e+06 1.33333 -0.00034591 0 1.38664e-08 3.08455e-08 0.00301294 5.94914e-09 0.000345911 1.67165e-09 
0.31025 0.00869566 2.02575e+06 0 0 2.02575e+06 1.33333 -0.00017084 0 6.33117e-09 1.46823e-08 0.00143415 2.83183e-09 0.000170841 8.22164e-10 
0.3139 0.00869587 2.0257e+06 0 0 2.0257e+06 1.33333 -8.42166e-05 0 2.64433e-09 6.74482e-09 0.000658823 1.30093e-09 8.42196e-05 4.03672e-10 
0.31755 0.00869609 2.02565e+06 0 0 2.02565e+06 1.33333 -4.14545e-05 0 8.37558e-10 2.84958e-09 0.000278343 5.49636e-10 4.14559e-05 1.98067e-10 
0.3212 0.0086963 2.0256e+06 0 0 2.0256e+06 1.33333 -0.000221548 0 6.15553e-11 0 0.000198084 3.91161e-10 0.000221552 -5.95264e-12 
0.32485 0.00869652 2.02555e+06 0 0 2.02555e+06 1.33333 1.59608e-06 0 0 0 0.000194419 3.83934e-10 -1.59389e-06 0 
0.3285 0.00869673 2.0255e+06 0 0 2.0255e+06 1.33333 5.83403e-07 0 0 0 0.000195012 3.85115e-10 -5.81996e-07 0 
0.33215 0.00869694 2.02545e+06 0 0 2.02545e+06 1.33333 1.81235e-06 0 0 0 0.000195685 3.86453e-10 -1.80912e-06 0 
0.3358 0.00869716 2.0254e+06 0 0 2.0254e+06 1.33333 2.17987e-06 0 0 0 0.000196575 3.88219e-10 -2.18008e-06 0 
0.33945 0.00869737 2.02535e+06 0 0 2.02535e+06 1.33333 1.66417e-06 0 0 0 0.000197291 3.89644e-10 -1.6637e-06 0 
0.3431 0.00869759 2.0253e+06 0 0 2.0253e+06 1.33333 9.93986e-07 0 0 0 0.000197735 3.90531e-10 -9.90789e-07 0 
0.34675 0.0086978 2.02525e+06 0 0 2.02525e+06 1.33333 4.70829e-07 0 0 0 0.000197954 3.90972e-10 -4.69865e-07 0 
0.3504 0.00869802 2.0252e+06 0 0 2.0252e+06 1.33333 1.10444e-07 0 0 0 0.000198014 3.911e-10 -1.10637e-07 0 
0.35405 0.00869823 2.02515e+06 0 0 2.02515e+06 1.33333 -1.52977e-07 0 0 0 0.000197958 3.90999e-10 1.54199e-07 0 
0.3577 0.00869845 2.0251e+06 0 0 2.0251e+06 1.33333 -3.66825e-07 0 0 0 0.00019781 3.90716e-10 3.67769e-07 0 
0.36135 0.00869866 2.02505e+06 0 0 2.02505e+06 1.33333 -5.32633e-07 0 0 0 0.000197588 3.90289e-10 5.35956e-07 0 
0.365 0.00869888 2.025e+06 0 0 2.025e+06 1.33333 -6.45224e-07 0 0 0 0.000197318 3.89764e-10 6.46349e-07 0 


0 0.0112 2.03e+06 0 0 1.5225e+06 1 0 0 1.01485 1.01407 507500 1 0 1.22395e-05 
0.00365 0.0111995 2.02995e+06 0 0 1.52257e+06 1.00007 -5.03292 0 1.01426 1.01403 507383 0.999794 5.03292 4.02577e-05 
0.0073 0.0111988 2.0299e+06 0 0 1.52267e+06 1.00016 -11.6238 0 1.01353 1.01397 507231 0.999519 11.6238 7.43754e-05 
0.01095 0.0111978 2.02985e+06 0 0 1.52281e+06 1.00028 -19.953 0 1.01264 1.01389 507038 0.999164 19.953 0.000114997 
0.0146 0.0111965 2.0298e+06 0 0 1.523e+06 1.00043 -30.202 0 1.01157 1.0138 506800 0.998718 30.202 0.000162508 
0.01825 0.0111948 2.02975e+06 0 0 1.52324e+06 1.00061 -42.5521 0 1.01031 1.01369 506509 0.99817 42.5521 0.000217268 
0.0219 0.0111928 2.0297e+06 0 0 1.52354e+06 1.00083 -57.1833 0 1.00883 1.01355 506161 0.997508 57.1833 0.00027961 
0.02555 0.0111903 2.02965e+06 0 0 1.5239e+06 1.00109 -74.2732 0 1.00713 1.01339 505748 0.996719 74.2732 0.000349841 
0.0292 0.0111873 2.0296e+06 0 0 1.52434e+06 1.0014 -93.996 0 1.00519 1.0132 505264 0.995791 93.996 0.000428232 
0.03285 0.0111838 2.02955e+06 0 0 1.52485e+06 1.00176 -116.521 0 1.00298 1.01298 504703 0.99471 116.521 0.000515023 
0.0365 0.0111798 2.0295e+06 0 0 1.52544e+06 1.00218 -142.012 0 1.0005 1.01272 504058 0.993463 142.012 0.000610417 
0.04015 0.0111752 2.02945e+06 0 0 1.52613e+06 1.00265 -170.626 0 0.997729 1.01243 503321 0.992035 170.626 0.000714577 
0.0438 0.0111699 2.0294e+06 0 0 1.52691e+06 1.0032 -202.512 0 0.994649 1.0121 502486 0.990414 202.512 0.000827626 
0.04745 0.011164 2.02935e+06 0 0 1.5278e+06 1.00381 -237.808 0 0.991245 1.01173 501546 0.988584 237.808 0.000949642 
0.0511 0.0111573 2.0293e+06 0 0 1.52881e+06 1.00449 -276.645 0 0.987502 1.01131 500492 0.986531 276.645 0.00108066 
0.05475 0.0111499 2.02925e+06 0 0 1.52993e+06 1.00525 -319.138 0 0.983407 1.01084 499318 0.984242 319.138 0.00122066 
0.0584 0.0111416 2.0292e+06 0 0 1.53118e+06 1.0061 -365.394 0 0.978945 1.01032 498016 0.9817 365.394 0.00136959 
0.06205 0.0111325 2.02915e+06 0 0 1.53257e+06 1.00704 -415.502 0 0.974103 1.00974 496580 0.978892 415.502 0.00152733 
0.0657 0.0111226 2.0291e+06 0 0 1.5341e+06 1.00807 -469.537 0 0.968868 1.0091 495001 0.975804 469.537 0.0016937 
0.06935 0.0111117 2.02905e+06 0 0 1.53578e+06 1.00919 -527.559 0 0.963229 1.0084 493272 0.972421 527.559 0.00186849 
0.073 0.0110998 2.029e+06 0 0 1.53761e+06 1.01042 -589.608 0 0.957176 1.00763 491388 0.968729 589.608 0.00205143 
0.07665 0.0110869 2.02895e+06 0 0 1.53961e+06 1.01176 -655.706 0 0.950698 1.00678 489339 0.964714 655.706 0.00224217 
0.0803 0.0110731 2.0289e+06 0 0 1.54178e+06 1.01321 -725.856 0 0.943786 1.00586 487120 0.960364 725.856 0.00244033 
0.08395 0.0110581 2.02885e+06 0 0 1.54412e+06 1.01478 -800.039 0 0.936434 1.00486 484725 0.955665 800.039 0.00264546 
0.0876 0.0110421 2.0288e+06 0 0 1.54665e+06 1.01647 -878.213 0 0.928635 1.00377 482147 0.950605 878.213 0.00285705 
0.09125 0.011025 2.02875e+06 0 0 1.54937e+06 1.01828 -960.314 0 0.920384 1.0026 479379 0.945171 960.314 0.00307456 
0.0949 0.0110068 2.0287e+06 0 0 1.55228e+06 1.02022 -1046.25 0 0.911677 1.00132 476417 0.939354 1046.25 0.00329737 
0.09855 0.0109874 2.02865e+06 0 0 1.5554e+06 1.02229 -1135.92 0 0.902511 0.999952 473254 0.933142 1135.92 0.00352482 
0.1022 0.0109669 2.0286e+06 0 0 1.55871e+06 1.02449 -1229.18 0 0.892886 0.998475 469887 0.926524 1229.18 0.0037562 
0.10585 0.0109452 2.02855e+06 0 0 1.56224e+06 1.02684 -1325.87 0 0.882801 0.996888 466309 0.919493 1325.87 0.00399076 
0.1095 0.0109224 2.0285e+06 0 0 1.56598e+06 1.02932 -1425.8 0 0.872258 0.995184 462518 0.912039 1425.8 0.0042277 
0.11315 0.0108984 2.02845e+06 0 0 1.56994e+06 1.03195 -1528.78 0 0.861258 0.993358 458508 0.904154 1528.78 0.00446621 
0.1168 0.0108732 2.0284e+06 0 0 1.57412e+06 1.03472 -1634.57 0 0.849806 0.991404 454276 0.895831 1634.57 0.00470543 
0.12045 0.0108469 2.02835e+06 0 0 1.57853e+06 1.03765 -1742.93 0 0.837903 0.989314 449818 0.887063 1742.93 0.00494452 
0.1241 0.0108194 2.0283e+06 0 0 1.58317e+06 1.04072 -1853.62 0 0.825554 0.987081 445131 0.877842 1853.62 0.00518262 
0.12775 0.0107907 2.02825e+06 0 0 1.58804e+06 1.04395 -1966.37 0 0.812761 0.984697 440212 0.868161 1966.37 0.00541888 
0.1314 0.0107609 2.0282e+06 0 0 1.59315e+06 1.04733 -2080.95 0 0.799527 0.982154 435055 0.858011 2080.95 0.00565253 
0.13505 0.0107299 2.02815e+06 0 0 1.59849e+06 1.05087 -2197.11 0 0.78585 0.979439 429655 0.847384 2197.11 0.00588283 
0.1387 0.0106977 2.0281e+06 0 0 1.60409e+06 1.05458 -2314.68 0 0.771725 0.976543 424008 0.836266 2314.68 0.00610916 
0.14235 0.0106643 2.02805e+06 0 0 1.60995e+06 1.05845 -2433.51 0 0.757143 0.973451 418104 0.824642 2433.51 0.00633106 
0.146 0.0106297 2.028e+06 0 0 1.61607e+06 1.0625 -2553.56 0 0.742084 0.970146 411933 0.81249 2553.56 0.00654827 
0.14965 0.0105938 2.02795e+06 0 0 1.62247e+06 1.06674 -2674.92 0 0.726519 0.966607 405479 0.799782 2674.92 0.00676082 
0.1533 0.0105564 2.0279e+06 0 0 1.62918e+06 1.07117 -2797.85 0 0.710404 0.962809 398725 0.786478 2797.85 0.00696915 
0.15695 0.0105176 2.02785e+06 0 0 1.63621e+06 1.07582 -2922.87 0 0.693672 0.958719 391642 0.772526 2922.87 0.00717421 
0.1606 0.010477 2.0278e+06 0 0 1.6436e+06 1.08071 -3050.82 0 0.676234 0.954297 384196 0.757857 3050.82 0.00737769 
0.16425 0.0104345 2.02775e+06 0 0 1.65141e+06 1.08587 -3182.95 0 0.657964 0.949488 376340 0.74238 3182.95 0.00758219 
0.1679 0.0103898 2.0277e+06 0 0 1.65969e+06 1.09134 -3321.11 0 0.638691 0.944224 368014 0.725974 3321.11 0.00779157 
0.17155 0.0103424 2.02765e+06 0 0 1.66851e+06 1.09717 -3467.86 0 0.618191 0.938412 359140 0.708485 3467.86 0.00801135 
0.1752 0.0102919 2.0276e+06 0 0 1.67798e+06 1.10343 -3626.68 0 0.59617 0.931934 349618 0.689717 3626.68 0.00824919 
0.17885 0.0102377 2.02755e+06 0 0 1.68823e+06 1.11019 -3802.22 0 0.572247 0.92463 339323 0.669424 3802.22 0.00851553 
0.1825 0.010179 2.0275e+06 0 0 1.6994e+06 1.11757 -4000.55 0 0.565007 0.916288 328101 0.647301 4000.55 0.00879471 
0.18615 0.0101374 2.02745e+06 0 0 1.70791e+06 1.12319 -4305.51 0 0.843898 0.909639 319539 0.630425 4305.51 0.00543882 
0.1898 0.010091 2.0274e+06 0 0 1.71744e+06 1.12949 -4654.42 0 0.841639 0.901888 309958 0.611539 4654.42 0.00597514 
0.19345 0.010035 2.02735e+06 0 0 1.72889e+06 1.13704 -5108.78 0 0.819397 0.892123 298463 0.588874 5108.78 0.00721347 
0.1971 0.00996585 2.0273e+06 0 0 1.74297e+06 1.14633 -5705.01 0 0.789656 0.879358 284327 0.560996 5705.01 0.00889808 
0.20075 0.00987921 2.02725e+06 0 0 1.76065e+06 1.15799 -6479.23 0 0.749755 0.862041 266599 0.526031 6479.23 0.0111386 
0.2044 0.00977025 2.0272e+06 0 0 1.78306e+06 1.17276 -7446.99 0 0.696583 0.837696 244135 0.481719 7446.99 0.0139969 
0.20805 0.00963483 2.02715e+06 0 0 1.81137e+06 1.1914 -8554.56 0 0.627054 0.802363 215784 0.425788 8554.56 0.0173843 
0.2117 0.00947206 2.0271e+06 0 0 1.84618e+06 1.21434 -9584.89 0 0.539241 0.74987 180915 0.356993 9584.89 0.0208759 
0.21535 0.00928881 2.02705e+06 0 0 1.88656e+06 1.24092 -10050.9 0 0.434555 0.671632 140492 0.277235 10050.9 0.0234755 
0.219 0.00910397 2.027e+06 0 0 1.9286e+06 1.26861 -9305.72 0 0.320679 0.559806 98398.6 0.194176 9305.72 0.0236446 
0.22265 0.00894503 2.02695e+06 0 0 1.96582e+06 1.29312 -7200.69 0 0.212476 0.418132 61127.8 0.12063 7200.69 0.0202969 
0.2263 0.00883184 2.0269e+06 0 0 1.99293e+06 1.31099 -4598.69 0 0.126014 0.272548 33970.1 0.0670386 4598.69 0.0144348 
0.22995 0.00876395 2.02685e+06 0 0 2.00943e+06 1.32187 -2523.36 0 0.0682527 0.15625 17422.8 0.0343839 2523.36 0.00865609 
0.2336 0.00872788 2.0268e+06 0 0 2.01826e+06 1.32772 -1261.05 0 0.0348671 0.0817399 8538.12 0.0168504 1261.05 0.00460715 
0.23725 0.00871004 2.02675e+06 0 0 2.02265e+06 1.33064 -600.849 0 0.0172818 0.0406144 4099.29 0.00809038 600.849 0.00229268 
0.2409 0.00870154 2.0267e+06 0 0 2.02474e+06 1.33205 -280.548 0 0.00846202 0.0197134 1956.18 0.00386082 280.548 0.00110555 
0.24455 0.00869761 2.02665e+06 0 0 2.02572e+06 1.33272 -130.25 0 0.00413243 0.00949583 934.581 0.00184458 130.25 0.000527067 
0.2482 0.00869585 2.0266e+06 0 0 2.02615e+06 1.33304 -60.5691 0 0.00202152 0.00457493 448.501 0.000885229 60.5691 0.000250976 
0.25185 0.00869512 2.02655e+06 0 0 2.02633e+06 1.33319 -28.3123 0 0.0009922 0.00221215 216.46 0.000427248 28.3123 0.000119936 
0.2555 0.00869488 2.0265e+06 0 0 2.02639e+06 1.33326 -13.3248 0 0.000488754 0.00107487 105.081 0.000207415 13.3248 5.76352e-05 
0.25915 0.00869487 2.02645e+06 0 0 2.0264e+06 1.3333 -6.31796 0 0.000241544 0.000524876 51.2904 0.000101242 6.31796 2.78672e-05 
0.2628 0.00869498 2.0264e+06 0 0 2.02637e+06 1.33332 -3.0181 0 0.000119685 0.000257471 25.1545 4.96535e-05 3.0181 1.35547e-05 
0.26645 0.00869514 2.02635e+06 0 0 2.02634e+06 1.33333 -1.45206 0 5.94157e-05 0.000126786 12.3855 2.44489e-05 1.45206 6.62878e-06 
0.2701 0.00869533 2.0263e+06 0 0 2.02629e+06 1.33333 -0.703192 0 2.953e-05 6.26248e-05 6.11739 1.2076e-05 0.703192 3.2568e-06 
0.27375 0.00869553 2.02625e+06 0 0 2.02625e+06 1.33333 -0.342519 0 1.46834e-05 3.10028e-05 3.02838 5.9783e-06 0.342519 1.60619e-06 
0.2774 0.00869574 2.0262e+06 0 0 2.0262e+06 1.33333 -0.16767 0 7.29991e-06 1.5371e-05 1.50143 2.96403e-06 0.16767 7.94457e-07 
0.28105 0.00869595 2.02615e+06 0 0 2.02615e+06 1.33333 -0.0824156 0 3.62653e-06 7.62667e-06 0.744965 1.4707e-06 0.0824156 3.93779e-07 
0.2847 0.00869617 2.0261e+06 0 0 2.0261e+06 1.33333 -0.0406414 0 1.79941e-06 3.78457e-06 0.369672 7.2982e-07 0.0406414 1.95435e-07 
0.28835 0.00869638 2.02605e+06 0 0 2.02605e+06 1.33333 -0.0200896 0 8.91302e-07 1.8771e-06 0.183352 3.6199e-07 0.0200896 9.70545e-08 
0.292 0.00869659 2.026e+06 0 0 2.026e+06 1.33333 -0.00994659 0 4.40505e-07 9.30033e-07 0.0908442 1.79357e-07 0.00994659 4.8197e-08 
0.29565 0.00869681 2.02595e+06 0 0 2.02595e+06 1.33333 -0.00492916 0 2.17077e-07 4.60037e-07 0.0449357 8.87202e-08 0.00492916 2.39212e-08 
0.2993 0.00869702 2.0259e+06 0 0 2.0259e+06 1.33333 -0.00244339 0 1.06545e-07 2.2701e-07 0.022174 4.3781e-08 0.00244339 1.18608e-08 
0.30295 0.00869724 2.02585e+06 0 0 2.02585e+06 1.33333 -0.00121088 0 5.19729e-08 1.11623e-07 0.0109031 2.1528e-08 0.00121088 5.87293e-09 
0.3066 0.00869745 2.0258e+06 0 0 2.0258e+06 1.33333 -0.00059966 0 2.50856e-08 5.45749e-08 0.0053308 1.05258e-08 0.000599661 2.90338e-09 
0.31025 0.00869767 2.02575e+06 0 0 2.02575e+06 1.33333 -0.000296666 0 1.18607e-08 2.64157e-08 0.00258025 5.0949e-09 0.000296666 1.43298e-09 
0.3139 0.00869788 2.0257e+06 0 0 2.0257e+06 1.33333 -0.00014659 0 5.3651e-09 1.25377e-08 0.00122466 2.41825e-09 0.000146591 7.06144e-10 
0.31755 0.0086981 2.02565e+06 0 0 2.02565e+06 1.33333 -7.23457e-05 0 2.17498e-09 5.70567e-09 0.000557321 1.10053e-09 7.23481e-05 3.47587e-10 
0.3212 0.00869831 2.0256e+06 0 0 2.0256e+06 1.33333 -3.55169e-05 0 6.01889e-10 2.34093e-09 0.000228658 4.51537e-10 3.55197e-05 1.71208e-10 
0.32485 0.00869853 2.02555e+06 0 0 2.02555e+06 1.33333 -7.40548e-05 0 2.54389e-11 0 0.000197142 3.8931e-10 7.40566e-05 -2.36054e-12 
0.3285 0.00869874 2.0255e+06 0 0 2.0255e+06 1.33333 -8.16639e-06 0 0 0 0.000196365 3.87786e-10 8.16754e-06 0 
0.33215 0.00869896 2.02545e+06 0 0 2.02545e+06 1.33333 -6.06416e-07 0 0 0 0.000196463 3.87989e-10 6.08215e-07 0 
0.3358 0.00869917 2.0254e+06 0 0 2.0254e+06 1.33333 -1.76221e-06 0 0 0 0.000195744 3.86578e-10 1.76559e-06 0 
0.33945 0.00869938 2.02535e+06 0 0 2.02535e+06 1.33333 -9.12712e-07 0 0 0 0.000195317 3.85745e-10 9.14704e-07 0 
0.3431 0.0086996 2.0253e+06 0 0 2.0253e+06 1.33333 4.59701e-08 0 0 0 0.000195284 3.85689e-10 -4.57948e-08 0 
0.34675 0.00869981 2.02525e+06 0 0 2.02525e+06 1.33333 4.56023e-07 0 0 0 0.000195448 3.86023e-10 -4.54579e-07 0 
0.3504 0.00870003 2.0252e+06 0 0 2.0252e+06 1.33333 5.41834e-07 0 0 0 0.000195665 3.8646e-10 -5.40219e-07 0 
0.35405 0.00870024 2.02515e+06 0 0 2.02515e+06 1.33333 5.22609e-07 0 0 0 0.000195878 3.86892e-10 -5.19402e-07 0 
0.3577 0.00870046 2.0251e+06 0 0 2.0251e+06 1.33333 4.39929e-07 0 0 0 0.000196061 3.87263e-10 -4.38562e-07 0 
0.36135 0.00870067 2.02505e+06 0 0 2.02505e+06 1.33333 3.23175e-07 0 0 0 0.000196197 3.87541e-10 -3.21875e-07 0 
0.365 0.00870089 2.025e+06 0 0 2.025e+06 1.33333 2.2909e-07 0 0 0 0.000196293 3.87739e-10 -2.27595e-07 0 


0 0.0112 2.03e+06 0 0 1.5225e+06 1 0 0 1.0149 1.01407 507500 1 0 8.2044e-06 
0.00365 0.0111997 2.02995e+06 0 0 1.52254e+06 1.00005 -3.92447 0 1.01444 1.01404 507405 0.999838 3.92447 2.98986e-05 
0.0073 0.0111992 2.0299e+06 0 0 1.52262e+06 1.00013 -9.09826 0 1.01386 1.01399 507282 0.99962 9.09826 5.65965e-05 
0.01095 0.0111984 2.02985e+06 0 0 1.52272e+06 1.00022 -15.6774 0 1.01315 1.01393 507127 0.999338 15.6774 8.86796e-05 
0.0146 0.0111974 2.0298e+06 0 0 1.52287e+06 1.00034 -23.8205 0 1.01229 1.01385 506934 0.998983 23.8205 0.000126517 
0.01825 0.0111961 2.02975e+06 0 0 1.52305e+06 1.00049 -33.6879 0 1.01127 1.01376 506698 0.998543 33.6879 0.000170463 
0.0219 0.0111945 2.0297e+06 0 0 1.52328e+06 1.00066 -45.4406 0 1.01008 1.01365 506415 0.99801 45.4406 0.000220853 
0.02555 0.0111926 2.02965e+06 0 0 1.52357e+06 1.00088 -59.2395 0 1.00869 1.01352 506079 0.997373 59.2395 0.000278003 
0.0292 0.0111902 2.0296e+06 0 0 1.52392e+06 1.00113 -75.2443 0 1.0071 1.01336 505685 0.996619 75.2443 0.000342205 
0.03285 0.0111875 2.02955e+06 0 0 1.52432e+06 1.00142 -93.6126 0 1.00529 1.01318 505225 0.995739 93.6126 0.000413728 
0.0365 0.0111842 2.0295e+06 0 0 1.5248e+06 1.00176 -114.499 0 1.00324 1.01298 504695 0.994719 114.499 0.000492812 
0.04015 0.0111805 2.02945e+06 0 0 1.52536e+06 1.00215 -138.054 0 1.00095 1.01274 504089 0.993547 138.054 0.000579668 
0.0438 0.0111762 2.0294e+06 0 0 1.526e+06 1.0026 -164.422 0 0.998383 1.01246 503399 0.992212 164.422 0.000674476 
0.04745 0.0111713 2.02935e+06 0 0 1.52673e+06 1.0031 -193.744 0 0.99554 1.01216 502619 0.990699 193.744 0.000777381 
0.0511 0.0111658 2.0293e+06 0 0 1.52756e+06 1.00367 -226.151 0 0.9924 1.01181 501742 0.988996 226.151 0.000888491 
0.05475 0.0111596 2.02925e+06 0 0 1.52849e+06 1.0043 -261.767 0 0.988951 1.01142 500763 0.987089 261.767 0.00100788 
0.0584 0.0111527 2.0292e+06 0 0 1.52953e+06 1.00501 -300.707 0 0.985179 1.01098 499673 0.984966 300.707 0.00113557 
0.06205 0.0111451 2.02915e+06 0 0 1.53068e+06 1.0058 -343.076 0 0.981069 1.0105 498467 0.982612 343.076 0.00127155 
0.0657 0.0111367 2.0291e+06 0 0 1.53196e+06 1.00666 -388.965 0 0.976608 1.00997 497137 0.980015 388.965 0.00141578 
0.06935 0.0111275 2.02905e+06 0 0 1.53337e+06 1.00761 -438.457 0 0.971786 1.00938 495676 0.97716 438.457 0.00156814 
0.073 0.0111175 2.029e+06 0 0 1.53492e+06 1.00866 -491.617 0 0.966588 1.00873 494079 0.974034 491.617 0.00172849 
0.07665 0.0111065 2.02895e+06 0 0 1.53661e+06 1.00979 -548.498 0 0.961005 1.00802 492337 0.970624 548.498 0.00189662 
0.0803 0.0110947 2.0289e+06 0 0 1.53846e+06 1.01103 -609.137 0 0.955027 1.00724 490444 0.966916 609.137 0.0020723 
0.08395 0.0110819 2.02885e+06 0 0 1.54046e+06 1.01237 -673.554 0 0.948643 1.00639 488394 0.962899 673.554 0.00225522 
0.0876 0.0110681 2.0288e+06 0 0 1.54262e+06 1.01381 -741.75 0 0.941847 1.00547 486181 0.958558 741.75 0.00244504 
0.09125 0.0110533 2.02875e+06 0 0 1.54495e+06 1.01537 -813.709 0 0.934629 1.00447 483797 0.953883 813.709 0.00264136 
0.0949 0.0110375 2.0287e+06 0 0 1.54746e+06 1.01705 -889.395 0 0.926983 1.00339 481238 0.948861 889.395 0.00284373 
0.09855 0.0110206 2.02865e+06 0 0 1.55015e+06 1.01884 -968.753 0 0.918905 1.00222 478498 0.94348 968.753 0.00305165 
0.1022 0.0110026 2.0286e+06 0 0 1.55303e+06 1.02076 -1051.71 0 0.910391 1.00096 475570 0.93773 1051.71 0.00326458 
0.10585 0.0109836 2.02855e+06 0 0 1.5561e+06 1.0228 -1138.16 0 0.901435 0.9996 472450 0.931601 1138.16 0.00348193 
0.1095 0.0109634 2.0285e+06 0 0 1.55937e+06 1.02497 -1227.99 0 0.892037 0.998142 469132 0.925081 1227.99 0.00370308 
0.11315 0.0109422 2.02845e+06 0 0 1.56284e+06 1.02728 -1321.07 0 0.882195 0.996576 465611 0.918162 1321.07 0.00392736 
0.1168 0.0109198 2.0284e+06 0 0 1.56652e+06 1.02972 -1417.25 0 0.871907 0.994897 461884 0.910834 1417.25 0.00415409 
0.12045 0.0108963 2.02835e+06 0 0 1.57041e+06 1.0323 -1516.36 0 0.861174 0.9931 457944 0.903088 1516.36 0.00438256 
0.1241 0.0108716 2.0283e+06 0 0 1.57451e+06 1.03503 -1618.22 0 0.849995 0.991177 453789 0.894914 1618.22 0.00461206 
0.12775 0.0108458 2.02825e+06 0 0 1.57884e+06 1.0379 -1722.66 0 0.83837 0.989121 449412 0.886304 1722.66 0.00484189 
0.1314 0.0108188 2.0282e+06 0 0 1.58339e+06 1.04092 -1829.5 0 0.826295 0.986926 444808 0.877247 1829.5 0.00507137 
0.13505 0.0107906 2.02815e+06 0 0 1.58818e+06 1.04409 -1938.58 0 0.813767 0.98458 439972 0.867731 1938.58 0.00529991 
0.1387 0.0107613 2.0281e+06 0 0 1.5932e+06 1.04742 -2049.78 0 0.800778 0.982075 434897 0.857742 2049.78 0.00552697 
0.14235 0.0107307 2.02805e+06 0 0 1.59848e+06 1.05091 -2163.01 0 0.787316 0.979398 429573 0.847264 2163.01 0.00575218 
0.146 0.0106989 2.028e+06 0 0 1.60401e+06 1.05458 -2278.28 0 0.773361 0.976534 423991 0.836274 2278.28 0.00597535 
0.14965 0.0106657 2.02795e+06 0 0 1.60981e+06 1.05842 -2395.69 0 0.758883 0.973467 418135 0.824745 2395.69 0.00619657 
0.1533 0.0106312 2.0279e+06 0 0 1.61591e+06 1.06245 -2515.51 0 0.743841 0.970176 411988 0.81264 2515.51 0.0064163 
0.15695 0.0105951 2.02785e+06 0 0 1.62232e+06 1.0667 -2638.22 0 0.728175 0.966632 405525 0.799912 2638.22 0.00663552 
0.1606 0.0105573 2.0278e+06 0 0 1.62908e+06 1.07117 -2764.57 0 0.7118 0.962804 398716 0.7865 2764.57 0.00685587 
0.16425 0.0105176 2.02775e+06 0 0 1.63623e+06 1.07589 -2895.68 0 0.694606 0.958648 391520 0.772324 2895.68 0.00707988 
0.1679 0.0104758 2.0277e+06 0 0 1.64382e+06 1.08091 -3033.16 0 0.67644 0.954109 383884 0.75728 3033.16 0.00731127 
0.17155 0.0104315 2.02765e+06 0 0 1.65191e+06 1.08625 -3179.22 0 0.657105 0.949117 375743 0.741239 3179.22 0.00755531 
0.1752 0.0103843 2.0276e+06 0 0 1.66059e+06 1.09199 -3336.84 0 0.636345 0.943579 367014 0.724036 3336.84 0.00781925 
0.17885 0.0103337 2.02755e+06 0 0 1.66996e+06 1.09818 -3509.97 0 0.613828 0.937377 357592 0.705467 3509.97 0.00811289 
0.1825 0.0102791 2.0275e+06 0 0 1.68015e+06 1.10491 -3703.7 0 0.60793 0.930354 347352 0.685281 3703.7 0.0083694 
0.18615 0.0102443 2.02745e+06 0 0 1.68726e+06 1.10961 -3961.05 0 0.869041 0.925259 340191 0.671171 3961.05 0.00465109 
0.1898 0.0102056 2.0274e+06 0 0 1.69519e+06 1.11485 -4254.41 0 0.868968 0.919392 332212 0.655445 4254.41 0.00500102 
0.19345 0.0101594 2.02735e+06 0 0 1.70456e+06 1.12104 -4632.01 0 0.852168 0.912196 322791 0.636874 4632.01 0.00595429 
0.1971 0.010103 2.0273e+06 0 0 1.71592e+06 1.12854 -5126.78 0 0.829866 0.903058 311378 0.61437 5126.78 0.00726113 
0.20075 0.0100328 2.02725e+06 0 0 1.73003e+06 1.13785 -5779.04 0 0.799968 0.891033 297218 0.586446 5779.04 0.00903497 
0.2044 0.00994419 2.0272e+06 0 0 1.74787e+06 1.14961 -6630.3 0 0.759837 0.874627 279326 0.551157 6630.3 0.0113892 
0.20805 0.00983218 2.02715e+06 0 0 1.77064e+06 1.16462 -7703.5 0 0.706399 0.85146 256507 0.506143 7703.5 0.0143912 
0.2117 0.00969226 2.0271e+06 0 0 1.79957e+06 1.18368 -8953.94 0 0.63658 0.817692 227527 0.448971 8953.94 0.0179629 
0.21535 0.00952313 2.02705e+06 0 0 1.83543e+06 1.20729 -10169.4 0 0.548376 0.767225 191621 0.378128 10169.4 0.0216944 
0.219 0.0093312 2.027e+06 0 0 1.87742e+06 1.23494 -10839 0 0.44294 0.691236 149577 0.295169 10839 0.0245909 
0.22265 0.00913549 2.02695e+06 0 0 1.92173e+06 1.26412 -10219.8 0 0.327559 0.580715 105216 0.207634 10219.8 0.0250354 
0.2263 0.00896529 2.0269e+06 0 0 1.9615e+06 1.29031 -8030.34 0 0.21701 0.437208 65398.4 0.129061 8030.34 0.021733 
0.22995 0.00884328 2.02685e+06 0 0 1.99071e+06 1.30956 -5162.46 0 0.12808 0.286007 36140.2 0.0713229 5162.46 0.0155549 
0.2336 0.00877024 2.0268e+06 0 0 2.00847e+06 1.32128 -2823.64 0 0.0686547 0.163304 18326.5 0.0361684 2823.64 0.00930756 
0.23725 0.00873181 2.02675e+06 0 0 2.0179e+06 1.32751 -1397.24 0 0.0345699 0.0845016 8847.33 0.0174611 1397.24 0.00490569 
0.2409 0.00871306 2.0267e+06 0 0 2.02252e+06 1.33059 -656.861 0 0.0168567 0.0413597 4177.07 0.00824408 656.861 0.00240648 
0.24455 0.00870427 2.02665e+06 0 0 2.02469e+06 1.33204 -302.064 0 0.00811694 0.0197394 1958.8 0.00386608 302.064 0.0011414 
0.2482 0.00870027 2.0266e+06 0 0 2.02568e+06 1.33273 -137.976 0 0.00390002 0.00934462 919.588 0.00181504 137.976 0.000534754 
0.25185 0.00869852 2.02655e+06 0 0 2.02612e+06 1.33305 -63.0836 0 0.00187885 0.00442549 433.798 0.00085623 63.0836 0.000250172 
0.2555 0.00869781 2.0265e+06 0 0 2.02629e+06 1.3332 -28.9792 0 0.000909274 0.00210482 205.94 0.000406494 28.9792 0.000117473 
0.25915 0.00869758 2.02645e+06 0 0 2.02635e+06 1.33327 -13.4008 0 0.000442247 0.0010069 98.4312 0.000194293 13.4008 5.54958e-05 
0.2628 0.00869759 2.0264e+06 0 0 2.02635e+06 1.3333 -6.24352 0 0.000216114 0.000484641 47.3572 9.34805e-05 6.24352 2.63979e-05 
0.26645 0.00869771 2.02635e+06 0 0 2.02633e+06 1.33332 -2.93171 0 0.000106044 0.000234638 22.9233 4.52505e-05 2.93171 1.26445e-05 
0.2701 0.00869787 2.0263e+06 0 0 2.02629e+06 1.33333 -1.38733 0 5.22089e-05 0.000114199 11.1558 2.2022e-05 1.38733 6.09678e-06 
0.27375 0.00869806 2.02625e+06 0 0 2.02624e+06 1.33333 -0.661412 0 2.57701e-05 5.58333e-05 5.45395 1.07666e-05 0.661412 2.95731e-06 
0.2774 0.00869827 2.0262e+06 0 0 2.0262e+06 1.33333 -0.31752 0 1.27428e-05 2.73991e-05 2.67636 5.28351e-06 0.31752 1.44199e-06 
0.28105 0.00869848 2.02615e+06 0 0 2.02615e+06 1.33333 -0.153388 0 6.30771e-06 1.34846e-05 1.31717 2.60034e-06 0.153388 7.0622e-07 
0.2847 0.00869869 2.0261e+06 0 0 2.0261e+06 1.33333 -0.0745076 0 3.12354e-06 6.65047e-06 0.649611 1.28249e-06 0.0745076 3.47101e-07 
0.28835 0.0086989 2.02605e+06 0 0 2.02605e+06 1.33333 -0.0363619 0 1.54639e-06 3.28438e-06 0.320814 6.33378e-07 0.0363619 1.71062e-07 
0.292 0.00869912 2.026e+06 0 0 2.026e+06 1.33333 -0.0178141 0 7.64934e-07 1.62305e-06 0.158537 3.13005e-07 0.0178141 8.44672e-08 
0.29565 0.00869933 2.02595e+06 0 0 2.02595e+06 1.33333 -0.00875384 0 3.77812e-07 8.02021e-07 0.0783403 1.54674e-07 0.00875384 4.17591e-08 
0.2993 0.00869955 2.0259e+06 0 0 2.0259e+06 1.33333 -0.00431132 0 1.86166e-07 3.95998e-07 0.0386805 7.6372e-08 0.00431133 2.06568e-08 
0.30295 0.00869976 2.02585e+06 0 0 2.02585e+06 1.33333 -0.00212662 0 9.13895e-08 1.95185e-07 0.0190654 3.76443e-08 0.00212662 1.02184e-08 
0.3066 0.00869997 2.0258e+06 0 0 2.0258e+06 1.33333 -0.00104992 0 4.45795e-08 9.5902e-08 0.00936756 1.84965e-08 0.00104992 5.05265e-09 
0.31025 0.00870019 2.02575e+06 0 0 2.02575e+06 1.33333 -0.000518539 0 2.14903e-08 4.68486e-08 0.0045761 9.03587e-09 0.000518538 2.49651e-09 
0.3139 0.0087004 2.0257e+06 0 0 2.0257e+06 1.33333 -0.000256079 0 1.01159e-08 2.26339e-08 0.00221084 4.36559e-09 0.000256079 1.23238e-09 
0.31755 0.00870062 2.02565e+06 0 0 2.02565e+06 1.33333 -0.00012642 0 4.51643e-09 1.06905e-08 0.00104423 2.06202e-09 0.000126422 6.07829e-10 
0.3212 0.00870083 2.0256e+06 0 0 2.0256e+06 1.33333 -6.23914e-05 0 1.75595e-09 4.80068e-09 0.000468923 9.25993e-10 6.2393e-05 2.99745e-10 
0.32485 0.00870105 2.02555e+06 0 0 2.02555e+06 1.33333 -0.000806735 0 3.99632e-10 0 0.000198754 3.92494e-10 0.000806738 -3.88745e-11 
0.3285 0.00870126 2.0255e+06 0 0 2.0255e+06 1.33333 -4.70803e-05 0 1.45755e-11 0 0.000184442 3.64241e-10 4.70826e-05 -1.45014e-12 
0.33215 0.00870148 2.02545e+06 0 0 2.02545e+06 1.33333 3.20609e-05 0 0 0 0.000193203 3.81551e-10 -3.20584e-05 0 
0.3358 0.00870169 2.0254e+06 0 0 2.0254e+06 1.33333 8.55682e-06 0 0 0 0.000197588 3.9022e-10 -8.55533e-06 0 
0.33945 0.00870191 2.02535e+06 0 0 2.02535e+06 1.33333 1.12045e-06 0 0 0 0.000198458 3.91948e-10 -1.11891e-06 0 
0.3431 0.00870212 2.0253e+06 0 0 2.0253e+06 1.33333 -1.65818e-07 0 0 0 0.000198467 3.91975e-10 1.66757e-07 0 
0.34675 0.00870234 2.02525e+06 0 0 2.02525e+06 1.33333 -7.8967e-07 0 0 0 0.000198164 3.91387e-10 7.91034e-07 0 
0.3504 0.00870255 2.0252e+06 0 0 2.0252e+06 1.33333 -1.16165e-06 0 0 0 0.000197691 3.90462e-10 1.16237e-06 0 
0.35405 0.00870277 2.02515e+06 0 0 2.02515e+06 1.33333 -1.23221e-06 0 0 0 0.000197174 3.8945e-10 1.23261e-06 0 
0.3577 0.00870298 2.0251e+06 0 0 2.0251e+06 1.33333 -1.06365e-06 0 0 0 0.000196715 3.88554e-10 1.06346e-06 0 
0.36135 0.0087032 2.02505e+06 0 0 2.02505e+06 1.33333 -7.8517e-07 0 0 0 0.000196367 3.87875e-10 7.86685e-07 0 
0.365 0.00870341 2.025e+06 0 0 2.025e+06 1.33333 -5.19826e-07 0 0 0 0.00019613 3.87418e-10 5.20497e-07 0 


0 0.0112 2.03e+06 0 0 1.5225e+06 1 0 0 1.01493 1.01407 507500 1 0 5.49957e-06 
0.00365 0.0111998 2.02995e+06 0 0 1.52253e+06 1.00004 -3.06825 0 1.01457 1.01404 507423 0.999872 3.06825 2.23162e-05 
0.0073 0.0111995 2.0299e+06 0 0 1.52258e+06 1.0001 -7.13776 0 1.01411 1.01401 507323 0.9997 7.13776 4.32205e-05 
0.01095 0.0111989 2.02985e+06 0 0 1.52265e+06 1.00017 -12.3422 0 1.01354 1.01396 507196 0.999475 12.3422 6.8563e-05 
0.0146 0.0111982 2.0298e+06 0 0 1.52276e+06 1.00027 -18.8189 0 1.01285 1.01389 507040 0.999191 18.8189 9.86884e-05 
0.01825 0.0111972 2.02975e+06 0 0 1.5229e+06 1.00039 -26.7079 0 1.01203 1.01382 506848 0.998839 26.7079 0.000133932 
0.0219 0.011196 2.0297e+06 0 0 1.52308e+06 1.00053 -36.1517 0 1.01106 1.01373 506618 0.99841 36.1517 0.000174619 
0.02555 0.0111944 2.02965e+06 0 0 1.52331e+06 1.0007 -47.2937 0 1.00993 1.01362 506344 0.997894 47.2937 0.000221061 
0.0292 0.0111926 2.0296e+06 0 0 1.52358e+06 1.00091 -60.2784 0 1.00863 1.0135 506021 0.997283 60.2784 0.000273554 
0.03285 0.0111904 2.02955e+06 0 0 1.52391e+06 1.00114 -75.2496 0 1.00714 1.01335 505645 0.996566 75.2496 0.000332376 
0.0365 0.0111878 2.0295e+06 0 0 1.52429e+06 1.00142 -92.3503 0 1.00546 1.01318 505209 0.995732 92.3503 0.000397788 
0.04015 0.0111847 2.02945e+06 0 0 1.52474e+06 1.00174 -111.721 0 1.00356 1.01298 504709 0.994771 111.721 0.000470026 
0.0438 0.0111812 2.0294e+06 0 0 1.52526e+06 1.00211 -133.501 0 1.00143 1.01276 504139 0.993671 133.501 0.000549304 
0.04745 0.0111772 2.02935e+06 0 0 1.52586e+06 1.00253 -157.825 0 0.999054 1.0125 503493 0.992422 157.825 0.00063581 
0.0511 0.0111727 2.0293e+06 0 0 1.52654e+06 1.003 -184.821 0 0.996425 1.01221 502764 0.99101 184.821 0.000729703 
0.05475 0.0111676 2.02925e+06 0 0 1.5273e+06 1.00353 -214.616 0 0.993526 1.01189 501947 0.989425 214.616 0.000831113 
0.0584 0.0111619 2.0292e+06 0 0 1.52816e+06 1.00412 -247.328 0 0.990343 1.01153 501036 0.987653 247.328 0.000940138 
0.06205 0.0111556 2.02915e+06 0 0 1.52913e+06 1.00477 -283.067 0 0.986863 1.01112 500025 0.985683 283.067 0.00105684 
0.0657 0.0111485 2.0291e+06 0 0 1.53019e+06 1.0055 -321.937 0 0.983073 1.01068 498906 0.983501 321.937 0.00118125 
0.06935 0.0111408 2.02905e+06 0 0 1.53138e+06 1.0063 -364.031 0 0.978959 1.01018 497673 0.981096 364.031 0.00131335 
0.073 0.0111323 2.029e+06 0 0 1.53268e+06 1.00718 -409.432 0 0.97451 1.00964 496321 0.978454 409.432 0.0014531 
0.07665 0.011123 2.02895e+06 0 0 1.53411e+06 1.00815 -458.214 0 0.969714 1.00904 494842 0.975564 458.214 0.0016004 
0.0803 0.0111129 2.0289e+06 0 0 1.53567e+06 1.0092 -510.437 0 0.96456 1.00838 493231 0.972411 510.437 0.00175513 
0.08395 0.011102 2.02885e+06 0 0 1.53737e+06 1.01034 -566.147 0 0.959037 1.00766 491481 0.968984 566.147 0.0019171 
0.0876 0.0110901 2.0288e+06 0 0 1.53921e+06 1.01158 -625.379 0 0.953135 1.00688 489585 0.96527 625.379 0.0020861 
0.09125 0.0110774 2.02875e+06 0 0 1.54121e+06 1.01291 -688.151 0 0.946846 1.00603 487538 0.961257 688.151 0.00226186 
0.0949 0.0110637 2.0287e+06 0 0 1.54337e+06 1.01436 -754.466 0 0.940161 1.00511 485333 0.956934 754.466 0.00244407 
0.09855 0.0110491 2.02865e+06 0 0 1.54569e+06 1.0159 -824.313 0 0.933073 1.00412 482964 0.952287 824.313 0.00263238 
0.1022 0.0110334 2.0286e+06 0 0 1.54817e+06 1.01756 -897.66 0 0.925574 1.00304 480426 0.947306 897.66 0.00282639 
0.10585 0.0110168 2.02855e+06 0 0 1.55084e+06 1.01934 -974.463 0 0.91766 1.00188 477713 0.94198 974.463 0.00302566 
0.1095 0.0109991 2.0285e+06 0 0 1.55368e+06 1.02123 -1054.66 0 0.909324 1.00063 474820 0.936298 1054.66 0.00322971 
0.11315 0.0109803 2.02845e+06 0 0 1.55671e+06 1.02325 -1138.17 0 0.900563 0.99929 471740 0.930248 1138.17 0.00343804 
0.1168 0.0109605 2.0284e+06 0 0 1.55993e+06 1.02539 -1224.91 0 0.891373 0.997848 468470 0.923821 1224.91 0.0036501 
0.12045 0.0109396 2.02835e+06 0 0 1.56335e+06 1.02766 -1314.76 0 0.881749 0.996303 465002 0.917006 1314.76 0.00386534 
0.1241 0.0109176 2.0283e+06 0 0 1.56697e+06 1.03007 -1407.63 0 0.871689 0.994647 461333 0.909792 1407.63 0.00408318 
0.12775 0.0108945 2.02825e+06 0 0 1.57079e+06 1.03261 -1503.38 0 0.861188 0.992875 457456 0.902169 1503.38 0.00430305 
0.1314 0.0108703 2.0282e+06 0 0 1.57483e+06 1.03529 -1601.92 0 0.850242 0.990979 453365 0.894124 1601.92 0.00452443 
0.13505 0.0108449 2.02815e+06 0 0 1.57909e+06 1.03812 -1703.14 0 0.838842 0.988953 449055 0.885645 1703.14 0.00474681 
0.1387 0.0108183 2.0281e+06 0 0 1.58358e+06 1.04109 -1806.97 0 0.82698 0.986786 444517 0.876717 1806.97 0.00496978 
0.14235 0.0107905 2.02805e+06 0 0 1.58831e+06 1.04423 -1913.38 0 0.814641 0.984468 439743 0.867322 1913.38 0.00519306 
0.146 0.0107615 2.028e+06 0 0 1.59328e+06 1.04752 -2022.4 0 0.801804 0.981987 434721 0.857438 2022.4 0.00541652 
0.14965 0.0107311 2.02795e+06 0 0 1.59851e+06 1.05099 -2134.16 0 0.788442 0.979329 429439 0.84704 2134.16 0.00564032 
0.1533 0.0106994 2.0279e+06 0 0 1.60402e+06 1.05464 -2248.93 0 0.774514 0.976476 423879 0.836094 2248.93 0.00586493 
0.15695 0.0106661 2.02785e+06 0 0 1.60983e+06 1.05848 -2367.14 0 0.759964 0.973406 418019 0.824556 2367.14 0.00609131 
0.1606 0.0106312 2.0278e+06 0 0 1.61597e+06 1.06254 -2489.46 0 0.744718 0.970091 411832 0.812372 2489.46 0.00632102 
0.16425 0.0105945 2.02775e+06 0 0 1.62247e+06 1.06684 -2616.89 0 0.728676 0.966497 405283 0.799473 2616.89 0.00655645 
0.1679 0.0105558 2.0277e+06 0 0 1.62937e+06 1.07141 -2750.79 0 0.711704 0.962582 398327 0.78577 2750.79 0.00680109 
0.17155 0.0105147 2.02765e+06 0 0 1.63674e+06 1.07628 -2893.07 0 0.693631 0.958289 390907 0.771154 2893.07 0.00705979 
0.1752 0.0104709 2.0276e+06 0 0 1.64464e+06 1.0815 -3046.26 0 0.674234 0.953548 382956 0.755486 3046.26 0.00733923 
0.17885 0.010424 2.02755e+06 0 0 1.65316e+06 1.08713 -3213.63 0 0.653229 0.948268 374386 0.738598 3213.63 0.00764835 
0.1825 0.0103736 2.0275e+06 0 0 1.6624e+06 1.09324 -3399.43 0 0.648542 0.942336 365095 0.720287 3399.43 0.00787595 
0.18615 0.0103446 2.02745e+06 0 0 1.66834e+06 1.09717 -3614 0 0.8905 0.938393 359110 0.708497 3614 0.00396245 
0.1898 0.0103122 2.0274e+06 0 0 1.67493e+06 1.10153 -3857.5 0 0.891807 0.933901 352468 0.695409 3857.5 0.00417485 
0.19345 0.0102743 2.02735e+06 0 0 1.6826e+06 1.1066 -4165.76 0 0.879161 0.928524 344754 0.680207 4165.76 0.00489654 
0.1971 0.0102286 2.0273e+06 0 0 1.69173e+06 1.11263 -4565.28 0 0.862556 0.921884 335567 0.662096 4565.28 0.00588592 
0.20075 0.0101724 2.02725e+06 0 0 1.70291e+06 1.12001 -5091.39 0 0.84043 0.913402 324343 0.639967 5091.39 0.00724051 
0.2044 0.0101019 2.0272e+06 0 0 1.71688e+06 1.12923 -5787.78 0 0.810729 0.902184 310317 0.612307 5787.78 0.00907531 
0.20805 0.0100124 2.02715e+06 0 0 1.73467e+06 1.14096 -6701.19 0 0.770873 0.886829 292483 0.577132 6701.19 0.0115067 
0.2117 0.00989871 2.0271e+06 0 0 1.75749e+06 1.15599 -7863.28 0 0.717852 0.865095 269612 0.532016 7863.28 0.0146101 
0.21535 0.00975598 2.02705e+06 0 0 1.78665e+06 1.17521 -9243.69 0 0.648611 0.833352 240397 0.474377 9243.69 0.0183262 
0.219 0.0095823 2.027e+06 0 0 1.82309e+06 1.1992 -10649 0 0.561016 0.785744 203910 0.402387 10649 0.0222818 
0.22265 0.00938312 2.02695e+06 0 0 1.86629e+06 1.22765 -11570.5 0 0.455787 0.713449 160658 0.317043 11570.5 0.0255243 
0.2263 0.00917676 2.0269e+06 0 0 1.91272e+06 1.25822 -11182.9 0 0.339459 0.606387 114182 0.225334 11182.9 0.0264036 
0.22995 0.00899369 2.02685e+06 0 0 1.95533e+06 1.28628 -9014.18 0 0.226293 0.463109 71524.4 0.141154 9014.18 0.0233772 
0.2336 0.00886019 2.0268e+06 0 0 1.98723e+06 1.3073 -5896.5 0 0.133772 0.306535 39568 0.0780895 5896.5 0.0170159 
0.23725 0.00877967 2.02675e+06 0 0 2.00682e+06 1.32022 -3241.56 0 0.0713192 0.17563 19933.8 0.0393415 3241.56 0.0102554 
0.2409 0.00873742 2.0267e+06 0 0 2.01719e+06 1.32708 -1596.74 0 0.0354994 0.0903571 9507.76 0.018765 1596.74 0.0053876 
0.24455 0.00871701 2.02665e+06 0 0 2.02223e+06 1.33042 -743.077 0 0.0170483 0.0436919 4421.06 0.00872585 743.077 0.00261545 
0.2482 0.00870759 2.0266e+06 0 0 2.02456e+06 1.33199 -337.27 0 0.00807206 0.0205306 2038.62 0.00402372 337.27 0.00122286 
0.25185 0.00870336 2.02655e+06 0 0 2.02561e+06 1.33271 -151.797 0 0.00381224 0.00955426 940.376 0.00185611 151.797 0.00056365 
0.2555 0.00870153 2.0265e+06 0 0 2.02606e+06 1.33305 -68.3069 0 0.00180583 0.0044455 435.767 0.000860137 68.3069 0.000259163 
0.25915 0.0087008 2.02645e+06 0 0 2.02625e+06 1.3332 -30.8569 0 0.000859976 0.00207736 203.249 0.000401192 30.8569 0.00011955 
0.2628 0.00870058 2.0264e+06 0 0 2.0263e+06 1.33327 -14.0229 0 0.000412031 0.000976812 95.4875 0.000188487 14.0229 5.54765e-05 
0.26645 0.00870059 2.02635e+06 0 0 2.0263e+06 1.3333 -6.41811 0 0.000198597 0.000462488 45.1917 8.9208e-05 6.41811 2.59276e-05 
0.2701 0.00870071 2.0263e+06 0 0 2.02628e+06 1.33332 -2.96011 0 9.62517e-05 0.000220482 21.5401 4.25211e-05 2.96011 1.22089e-05 
0.27375 0.00870087 2.02625e+06 0 0 2.02624e+06 1.33333 -1.37609 0 4.68743e-05 0.000105794 10.3347 2.04016e-05 1.37609 5.79186e-06 
0.2774 0.00870107 2.0262e+06 0 0 2.02619e+06 1.33333 -0.644779 0 2.292e-05 5.10628e-05 4.98794 9.84688e-06 0.644779 2.76709e-06 
0.28105 0.00870127 2.02615e+06 0 0 2.02615e+06 1.33333 -0.304442 0 1.12433e-05 2.47733e-05 2.41986 4.77726e-06 0.304442 1.33059e-06 
0.2847 0.00870148 2.0261e+06 0 0 2.0261e+06 1.33333 -0.144794 0 5.52881e-06 1.20713e-05 1.17912 2.32785e-06 0.144794 6.43538e-07 
0.28835 0.00870169 2.02605e+06 0 0 2.02605e+06 1.33333 -0.0693273 0 2.72327e-06 5.90286e-06 0.576585 1.13834e-06 0.0693273 3.12808e-07 
0.292 0.00870191 2.026e+06 0 0 2.026e+06 1.33333 -0.0333945 0 1.34262e-06 2.89439e-06 0.28272 5.58184e-07 0.0333945 1.52686e-07 
0.29565 0.00870212 2.02595e+06 0 0 2.02595e+06 1.33333 -0.0161711 0 6.62056e-07 1.42196e-06 0.138895 2.74233e-07 0.0161711 7.47801e-08 
0.2993 0.00870234 2.0259e+06 0 0 2.0259e+06 1.33333 -0.00786597 0 3.26261e-07 6.99365e-07 0.0683129 1.34879e-07 0.00786598 3.67197e-08 
0.30295 0.00870255 2.02585e+06 0 0 2.02585e+06 1.33333 -0.00384036 0 1.60508e-07 3.44044e-07 0.0336056 6.63537e-08 0.00384036 1.80645e-08 
0.3066 0.00870277 2.0258e+06 0 0 2.0258e+06 1.33333 -0.00188046 0 7.86959e-08 1.69092e-07 0.0165166 3.26125e-08 0.00188046 8.89778e-09 
0.31025 0.00870298 2.02575e+06 0 0 2.02575e+06 1.33333 -0.000922822 0 3.83301e-08 8.28833e-08 0.00809591 1.5986e-08 0.000922824 4.38563e-09 
0.3139 0.0087032 2.0257e+06 0 0 2.0257e+06 1.33333 -0.000453589 0 1.84253e-08 4.03899e-08 0.00394522 7.79034e-09 0.00045359 2.16217e-09 
0.31755 0.00870341 2.02565e+06 0 0 2.02565e+06 1.33333 -0.000223187 0 8.61483e-09 1.94433e-08 0.00189919 3.75028e-09 0.000223188 1.06596e-09 
0.3212 0.00870363 2.0256e+06 0 0 2.0256e+06 1.33333 -0.0001099 0 3.77724e-09 9.11629e-09 0.000890465 1.75842e-09 0.000109901 5.2559e-10 
0.32485 0.00870384 2.02555e+06 0 0 2.02555e+06 1.33333 -5.41366e-05 0 1.39442e-09 4.02616e-09 0.000393269 7.76617e-10 5.41391e-05 2.59077e-10 
0.3285 0.00870405 2.0255e+06 0 0 2.0255e+06 1.33333 0.000356376 0 2.42833e-10 0 0.000194278 3.83664e-10 -0.000356374 1.84172e-10 
0.33215 0.00870427 2.02545e+06 0 0 2.02545e+06 1.33333 -1.31778e-05 0 1.68126e-12 0 0.000200015 3.95004e-10 1.31803e-05 -1.6727e-13 
0.3358 0.00870448 2.0254e+06 0 0 2.0254e+06 1.33333 -3.42933e-06 0 0 0 0.000198179 3.91388e-10 3.43027e-06 0 
0.33945 0.0087047 2.02535e+06 0 0 2.02535e+06 1.33333 -1.05426e-06 0 0 0 0.000197636 3.90325e-10 1.05633e-06 0 
0.3431 0.00870491 2.0253e+06 0 0 2.0253e+06 1.33333 -1.95364e-06 0 0 0 0.000196847 3.88776e-10 1.95411e-06 0 
0.34675 0.00870513 2.02525e+06 0 0 2.02525e+06 1.33333 -1.41247e-06 0 0 0 0.000196226 3.8756e-10 1.41257e-06 0 
0.3504 0.00870534 2.0252e+06 0 0 2.0252e+06 1.33333 -7.7755e-07 0 0 0 0.000195864 3.86853e-10 7.79087e-07 0 
0.35405 0.00870556 2.02515e+06 0 0 2.02515e+06 1.33333 -2.83935e-07 0 0 0 0.000195714 3.86567e-10 2.85301e-07 0 
0.3577 0.00870577 2.0251e+06 0 0 2.0251e+06 1.33333 8.3134e-08 0 0 0 0.000195725 3.86598e-10 -8.1827e-08 0 
0.36135 0.00870599 2.02505e+06 0 0 2.02505e+06 1.33333 3.30805e-07 0 0 0 0.000195845 3.86846e-10 -3.29641e-07 0 
0.365 0.0087062 2.025e+06 0 0 2.025e+06 1.33333 4.7146e-07 0 0 0 0.00019603 3.8722e-10 -4.69027e-07 0 


0 0.0112 2.03e+06 0 0 1.5225e+06 1 0 0 1.01495 1.01407 507500 1 0 3.68647e-06 
0.00365 0.0111999 2.02995e+06 0 0 1.52251e+06 1.00003 -2.40489 0 1.01466 1.01405 507436 0.999899 2.40489 1.67396e-05 
0.0073 0.0111997 2.0299e+06 0 0 1.52255e+06 1.00008 -5.61195 0 1.0143 1.01402 507354 0.999762 5.61195 3.31206e-05 
0.01095 0.0111993 2.02985e+06 0 0 1.5226e+06 1.00014 -9.73486 0 1.01384 1.01398 507251 0.999583 9.73486 5.31454e-05 
0.0146 0.0111988 2.0298e+06 0 0 1.52268e+06 1.00021 -14.8915 0 1.01328 1.01393 507123 0.999356 14.8915 7.71287e-05 
0.01825 0.011198 2.02975e+06 0 0 1.52278e+06 1.00031 -21.2032 0 1.01262 1.01387 506967 0.999073 21.2032 0.000105381 
0.0219 0.0111971 2.0297e+06 0 0 1.52292e+06 1.00042 -28.7945 0 1.01183 1.01379 506779 0.998727 28.7945 0.000138208 
0.02555 0.0111959 2.02965e+06 0 0 1.52309e+06 1.00056 -37.7923 0 1.01092 1.01371 506555 0.998311 37.7923 0.000175906 
0.0292 0.0111945 2.0296e+06 0 0 1.52331e+06 1.00073 -48.3251 0 1.00985 1.0136 506291 0.997815 48.3251 0.000218764 
0.03285 0.0111927 2.02955e+06 0 0 1.52357e+06 1.00092 -60.5226 0 1.00863 1.01348 505982 0.997231 60.5226 0.00026706 
0.0365 0.0111906 2.0295e+06 0 0 1.52388e+06 1.00115 -74.5151 0 1.00724 1.01334 505624 0.996549 74.5151 0.000321055 
0.04015 0.0111882 2.02945e+06 0 0 1.52424e+06 1.00141 -90.4322 0 1.00567 1.01318 505212 0.995761 90.4322 0.000381 
0.0438 0.0111853 2.0294e+06 0 0 1.52466e+06 1.00171 -108.403 0 1.0039 1.01299 504740 0.994857 108.403 0.000447124 
0.04745 0.0111821 2.02935e+06 0 0 1.52515e+06 1.00206 -128.554 0 1.00193 1.01278 504205 0.993825 128.554 0.00051964 
0.0511 0.0111784 2.0293e+06 0 0 1.5257e+06 1.00245 -151.011 0 0.999729 1.01254 503599 0.992656 151.011 0.000598739 
0.05475 0.0111742 2.02925e+06 0 0 1.52633e+06 1.00289 -175.894 0 0.997297 1.01227 502919 0.991339 175.894 0.000684589 
0.0584 0.0111695 2.0292e+06 0 0 1.52704e+06 1.00338 -203.322 0 0.994616 1.01197 502157 0.989863 203.322 0.000777333 
0.06205 0.0111642 2.02915e+06 0 0 1.52784e+06 1.00393 -233.406 0 0.991676 1.01164 501309 0.988215 233.406 0.000877088 
0.0657 0.0111583 2.0291e+06 0 0 1.52873e+06 1.00454 -266.253 0 0.988461 1.01126 500369 0.986386 266.253 0.000983941 
0.06935 0.0111518 2.02905e+06 0 0 1.52972e+06 1.00521 -301.964 0 0.984961 1.01085 499330 0.984363 301.964 0.00109795 
0.073 0.0111447 2.029e+06 0 0 1.53081e+06 1.00596 -340.632 0 0.981163 1.01039 498188 0.982134 340.632 0.00121914 
0.07665 0.0111368 2.02895e+06 0 0 1.53202e+06 1.00677 -382.342 0 0.977054 1.00988 496934 0.979688 382.342 0.00134751 
0.0803 0.0111283 2.0289e+06 0 0 1.53333e+06 1.00766 -427.169 0 0.972624 1.00933 495565 0.977012 427.169 0.001483 
0.08395 0.0111189 2.02885e+06 0 0 1.53478e+06 1.00863 -475.179 0 0.967861 1.00872 494073 0.974095 475.179 0.00162555 
0.0876 0.0111088 2.0288e+06 0 0 1.53635e+06 1.00969 -526.428 0 0.962754 1.00806 492453 0.970924 526.428 0.00177503 
0.09125 0.0110979 2.02875e+06 0 0 1.53805e+06 1.01084 -580.96 0 0.957293 1.00734 490698 0.967488 580.96 0.00193128 
0.0949 0.0110861 2.0287e+06 0 0 1.5399e+06 1.01207 -638.807 0 0.95147 1.00656 488803 0.963775 638.807 0.00209412 
0.09855 0.0110734 2.02865e+06 0 0 1.54189e+06 1.01341 -699.987 0 0.945274 1.00571 486761 0.959773 699.987 0.00226331 
0.1022 0.0110598 2.0286e+06 0 0 1.54403e+06 1.01484 -764.507 0 0.938697 1.00479 484567 0.955471 764.507 0.00243857 
0.10585 0.0110453 2.02855e+06 0 0 1.54633e+06 1.01638 -832.361 0 0.931732 1.0038 482215 0.950856 832.361 0.0026196 
0.1095 0.0110299 2.0285e+06 0 0 1.5488e+06 1.01803 -903.526 0 0.924372 1.00273 479699 0.945919 903.526 0.00280605 
0.11315 0.0110134 2.02845e+06 0 0 1.55144e+06 1.01978 -977.972 0 0.91661 1.00158 477014 0.940647 977.972 0.00299754 
0.1168 0.010996 2.0284e+06 0 0 1.55425e+06 1.02166 -1055.65 0 0.90844 1.00034 474153 0.935029 1055.65 0.00319367 
0.12045 0.0109775 2.02835e+06 0 0 1.55724e+06 1.02365 -1136.52 0 0.899855 0.999014 471112 0.929055 1136.52 0.00339401 
0.1241 0.010958 2.0283e+06 0 0 1.56042e+06 1.02576 -1220.5 0 0.89085 0.997589 467884 0.922712 1220.5 0.00359813 
0.12775 0.0109375 2.02825e+06 0 0 1.56379e+06 1.028 -1307.54 0 0.881417 0.996061 464464 0.915989 1307.54 0.00380559 
0.1314 0.0109158 2.0282e+06 0 0 1.56736e+06 1.03038 -1397.58 0 0.871551 0.994425 460845 0.908874 1397.58 0.00401596 
0.13505 0.010893 2.02815e+06 0 0 1.57113e+06 1.03288 -1490.57 0 0.86124 0.992674 457019 0.901352 1490.57 0.00422889 
0.1387 0.0108691 2.0281e+06 0 0 1.57512e+06 1.03553 -1586.48 0 0.850474 0.9908 452981 0.893409 1586.48 0.00444405 
0.14235 0.010844 2.02805e+06 0 0 1.57933e+06 1.03832 -1685.32 0 0.839237 0.988793 448719 0.885026 1685.32 0.00466124 
0.146 0.0108177 2.028e+06 0 0 1.58378e+06 1.04127 -1787.15 0 0.827509 0.986645 444225 0.876183 1787.15 0.00488043 
0.14965 0.0107901 2.02795e+06 0 0 1.58847e+06 1.04438 -1892.12 0 0.815262 0.984341 439484 0.866854 1892.12 0.0051018 
0.1533 0.0107612 2.0279e+06 0 0 1.59342e+06 1.04766 -2000.49 0 0.802457 0.981868 434482 0.857009 2000.49 0.00532584 
0.15695 0.0107307 2.02785e+06 0 0 1.59865e+06 1.05113 -2112.64 0 0.789045 0.979207 429198 0.846608 2112.64 0.00555347 
0.1606 0.0106988 2.0278e+06 0 0 1.60419e+06 1.0548 -2229.19 0 0.774957 0.976336 423609 0.835603 2229.19 0.00578615 
0.16425 0.010665 2.02775e+06 0 0 1.61007e+06 1.05869 -2350.99 0 0.760106 0.973228 417683 0.823934 2350.99 0.0060261 
0.1679 0.0106294 2.0277e+06 0 0 1.61632e+06 1.06282 -2479.22 0 0.744375 0.969847 411383 0.811526 2479.22 0.00627648 
0.17155 0.0105916 2.02765e+06 0 0 1.62299e+06 1.06724 -2615.5 0 0.727615 0.966151 404660 0.798285 2615.5 0.0065417 
0.1752 0.0105513 2.0276e+06 0 0 1.63014e+06 1.07197 -2761.93 0 0.709635 0.962086 397458 0.784096 2761.93 0.00682774 
0.17885 0.0105082 2.02755e+06 0 0 1.63784e+06 1.07706 -2921.26 0 0.690194 0.957582 389706 0.768821 2921.26 0.00714258 
0.1825 0.0104618 2.0275e+06 0 0 1.64618e+06 1.08257 -3096.97 0 0.686565 0.952553 381319 0.752294 3096.97 0.00733873 
0.18615 0.0104376 2.02745e+06 0 0 1.65114e+06 1.08586 -3274.72 0 0.908759 0.94947 376310 0.742431 3274.72 0.00336826 
0.1898 0.0104107 2.0274e+06 0 0 1.65663e+06 1.08949 -3475.47 0 0.910865 0.945988 370774 0.731525 3475.47 0.00348345 
0.19345 0.0103796 2.02735e+06 0 0 1.6629e+06 1.09365 -3724.75 0 0.901346 0.941913 364446 0.719059 3724.75 0.00402396 
0.1971 0.0103427 2.0273e+06 0 0 1.67026e+06 1.09851 -4042.62 0 0.889018 0.937007 357042 0.704468 4042.62 0.004761 
0.20075 0.0102979 2.02725e+06 0 0 1.67909e+06 1.10435 -4456.82 0 0.872754 0.930916 348156 0.686952 4456.82 0.00577117 
0.2044 0.0102424 2.0272e+06 0 0 1.68998e+06 1.11153 -5004.34 0 0.851034 0.923101 337224 0.665399 5004.34 0.00715183 
0.20805 0.0101724 2.02715e+06 0 0 1.70367e+06 1.12057 -5731.46 0 0.821869 0.912732 323481 0.638297 5731.46 0.00901802 
0.2117 0.010083 2.0271e+06 0 0 1.72118e+06 1.13211 -6689.52 0 0.782766 0.898517 305920 0.60366 6689.52 0.0114883 
0.21535 0.00996905 2.02705e+06 0 0 1.74375e+06 1.14699 -7919.26 0 0.730804 0.878394 283298 0.559035 7919.26 0.014647 
0.219 0.0098253 2.027e+06 0 0 1.77275e+06 1.16609 -9408.28 0 0.662961 0.849013 254247 0.50172 9408.28 0.0184597 
0.22265 0.00964912 2.02695e+06 0 0 1.80928e+06 1.19015 -10994.2 0 0.576942 0.8049 217673 0.429558 10994.2 0.022607 
0.2263 0.00944457 2.0269e+06 0 0 1.85318e+06 1.21905 -12198.8 0 0.472919 0.737511 173725 0.342838 12198.8 0.0262178 
0.22995 0.00922837 2.02685e+06 0 0 1.9014e+06 1.25081 -12148.7 0 0.356378 0.636011 125446 0.247569 12148.7 0.0276692 
0.2336 0.00903125 2.0268e+06 0 0 1.94702e+06 1.28085 -10142.9 0 0.240579 0.495541 79780.2 0.157451 10142.9 0.025176 
0.23725 0.00888347 2.02675e+06 0 0 1.98223e+06 1.30405 -6829.73 0 0.143473 0.334685 44516.1 0.087857 6829.73 0.0188359 
0.2409 0.00879271 2.0267e+06 0 0 2.00429e+06 1.31859 -3809.77 0 0.0765498 0.194088 22410.2 0.04423 3809.77 0.0115547 
0.24455 0.00874486 2.02665e+06 0 0 2.01605e+06 1.32636 -1879.7 0 0.0378188 0.0999193 10600.6 0.0209224 1879.7 0.00609708 
0.2482 0.00872185 2.0266e+06 0 0 2.02173e+06 1.33013 -869.264 0 0.0179256 0.0479217 4865.98 0.00960424 869.264 0.00294328 
0.25185 0.00871133 2.02655e+06 0 0 2.02434e+06 1.33188 -390.404 0 0.00835171 0.0222195 2209.33 0.00436077 390.404 0.00136049 
0.2555 0.00870667 2.0265e+06 0 0 2.0255e+06 1.33267 -173.46 0 0.0038761 0.0101757 1002.04 0.00197786 173.46 0.000618039 
0.25915 0.00870468 2.02645e+06 0 0 2.02599e+06 1.33303 -76.9369 0 0.00180365 0.004653 456.183 0.000900457 76.9369 0.000279588 
0.2628 0.00870389 2.0264e+06 0 0 2.02619e+06 1.3332 -34.2181 0 0.000843944 0.00213553 208.949 0.000412454 34.2181 0.000126761 
0.26645 0.00870365 2.02635e+06 0 0 2.02625e+06 1.33327 -15.2954 0 0.000397535 0.000986105 96.3967 0.000190286 15.2954 5.77783e-05 
0.2701 0.00870366 2.0263e+06 0 0 2.02625e+06 1.3333 -6.88029 0 0.000188554 0.000458601 44.8118 8.84603e-05 6.88029 2.65165e-05 
0.27375 0.00870378 2.02625e+06 0 0 2.02623e+06 1.33332 -3.117 0 9.00306e-05 0.00021487 20.9917 4.14396e-05 3.117 1.22614e-05 
0.2774 0.00870395 2.0262e+06 0 0 2.02619e+06 1.33333 -1.42284 0 4.32523e-05 0.000101414 9.90679 1.95574e-05 1.42284 5.71403e-06 
0.28105 0.00870414 2.02615e+06 0 0 2.02614e+06 1.33333 -0.654604 0 2.08929e-05 4.81998e-05 4.70826 9.295e-06 0.654604 2.68341e-06 
0.2847 0.00870435 2.0261e+06 0 0 2.0261e+06 1.33333 -0.303554 0 1.01398e-05 2.30556e-05 2.25208 4.44613e-06 0.303554 1.26953e-06 
0.28835 0.00870456 2.02605e+06 0 0 2.02605e+06 1.33333 -0.141866 0 4.94026e-06 1.10918e-05 1.08344 2.13901e-06 0.141866 6.04788e-07 
0.292 0.00870477 2.026e+06 0 0 2.026e+06 1.33333 -0.0668013 0 2.41439e-06 5.36281e-06 0.523833 1.03422e-06 0.0668013 2.89936e-07 
0.29565 0.00870498 2.02595e+06 0 0 2.02595e+06 1.33333 -0.0316788 0 1.18261e-06 2.60376e-06 0.254332 5.02148e-07 0.0316788 1.39777e-07 
0.2993 0.0087052 2.0259e+06 0 0 2.0259e+06 1.33333 -0.0151211 0 5.80075e-07 1.26841e-06 0.123896 2.44625e-07 0.0151211 6.77125e-08 
0.30295 0.00870541 2.02585e+06 0 0 2.02585e+06 1.33333 -0.00726016 0 2.84647e-07 6.1941e-07 0.060503 1.19462e-07 0.00726016 3.29359e-08 
0.3066 0.00870563 2.0258e+06 0 0 2.0258e+06 1.33333 -0.00350382 0 1.39556e-07 3.02905e-07 0.0295873 5.84209e-08 0.00350382 1.60732e-08 
0.31025 0.00870584 2.02575e+06 0 0 2.02575e+06 1.33333 -0.00169842 0 6.82183e-08 1.48134e-07 0.0144695 2.85711e-08 0.00169843 7.86432e-09 
0.3139 0.00870606 2.0257e+06 0 0 2.0257e+06 1.33333 -0.000826307 0 3.31204e-08 7.22946e-08 0.00706163 1.39441e-08 0.000826308 3.85538e-09 
0.31755 0.00870627 2.02565e+06 0 0 2.02565e+06 1.33333 -0.000403208 0 1.58453e-08 3.50763e-08 0.0034262 6.76563e-09 0.000403209 1.89277e-09 
0.3212 0.00870649 2.0256e+06 0 0 2.0256e+06 1.33333 -0.000197223 0 7.33718e-09 1.67888e-08 0.00163991 3.23836e-09 0.000197224 9.30306e-10 
0.32485 0.0087067 2.02555e+06 0 0 2.02555e+06 1.33333 -9.66466e-05 0 3.14755e-09 7.7962e-09 0.000761521 1.50383e-09 9.66494e-05 4.57575e-10 
0.3285 0.00870692 2.0255e+06 0 0 2.0255e+06 1.33333 -4.74288e-05 0 1.08314e-09 3.37105e-09 0.000329279 6.50267e-10 4.74326e-05 2.2521e-10 
0.33215 0.00870713 2.02545e+06 0 0 2.02545e+06 1.33333 -0.000390486 0 1.31626e-10 0 0.000198632 3.92273e-10 0.000390487 -1.29232e-11 
0.3358 0.00870734 2.0254e+06 0 0 2.0254e+06 1.33333 2.21706e-05 0 0 0 0.000195138 3.85382e-10 -2.21688e-05 0 
0.33945 0.00870756 2.02535e+06 0 0 2.02535e+06 1.33333 -7.44287e-07 0 0 0 0.000195711 3.86523e-10 7.46649e-07 0 
0.3431 0.00870777 2.0253e+06 0 0 2.0253e+06 1.33333 -4.53689e-08 0 0 0 0.000195668 3.86447e-10 4.59956e-08 0 
0.34675 0.00870799 2.02525e+06 0 0 2.02525e+06 1.33333 1.06703e-07 0 0 0 0.0001957 3.86521e-10 -1.03937e-07 0 
0.3504 0.0087082 2.0252e+06 0 0 2.0252e+06 1.33333 3.34047e-07 0 0 0 0.000195823 3.86774e-10 -3.32437e-07 0 
0.35405 0.00870842 2.02515e+06 0 0 2.02515e+06 1.33333 3.46897e-07 0 0 0 0.000195962 3.87056e-10 -3.44348e-07 0 
0.3577 0.00870864 2.0251e+06 0 0 2.0251e+06 1.33333 1.09674e-07 0 0 0 0.000196014 3.87169e-10 -1.09771e-07 0 
0.36135 0.00870885 2.02505e+06 0 0 2.02505e+06 1.33333 -2.10811e-07 0 0 0 0.000195937 3.87026e-10 2.10375e-07 0 
0.365 0.00870907 2.025e+06 0 0 2.025e+06 1.33333 -4.11619e-07 0 0 0 0.000195769 3.86703e-10 4.14804e-07 0 


0 0.0112 2.03e+06 0 0 1.5225e+06 1 0 0 1.01497 1.01407 507500 1 0 2.47112e-06 
0.00365 0.0112 2.02995e+06 0 0 1.5225e+06 1.00003 -1.88946 0 1.01474 1.01405 507447 0.99992 1.88946 1.26183e-05 
0.0073 0.0111999 2.0299e+06 0 0 1.52252e+06 1.00006 -4.42152 0 1.01444 1.01403 507379 0.999811 4.42152 2.54671e-05 
0.01095 0.0111996 2.02985e+06 0 0 1.52256e+06 1.00011 -7.69223 0 1.01407 1.01399 507294 0.999669 7.69223 4.12979e-05 
0.0146 0.0111992 2.0298e+06 0 0 1.52261e+06 1.00017 -11.802 0 1.01363 1.01395 507189 0.999487 11.802 6.03931e-05 
0.01825 0.0111987 2.02975e+06 0 0 1.52269e+06 1.00025 -16.8554 0 1.01309 1.0139 507062 0.999259 16.8554 8.30349e-05 
0.0219 0.011198 2.0297e+06 0 0 1.52279e+06 1.00034 -22.9602 0 1.01245 1.01384 506908 0.998981 22.9602 0.000109504 
0.02555 0.0111971 2.02965e+06 0 0 1.52293e+06 1.00045 -30.2275 0 1.0117 1.01377 506724 0.998644 30.2275 0.000140078 
0.0292 0.011196 2.0296e+06 0 0 1.52309e+06 1.00059 -38.7707 0 1.01083 1.01369 506507 0.998241 38.7707 0.00017503 
0.03285 0.0111946 2.02955e+06 0 0 1.5233e+06 1.00074 -48.7054 0 1.00983 1.01359 506254 0.997765 48.7054 0.000214625 
0.0365 0.0111929 2.0295e+06 0 0 1.52354e+06 1.00093 -60.1486 0 1.00869 1.01347 505959 0.997209 60.1486 0.000259121 
0.04015 0.011191 2.02945e+06 0 0 1.52383e+06 1.00115 -73.2182 0 1.00739 1.01334 505619 0.996563 73.2182 0.000308767 
0.0438 0.0111887 2.0294e+06 0 0 1.52417e+06 1.00139 -88.0322 0 1.00592 1.01319 505229 0.995819 88.0322 0.000363798 
0.04745 0.011186 2.02935e+06 0 0 1.52457e+06 1.00168 -104.709 0 1.00427 1.01301 504785 0.994968 104.709 0.000424437 
0.0511 0.011183 2.0293e+06 0 0 1.52502e+06 1.002 -123.364 0 1.00244 1.01281 504282 0.994001 123.364 0.000490892 
0.05475 0.0111796 2.02925e+06 0 0 1.52554e+06 1.00236 -144.115 0 1.0004 1.01259 503714 0.992908 144.115 0.000563354 
0.0584 0.0111757 2.0292e+06 0 0 1.52612e+06 1.00277 -167.073 0 0.998147 1.01234 503078 0.991679 167.073 0.000641994 
0.06205 0.0111713 2.02915e+06 0 0 1.52678e+06 1.00323 -192.35 0 0.995667 1.01206 502368 0.990303 192.35 0.000726964 
0.0657 0.0111664 2.0291e+06 0 0 1.52752e+06 1.00374 -220.05 0 0.992947 1.01174 501579 0.988771 220.05 0.000818394 
0.06935 0.011161 2.02905e+06 0 0 1.52835e+06 1.00431 -250.278 0 0.989975 1.0114 500705 0.987072 250.278 0.000916389 
0.073 0.011155 2.029e+06 0 0 1.52926e+06 1.00494 -283.13 0 0.98674 1.01101 499740 0.985194 283.13 0.00102103 
0.07665 0.0111484 2.02895e+06 0 0 1.53027e+06 1.00562 -318.697 0 0.983229 1.01059 498679 0.983128 318.697 0.00113237 
0.0803 0.0111411 2.0289e+06 0 0 1.53138e+06 1.00638 -357.064 0 0.97943 1.01012 497517 0.980861 357.064 0.00125043 
0.08395 0.0111332 2.02885e+06 0 0 1.5326e+06 1.00721 -398.309 0 0.975334 1.00961 496248 0.978382 398.309 0.00137521 
0.0876 0.0111246 2.0288e+06 0 0 1.53393e+06 1.00811 -442.502 0 0.970928 1.00905 494865 0.975681 442.502 0.00150667 
0.09125 0.0111152 2.02875e+06 0 0 1.53539e+06 1.00909 -489.704 0 0.966202 1.00844 493364 0.972745 489.704 0.00164474 
0.0949 0.0111051 2.0287e+06 0 0 1.53696e+06 1.01015 -539.966 0 0.961145 1.00777 491738 0.969563 539.966 0.00178933 
0.09855 0.0110942 2.02865e+06 0 0 1.53867e+06 1.01129 -593.331 0 0.955748 1.00705 489982 0.966124 593.331 0.00194028 
0.1022 0.0110825 2.0286e+06 0 0 1.54051e+06 1.01253 -649.831 0 0.950001 1.00626 488090 0.962417 649.831 0.00209744 
0.10585 0.0110699 2.02855e+06 0 0 1.54249e+06 1.01386 -709.488 0 0.943896 1.00542 486056 0.95843 709.488 0.0022606 
0.1095 0.0110565 2.0285e+06 0 0 1.54463e+06 1.01528 -772.313 0 0.937423 1.0045 483874 0.954152 772.313 0.00242954 
0.11315 0.0110421 2.02845e+06 0 0 1.54691e+06 1.01681 -838.307 0 0.930575 1.00352 481539 0.949571 838.307 0.00260398 
0.1168 0.0110268 2.0284e+06 0 0 1.54935e+06 1.01844 -907.463 0 0.923344 1.00245 479045 0.944676 907.463 0.00278364 
0.12045 0.0110106 2.02835e+06 0 0 1.55196e+06 1.02018 -979.767 0 0.915721 1.00131 476386 0.939456 979.767 0.00296821 
0.1241 0.0109934 2.0283e+06 0 0 1.55474e+06 1.02203 -1055.2 0 0.907698 1.00008 473557 0.933898 1055.2 0.00315738 
0.12775 0.0109752 2.02825e+06 0 0 1.5577e+06 1.024 -1133.73 0 0.899268 0.998767 470550 0.927991 1133.73 0.00335083 
0.1314 0.0109559 2.0282e+06 0 0 1.56084e+06 1.02609 -1215.36 0 0.89042 0.997355 467359 0.921721 1215.36 0.00354825 
0.13505 0.0109356 2.02815e+06 0 0 1.56417e+06 1.02831 -1300.06 0 0.881145 0.995842 463977 0.915075 1300.06 0.00374937 
0.1387 0.0109142 2.0281e+06 0 0 1.5677e+06 1.03065 -1387.84 0 0.871429 0.994222 460397 0.908037 1387.84 0.00395398 
0.14235 0.0108917 2.02805e+06 0 0 1.57144e+06 1.03314 -1478.76 0 0.861256 0.992485 456610 0.90059 1478.76 0.00416196 
0.146 0.010868 2.028e+06 0 0 1.57539e+06 1.03576 -1572.89 0 0.850605 0.990624 452605 0.892713 1572.89 0.00437334 
0.14965 0.010843 2.02795e+06 0 0 1.57958e+06 1.03854 -1670.38 0 0.83945 0.988628 448371 0.884382 1670.38 0.00458834 
0.1533 0.0108168 2.0279e+06 0 0 1.58401e+06 1.04148 -1771.48 0 0.827754 0.986484 443892 0.87557 1771.48 0.00480746 
0.15695 0.0107892 2.02785e+06 0 0 1.5887e+06 1.04459 -1876.57 0 0.815473 0.984178 439152 0.866241 1876.57 0.00503155 
0.1606 0.01076 2.0278e+06 0 0 1.59367e+06 1.04788 -1986.16 0 0.802545 0.981691 434128 0.856352 1986.16 0.00526197 
0.16425 0.0107293 2.02775e+06 0 0 1.59896e+06 1.05138 -2101.01 0 0.788893 0.979001 428793 0.845851 2101.01 0.00550074 
0.1679 0.0106967 2.0277e+06 0 0 1.60458e+06 1.05511 -2222.14 0 0.774415 0.976081 423117 0.834673 2222.14 0.00575069 
0.17155 0.0106621 2.02765e+06 0 0 1.61059e+06 1.05909 -2350.88 0 0.758983 0.972895 417057 0.82274 2350.88 0.00601574 
0.1752 0.0106253 2.0276e+06 0 0 1.61703e+06 1.06335 -2489.02 0 0.742434 0.969403 410566 0.809956 2489.02 0.00630118 
0.17885 0.0105858 2.02755e+06 0 0 1.62396e+06 1.06793 -2638.81 0 0.724565 0.965552 403587 0.796206 2638.81 0.00661399 
0.1825 0.0105435 2.0275e+06 0 0 1.63145e+06 1.07288 -2803.11 0 0.721837 0.961277 396050 0.781356 2803.11 0.00677881 
0.18615 0.0105233 2.02745e+06 0 0 1.6356e+06 1.07564 -2950.02 0 0.924271 0.95884 391849 0.773087 2950.02 0.00286017 
0.1898 0.0105009 2.0274e+06 0 0 1.64018e+06 1.07867 -3115.1 0 0.926774 0.95611 387222 0.763978 3115.1 0.00290946 
0.19345 0.0104753 2.02735e+06 0 0 1.64534e+06 1.08209 -3315.98 0 0.919588 0.952976 382013 0.75372 3315.98 0.00331175 
0.1971 0.0104455 2.0273e+06 0 0 1.65128e+06 1.08603 -3567.25 0 0.91043 0.94929 376022 0.741918 3567.25 0.00385528 
0.20075 0.0104099 2.02725e+06 0 0 1.65829e+06 1.09066 -3889.48 0 0.898503 0.944833 368964 0.72801 3889.48 0.00459715 
0.2044 0.0103664 2.0272e+06 0 0 1.66676e+06 1.09627 -4311.07 0 0.882718 0.939276 360438 0.711204 4311.07 0.00561288 
0.20805 0.0103121 2.02715e+06 0 0 1.67726e+06 1.1032 -4869.85 0 0.861615 0.932123 349889 0.690407 4869.85 0.00699816 
0.2117 0.0102432 2.0271e+06 0 0 1.69053e+06 1.11196 -5613.74 0 0.833293 0.922618 336565 0.664131 5613.74 0.00886655 
0.21535 0.0101551 2.02705e+06 0 0 1.70757e+06 1.12319 -6597.65 0 0.795373 0.909589 319475 0.630424 6597.65 0.0113376 
0.219 0.0100422 2.027e+06 0 0 1.72962e+06 1.13772 -7870.79 0 0.745046 0.891177 297382 0.586842 7870.79 0.0145045 
0.22265 0.00989929 2.02695e+06 0 0 1.75807e+06 1.15646 -9440.15 0 0.679334 0.864358 268881 0.530612 9440.15 0.0183609 
0.2263 0.00972279 2.0269e+06 0 0 1.79418e+06 1.18024 -11182.7 0 0.595787 0.824151 232724 0.45927 11182.7 0.0226522 
0.22995 0.00951515 2.02685e+06 0 0 1.83819e+06 1.20922 -12677.3 0 0.493977 0.762548 188662 0.372326 12677.3 0.0266199 
0.2336 0.00929069 2.0268e+06 0 0 1.88773e+06 1.24185 -13052.5 0 0.378138 0.668438 139069 0.27446 13052.5 0.0287357 
0.23725 0.00907911 2.02675e+06 0 0 1.93631e+06 1.27384 -11380.5 0 0.260049 0.533693 90435.9 0.178485 11380.5 0.0270323 
0.2409 0.00891438 2.0267e+06 0 0 1.97539e+06 1.29957 -7983.01 0 0.157645 0.370757 51314.3 0.101277 7983.01 0.0209997 
0.24455 0.00881017 2.02665e+06 0 0 2.00066e+06 1.31623 -4568.13 0 0.0847927 0.219697 25991.6 0.0512996 4568.13 0.0132627 
0.2482 0.00875445 2.0266e+06 0 0 2.01435e+06 1.32527 -2274.3 0 0.0418016 0.114064 12250.6 0.0241797 2274.3 0.00709338 
0.25185 0.00872764 2.02655e+06 0 0 2.02098e+06 1.32967 -1049.85 0 0.0196187 0.0545378 5568.19 0.0109905 1049.85 0.00342507 
0.2555 0.00871545 2.0265e+06 0 0 2.02401e+06 1.33169 -467.926 0 0.00900987 0.0250299 2494.43 0.00492363 467.926 0.0015709 
0.25915 0.0087101 2.02645e+06 0 0 2.02534e+06 1.3326 -205.685 0 0.00411207 0.0113019 1113.94 0.00219881 205.685 0.00070501 
0.2628 0.00870783 2.0264e+06 0 0 2.0259e+06 1.33301 -90.0876 0 0.00187951 0.00508463 498.671 0.000984349 90.0876 0.000314319 
0.26645 0.00870694 2.02635e+06 0 0 2.02613e+06 1.33319 -39.5111 0 0.000863462 0.00229316 224.401 0.000442965 39.5111 0.000140233 
0.2701 0.00870666 2.0263e+06 0 0 2.0262e+06 1.33327 -17.3962 0 0.000399355 0.0010398 101.65 0.000200661 17.3962 6.28317e-05 
0.27375 0.00870665 2.02625e+06 0 0 2.0262e+06 1.3333 -7.69996 0 0.000186062 0.000474696 46.385 9.15682e-05 7.69996 2.83238e-05 
0.2774 0.00870677 2.0262e+06 0 0 2.02618e+06 1.33332 -3.42933 0 8.73303e-05 0.000218331 21.33 4.21083e-05 3.42933 1.28585e-05 
0.28105 0.00870693 2.02615e+06 0 0 2.02614e+06 1.33333 -1.53779 0 4.1283e-05 0.000101192 9.88506 1.9515e-05 1.53779 5.88195e-06 
0.2847 0.00870713 2.0261e+06 0 0 2.02609e+06 1.33333 -0.694631 0 1.96459e-05 4.72579e-05 4.61625 9.11357e-06 0.694631 2.71171e-06 
0.28835 0.00870733 2.02605e+06 0 0 2.02605e+06 1.33333 -0.31617 0 9.4059e-06 2.22321e-05 2.17164 4.28743e-06 0.31617 1.25996e-06 
0.292 0.00870754 2.026e+06 0 0 2.026e+06 1.33333 -0.145035 0 4.52735e-06 1.0531e-05 1.02866 2.03092e-06 0.145035 5.89912e-07 
0.29565 0.00870776 2.02595e+06 0 0 2.02595e+06 1.33333 -0.0670537 0 2.18908e-06 5.01981e-06 0.490329 9.68097e-07 0.0670537 2.78213e-07 
0.2993 0.00870797 2.0259e+06 0 0 2.0259e+06 1.33333 -0.0312397 0 1.06239e-06 2.40619e-06 0.235033 4.64056e-07 0.0312397 1.32103e-07 
0.30295 0.00870818 2.02585e+06 0 0 2.02585e+06 1.33333 -0.0146623 0 5.17011e-07 1.1589e-06 0.1132 2.23511e-07 0.0146623 6.3115e-08 
0.3066 0.0087084 2.0258e+06 0 0 2.0258e+06 1.33333 -0.00692981 0 2.52015e-07 5.60325e-07 0.0547317 1.08069e-07 0.00692981 3.03208e-08 
0.31025 0.00870861 2.02575e+06 0 0 2.02575e+06 1.33333 -0.00329631 0 1.22856e-07 2.71654e-07 0.0265347 5.23949e-08 0.00329631 1.46361e-08 
0.3139 0.00870883 2.0257e+06 0 0 2.0257e+06 1.33333 -0.00157707 0 5.97487e-08 1.31856e-07 0.0128795 2.54322e-08 0.00157707 7.09368e-09 
0.31755 0.00870904 2.02565e+06 0 0 2.02565e+06 1.33333 -0.000758396 0 2.88555e-08 6.39181e-08 0.00624342 1.23287e-08 0.000758396 3.44976e-09 
0.3212 0.00870926 2.0256e+06 0 0 2.0256e+06 1.33333 -0.000366333 0 1.37068e-08 3.08048e-08 0.00300896 5.94187e-09 0.000366335 1.68243e-09 
0.32485 0.00870947 2.02555e+06 0 0 2.02555e+06 1.33333 -0.000177628 0 6.27082e-09 1.46274e-08 0.00142878 2.82152e-09 0.000177628 8.22352e-10 
0.3285 0.00870969 2.0255e+06 0 0 2.0255e+06 1.33333 -8.64025e-05 0 2.61657e-09 6.70853e-09 0.000655278 1.29406e-09 8.64056e-05 4.02711e-10 
0.33215 0.0087099 2.02545e+06 0 0 2.02545e+06 1.33333 -4.21375e-05 0 8.21644e-10 2.82761e-09 0.000276196 5.45452e-10 4.2139e-05 1.97429e-10 
0.3358 0.00871012 2.0254e+06 0 0 2.0254e+06 1.33333 -0.000219408 0 6.24756e-11 0 0.000197036 3.8913e-10 0.000219408 -6.04512e-12 
0.33945 0.00871033 2.02535e+06 0 0 2.02535e+06 1.33333 4.10209e-06 0 0 0 0.000194365 3.83864e-10 -4.10066e-06 0 
0.3431 0.00871055 2.0253e+06 0 0 2.0253e+06 1.33333 1.78492e-06 0 0 0 0.000195517 3.86149e-10 -1.78313e-06 0 
0.34675 0.00871076 2.02525e+06 0 0 2.02525e+06 1.33333 9.51734e-07 0 0 0 0.00019593 3.86974e-10 -9.5145e-07 0 
0.3504 0.00871098 2.0252e+06 0 0 2.0252e+06 1.33333 1.18149e-07 0 0 0 0.000196015 3.87152e-10 -1.15129e-07 0 
0.35405 0.00871119 2.02515e+06 0 0 2.02515e+06 1.33333 -6.25866e-07 0 0 0 0.000195785 3.86707e-10 6.26008e-07 0 
0.3577 0.00871141 2.0251e+06 0 0 2.0251e+06 1.33333 -8.62049e-07 0 0 0 0.000195432 3.86019e-10 8.63523e-07 0 
0.36135 0.00871162 2.02505e+06 0 0 2.02505e+06 1.33333 -5.98042e-07 0 0 0 0.000195164 3.855e-10 5.98901e-07 0 
0.365 0.00871184 2.025e+06 0 0 2.025e+06 1.33333 -1.06197e-07 0 0 0 0.000195091 3.85365e-10 1.068e-07 0 


0 0.0112 2.03e+06 0 0 1.5225e+06 1 0 0 1.01498 1.01407 507500 1 0 1.65644e-06 
0.00365 0.0112 2.02995e+06 0 0 1.52249e+06 1.00002 -1.48787 0 1.01479 1.01406 507455 0.999936 1.48787 9.5575e-06 
0.0073 0.0112 2.0299e+06 0 0 1.5225e+06 1.00005 -3.49053 0 1.01455 1.01404 507399 0.99985 3.49053 1.96467e-05 
0.01095 0.0111999 2.02985e+06 0 0 1.52252e+06 1.00009 -6.08873 0 1.01426 1.01401 507329 0.999736 6.08873 3.21698e-05 
0.0146 0.0111996 2.0298e+06 0 0 1.52256e+06 1.00014 -9.36761 0 1.01389 1.01397 507242 0.99959 9.36761 4.7377e-05 
0.01825 0.0111992 2.02975e+06 0 0 1.52261e+06 1.0002 -13.4164 0 1.01346 1.01393 507137 0.999408 13.4164 6.55207e-05 
0.0219 0.0111987 2.0297e+06 0 0 1.52269e+06 1.00027 -18.328 0 1.01294 1.01388 507010 0.999183 18.328 8.68549e-05 
0.02555 0.011198 2.02965e+06 0 0 1.52279e+06 1.00036 -24.1988 0 1.01233 1.01382 506859 0.99891 24.1988 0.000111634 
0.0292 0.0111972 2.0296e+06 0 0 1.52292e+06 1.00047 -31.1281 0 1.01161 1.01375 506681 0.998583 31.1281 0.000140109 
0.03285 0.0111961 2.02955e+06 0 0 1.52308e+06 1.0006 -39.2179 0 1.01079 1.01367 506472 0.998196 39.2179 0.000172532 
0.0365 0.0111948 2.0295e+06 0 0 1.52327e+06 1.00075 -48.5723 0 1.00985 1.01358 506229 0.997741 48.5723 0.000209147 
0.04015 0.0111932 2.02945e+06 0 0 1.5235e+06 1.00093 -59.297 0 1.00878 1.01347 505948 0.997212 59.297 0.000250193 
0.0438 0.0111914 2.0294e+06 0 0 1.52377e+06 1.00113 -71.4991 0 1.00756 1.01334 505625 0.996601 71.4991 0.000295904 
0.04745 0.0111893 2.02935e+06 0 0 1.52409e+06 1.00137 -85.2863 0 1.00619 1.0132 505257 0.995899 85.2863 0.000346502 
0.0511 0.0111868 2.0293e+06 0 0 1.52446e+06 1.00163 -100.767 0 1.00466 1.01303 504839 0.995099 100.767 0.000402202 
0.05475 0.011184 2.02925e+06 0 0 1.52488e+06 1.00194 -118.048 0 1.00295 1.01285 504366 0.994193 118.048 0.000463203 
0.0584 0.0111808 2.0292e+06 0 0 1.52536e+06 1.00228 -137.236 0 1.00106 1.01264 503835 0.99317 137.236 0.000529694 
0.06205 0.0111772 2.02915e+06 0 0 1.52591e+06 1.00266 -158.438 0 0.998973 1.0124 503241 0.992023 158.438 0.000601847 
0.0657 0.0111731 2.0291e+06 0 0 1.52652e+06 1.00309 -181.755 0 0.996675 1.01214 502578 0.990742 181.755 0.00067982 
0.06935 0.0111686 2.02905e+06 0 0 1.52721e+06 1.00356 -207.29 0 0.994157 1.01185 501843 0.989316 207.29 0.000763748 
0.073 0.0111636 2.029e+06 0 0 1.52797e+06 1.00409 -235.139 0 0.991406 1.01153 501029 0.987737 235.139 0.000853751 
0.07665 0.011158 2.02895e+06 0 0 1.52882e+06 1.00467 -265.395 0 0.988413 1.01117 500133 0.985993 265.395 0.000949926 
0.0803 0.0111519 2.0289e+06 0 0 1.52975e+06 1.00531 -298.149 0 0.985164 1.01077 499148 0.984076 298.149 0.00105235 
0.08395 0.0111452 2.02885e+06 0 0 1.53078e+06 1.00601 -333.484 0 0.98165 1.01034 498069 0.981974 333.484 0.00116106 
0.0876 0.0111379 2.0288e+06 0 0 1.53191e+06 1.00677 -371.478 0 0.977859 1.00987 496892 0.979676 371.478 0.0012761 
0.09125 0.0111299 2.02875e+06 0 0 1.53314e+06 1.00761 -412.203 0 0.973779 1.00935 495609 0.977172 412.203 0.00139745 
0.0949 0.0111213 2.0287e+06 0 0 1.53448e+06 1.00852 -455.725 0 0.969402 1.00878 494217 0.974452 455.725 0.00152509 
0.09855 0.0111119 2.02865e+06 0 0 1.53594e+06 1.0095 -502.101 0 0.964716 1.00817 492710 0.971503 502.101 0.00165897 
0.1022 0.0111018 2.0286e+06 0 0 1.53752e+06 1.01056 -551.381 0 0.959711 1.0075 491082 0.968316 551.381 0.00179898 
0.10585 0.011091 2.02855e+06 0 0 1.53922e+06 1.01171 -603.609 0 0.954377 1.00678 489327 0.96488 603.609 0.00194504 
0.1095 0.0110793 2.0285e+06 0 0 1.54106e+06 1.01294 -658.819 0 0.948706 1.00599 487439 0.961182 658.819 0.00209698 
0.11315 0.0110668 2.02845e+06 0 0 1.54304e+06 1.01426 -717.037 0 0.942687 1.00515 485414 0.957213 717.037 0.00225466 
0.1168 0.0110535 2.0284e+06 0 0 1.54515e+06 1.01568 -778.285 0 0.936311 1.00424 483246 0.95296 778.285 0.00241787 
0.12045 0.0110393 2.02835e+06 0 0 1.54742e+06 1.0172 -842.576 0 0.92957 1.00326 480928 0.948412 842.576 0.00258642 
0.1241 0.0110241 2.0283e+06 0 0 1.54985e+06 1.01881 -909.922 0 0.922454 1.0022 478454 0.943557 909.922 0.00276009 
0.12775 0.0110081 2.02825e+06 0 0 1.55243e+06 1.02054 -980.332 0 0.914953 1.00107 475819 0.938383 980.332 0.00293866 
0.1314 0.0109911 2.0282e+06 0 0 1.55518e+06 1.02237 -1053.82 0 0.907057 0.999848 473015 0.932877 1053.82 0.00312193 
0.13505 0.010973 2.02815e+06 0 0 1.55811e+06 1.02432 -1130.41 0 0.898754 0.998541 470037 0.927026 1130.41 0.00330973 
0.1387 0.010954 2.0281e+06 0 0 1.56122e+06 1.0264 -1210.14 0 0.89003 0.99714 466875 0.920813 1210.14 0.00350192 
0.14235 0.0109339 2.02805e+06 0 0 1.56453e+06 1.02859 -1293.06 0 0.880869 0.995637 463522 0.914222 1293.06 0.00369847 
0.146 0.0109127 2.028e+06 0 0 1.56803e+06 1.03092 -1379.3 0 0.871249 0.994026 459968 0.907234 1379.3 0.00389946 
0.14965 0.0108903 2.02795e+06 0 0 1.57175e+06 1.03339 -1468.99 0 0.861146 0.992296 456201 0.899826 1468.99 0.00410513 
0.1533 0.0108666 2.0279e+06 0 0 1.57569e+06 1.03601 -1562.38 0 0.850526 0.990438 452208 0.891973 1562.38 0.00431597 
0.15695 0.0108417 2.02785e+06 0 0 1.57988e+06 1.03879 -1659.8 0 0.839348 0.988439 447974 0.883642 1659.8 0.0045328 
0.1606 0.0108153 2.0278e+06 0 0 1.58432e+06 1.04173 -1761.74 0 0.827557 0.986285 443478 0.874797 1761.74 0.00475685 
0.16425 0.0107874 2.02775e+06 0 0 1.58905e+06 1.04487 -1868.82 0 0.815086 0.983956 438699 0.86539 1868.82 0.00498993 
0.1679 0.0107578 2.0277e+06 0 0 1.59409e+06 1.04821 -1981.92 0 0.801846 0.981431 433607 0.855368 1981.92 0.00523455 
0.17155 0.0107264 2.02765e+06 0 0 1.59948e+06 1.05178 -2102.17 0 0.787728 0.978684 428170 0.844663 2102.17 0.00549417 
0.1752 0.0106929 2.0276e+06 0 0 1.60525e+06 1.0556 -2231.06 0 0.772592 0.97568 422347 0.833196 2231.06 0.00577338 
0.17885 0.010657 2.02755e+06 0 0 1.61146e+06 1.05971 -2370.45 0 0.756269 0.972381 416090 0.820872 2370.45 0.0060782 
0.1825 0.0106186 2.0275e+06 0 0 1.61816e+06 1.06414 -2522.67 0 0.754288 0.968736 409344 0.807584 2522.67 0.00621356 
0.18615 0.0106018 2.02745e+06 0 0 1.62164e+06 1.06646 -2644.14 0 0.937441 0.96679 405810 0.800632 2644.14 0.00242829 
0.1898 0.010583 2.0274e+06 0 0 1.62547e+06 1.069 -2779.94 0 0.940073 0.964624 401932 0.793 2779.94 0.00243486 
0.19345 0.010562 2.02735e+06 0 0 1.62972e+06 1.07183 -2941.9 0 0.934622 0.962181 397625 0.784521 2941.9 0.0027335 
0.1971 0.0105378 2.0273e+06 0 0 1.63455e+06 1.07503 -3140.37 0 0.927794 0.959367 392750 0.774923 3140.37 0.00313214 
0.20075 0.0105094 2.02725e+06 0 0 1.64014e+06 1.07873 -3390.09 0 0.919036 0.956043 387111 0.763815 3390.09 0.00367192 
0.2044 0.0104753 2.0272e+06 0 0 1.64677e+06 1.08312 -3711.74 0 0.907584 0.952009 380427 0.750646 3711.74 0.00440857 
0.20805 0.0104333 2.02715e+06 0 0 1.65484e+06 1.08845 -4133.74 0 0.892401 0.946962 372310 0.734647 4133.74 0.00541539 
0.2117 0.0103807 2.0271e+06 0 0 1.66488e+06 1.09508 -4694.02 0 0.872102 0.940454 362221 0.714757 4694.02 0.0067851 
0.21535 0.0103137 2.02705e+06 0 0 1.67762e+06 1.10349 -5441.07 0 0.844892 0.931805 349432 0.689538 5441.07 0.00862839 
0.219 0.0102277 2.027e+06 0 0 1.69401e+06 1.1143 -6432.09 0 0.808521 0.91997 332985 0.6571 6432.09 0.0110644 
0.22265 0.0101173 2.02695e+06 0 0 1.71528e+06 1.12832 -7723.36 0 0.760311 0.903296 311668 0.615048 7723.36 0.0141943 
0.2263 0.00997684 2.0269e+06 0 0 1.74283e+06 1.14647 -9340.51 0 0.697355 0.879113 284065 0.56059 9340.51 0.0180399 
0.22995 0.00980222 2.02685e+06 0 0 1.77805e+06 1.16966 -11203.3 0 0.617068 0.842997 248803 0.491014 11203.3 0.0224155 
0.2336 0.00959407 2.0268e+06 0 0 1.82155e+06 1.19831 -12967 0 0.518437 0.787678 205248 0.405068 12967 0.0266944 
0.23725 0.00936369 2.02675e+06 0 0 1.87176e+06 1.23137 -13818.5 0 0.40436 0.702311 154991 0.305891 13818.5 0.0295057 
0.2409 0.00913831 2.0267e+06 0 0 1.92299e+06 1.26511 -12657.4 0 0.284733 0.576199 103708 0.204683 12657.4 0.0288081 
0.24455 0.00895448 2.02665e+06 0 0 1.9663e+06 1.29363 -9356.81 0 0.176771 0.414541 60345.4 0.119104 9356.81 0.0234408 
0.2482 0.00883328 2.0266e+06 0 0 1.9956e+06 1.31294 -5560.91 0 0.0966397 0.253503 30998.4 0.0611831 5560.91 0.0154252 
0.25185 0.00876685 2.02655e+06 0 0 2.01191e+06 1.3237 -2818.66 0 0.047858 0.133958 14641.4 0.0288993 2818.66 0.00845118 
0.2555 0.00873461 2.0265e+06 0 0 2.01989e+06 1.32898 -1305.85 0 0.022339 0.0642631 6614.47 0.013056 1305.85 0.00411099 
0.25915 0.00871998 2.02645e+06 0 0 2.02352e+06 1.3314 -579.545 0 0.0101402 0.0293119 2931.33 0.00578614 579.545 0.00187917 
0.2628 0.0087136 2.0264e+06 0 0 2.02511e+06 1.33248 -252.636 0 0.0045585 0.0130847 1291.5 0.00254936 252.636 0.000835645 
0.26645 0.0087109 2.02635e+06 0 0 2.02578e+06 1.33296 -109.487 0 0.0020484 0.00580271 569.422 0.00112404 109.487 0.000367981 
0.2701 0.00870984 2.0263e+06 0 0 2.02605e+06 1.33317 -47.4412 0 0.000924184 0.00257511 252.048 0.000497554 47.4412 0.00016184 
0.27375 0.00870949 2.02625e+06 0 0 2.02614e+06 1.33326 -20.6107 0 0.000419541 0.00114758 112.196 0.000221486 20.6107 7.13832e-05 
0.2774 0.00870946 2.0262e+06 0 0 2.02615e+06 1.3333 -8.99152 0 0.000191822 0.000514475 50.2737 9.92472e-05 8.99152 3.16424e-05 
0.28105 0.00870956 2.02615e+06 0 0 2.02613e+06 1.33332 -3.9427 0 8.83711e-05 0.000232246 22.6897 4.47936e-05 3.9427 1.41131e-05 
0.2847 0.00870973 2.0261e+06 0 0 2.02609e+06 1.33333 -1.73893 0 4.10239e-05 0.000105624 10.318 2.03702e-05 1.73893 6.33834e-06 
0.28835 0.00870992 2.02605e+06 0 0 2.02604e+06 1.33333 -0.771882 0 1.91868e-05 4.84064e-05 4.72845 9.3353e-06 0.771882 2.8677e-06 
0.292 0.00871012 2.026e+06 0 0 2.026e+06 1.33333 -0.344993 0 9.03745e-06 2.23557e-05 2.18371 4.31138e-06 0.344993 1.30745e-06 
0.29565 0.00871033 2.02595e+06 0 0 2.02595e+06 1.33333 -0.155321 0 4.2849e-06 1.04028e-05 1.01614 2.00624e-06 0.155321 6.00751e-07 
0.2993 0.00871055 2.0259e+06 0 0 2.0259e+06 1.33333 -0.0704582 0 2.04363e-06 4.87579e-06 0.476262 9.40346e-07 0.0704582 2.78181e-07 
0.30295 0.00871076 2.02585e+06 0 0 2.02585e+06 1.33333 -0.0322094 0 9.79688e-07 2.30071e-06 0.224731 4.43726e-07 0.0322094 1.29787e-07 
0.3066 0.00871097 2.0258e+06 0 0 2.0258e+06 1.33333 -0.0148384 0 4.71617e-07 1.09224e-06 0.106689 2.1066e-07 0.0148384 6.09899e-08 
0.31025 0.00871119 2.02575e+06 0 0 2.02575e+06 1.33333 -0.00688794 0 2.2771e-07 5.21249e-07 0.0509148 1.00535e-07 0.00688794 2.88534e-08 
0.3139 0.0087114 2.0257e+06 0 0 2.0257e+06 1.33333 -0.00322083 0 1.1008e-07 2.49774e-07 0.0243975 4.8176e-08 0.00322083 1.37341e-08 
0.31755 0.00871162 2.02565e+06 0 0 2.02565e+06 1.33333 -0.00151652 0 5.31266e-08 1.19975e-07 0.011719 2.31412e-08 0.00151652 6.57351e-09 
0.3212 0.00871183 2.0256e+06 0 0 2.0256e+06 1.33333 -0.000718644 0 2.54579e-08 5.76046e-08 0.00562672 1.11112e-08 0.000718646 3.16167e-09 
0.32485 0.00871205 2.02555e+06 0 0 2.02555e+06 1.33333 -0.000342546 0 1.19794e-08 2.75041e-08 0.00268656 5.30535e-09 0.000342548 1.52712e-09 
0.3285 0.00871226 2.0255e+06 0 0 2.0255e+06 1.33333 -0.000164134 0 5.39762e-09 1.29227e-08 0.00126227 2.49276e-09 0.000164137 7.40315e-10 
0.33215 0.00871248 2.02545e+06 0 0 2.02545e+06 1.33333 -7.901e-05 0 2.17935e-09 5.83764e-09 0.000570212 1.12609e-09 7.90105e-05 3.59941e-10 
0.3358 0.00871269 2.0254e+06 0 0 2.0254e+06 1.33333 -3.80858e-05 0 6.10062e-10 2.39069e-09 0.000233519 4.6118e-10 3.80872e-05 1.75215e-10 
0.33945 0.00871291 2.02535e+06 0 0 2.02535e+06 1.33333 -8.13451e-05 0 2.56042e-11 0 0.000199174 3.93363e-10 8.13471e-05 -2.37522e-12 
0.3431 0.00871312 2.0253e+06 0 0 2.0253e+06 1.33333 -1.12835e-05 0 0 0 0.00019697 3.8902e-10 1.12837e-05 0 
0.34675 0.00871334 2.02525e+06 0 0 2.02525e+06 1.33333 -9.48113e-07 0 0 0 0.000196794 3.88682e-10 9.50063e-07 0 
0.3504 0.00871356 2.0252e+06 0 0 2.0252e+06 1.33333 -2.15274e-06 0 0 0 0.000195907 3.86939e-10 2.15452e-06 0 
0.35405 0.00871377 2.02515e+06 0 0 2.02515e+06 1.33333 -1.63531e-06 0 0 0 0.000195193 3.85539e-10 1.63954e-06 0 
0.3577 0.00871399 2.0251e+06 0 0 2.0251e+06 1.33333 -4.38596e-07 0 0 0 0.000194947 3.85062e-10 4.38447e-07 0 
0.36135 0.0087142 2.02505e+06 0 0 2.02505e+06 1.33333 4.08938e-07 0 0 0 0.000195069 3.85312e-10 -4.05815e-07 0 
0.365 0.00871442 2.025e+06 0 0 2.025e+06 1.33333 7.33447e-07 0 0 0 0.000195354 3.85884e-10 -7.33985e-07 0 


0 0.0112 2.03e+06 0 0 1.5225e+06 1 0 0 1.01499 1.01407 507500 1 0 1.11034e-06 
0.00365 0.0112001 2.02995e+06 0 0 1.52249e+06 1.00002 -1.17416 0 1.01483 1.01406 507462 0.999949 1.17416 7.27312e-06 
0.0073 0.0112001 2.0299e+06 0 0 1.52249e+06 1.00004 -2.7608 0 1.01464 1.01404 507414 0.99988 2.7608 1.52048e-05 
0.01095 0.0112001 2.02985e+06 0 0 1.52249e+06 1.00007 -4.8275 0 1.0144 1.01402 507356 0.999789 4.8275 2.51188e-05 
0.0146 0.0111999 2.0298e+06 0 0 1.52252e+06 1.00011 -7.44607 0 1.0141 1.01399 507284 0.999673 7.44607 3.7234e-05 
0.01825 0.0111997 2.02975e+06 0 0 1.52255e+06 1.00016 -10.6923 0 1.01375 1.01396 507197 0.999526 10.6923 5.17737e-05 
0.0219 0.0111993 2.0297e+06 0 0 1.52261e+06 1.00022 -14.6458 0 1.01332 1.01392 507092 0.999344 14.6458 6.89646e-05 
0.02555 0.0111988 2.02965e+06 0 0 1.52268e+06 1.00029 -19.3896 0 1.01283 1.01387 506968 0.999123 19.3896 8.90358e-05 
0.0292 0.0111982 2.0296e+06 0 0 1.52278e+06 1.00038 -25.0101 0 1.01224 1.01381 506821 0.998858 25.0101 0.000112217 
0.03285 0.0111973 2.02955e+06 0 0 1.5229e+06 1.00049 -31.5965 0 1.01157 1.01374 506648 0.998543 31.5965 0.00013874 
0.0365 0.0111963 2.0295e+06 0 0 1.52305e+06 1.00061 -39.2407 0 1.01079 1.01366 506447 0.998171 39.2407 0.000168831 
0.04015 0.0111951 2.02945e+06 0 0 1.52324e+06 1.00075 -48.0366 0 1.0099 1.01357 506215 0.997738 48.0366 0.000202718 
0.0438 0.0111936 2.0294e+06 0 0 1.52345e+06 1.00092 -58.0802 0 1.00889 1.01347 505947 0.997236 58.0802 0.000240623 
0.04745 0.0111919 2.02935e+06 0 0 1.52371e+06 1.00111 -69.4689 0 1.00776 1.01335 505642 0.996658 69.4689 0.000282763 
0.0511 0.0111899 2.0293e+06 0 0 1.52401e+06 1.00133 -82.3011 0 1.00648 1.01321 505294 0.995997 82.3011 0.000329349 
0.05475 0.0111876 2.02925e+06 0 0 1.52435e+06 1.00158 -96.6758 0 1.00505 1.01306 504900 0.995245 96.6758 0.000380583 
0.0584 0.011185 2.0292e+06 0 0 1.52474e+06 1.00187 -112.692 0 1.00347 1.01288 504457 0.994396 112.692 0.00043666 
0.06205 0.011182 2.02915e+06 0 0 1.52519e+06 1.00219 -130.449 0 1.00171 1.01269 503960 0.99344 130.449 0.000497763 
0.0657 0.0111787 2.0291e+06 0 0 1.5257e+06 1.00254 -150.045 0 0.99977 1.01247 503404 0.992369 150.045 0.000564061 
0.06935 0.0111749 2.02905e+06 0 0 1.52626e+06 1.00294 -171.575 0 0.997639 1.01222 502786 0.991174 171.575 0.000635714 
0.073 0.0111708 2.029e+06 0 0 1.5269e+06 1.00338 -195.137 0 0.995306 1.01195 502100 0.989848 195.137 0.000712863 
0.07665 0.0111661 2.02895e+06 0 0 1.52761e+06 1.00387 -220.821 0 0.992758 1.01165 501343 0.988379 220.821 0.000795635 
0.0803 0.011161 2.0289e+06 0 0 1.52839e+06 1.00441 -248.717 0 0.989985 1.01132 500509 0.986759 248.717 0.000884139 
0.08395 0.0111553 2.02885e+06 0 0 1.52926e+06 1.00501 -278.913 0 0.986977 1.01095 499594 0.984979 278.913 0.000978464 
0.0876 0.0111491 2.0288e+06 0 0 1.53021e+06 1.00566 -311.49 0 0.983723 1.01055 498592 0.983028 311.49 0.00107868 
0.09125 0.0111424 2.02875e+06 0 0 1.53125e+06 1.00637 -346.527 0 0.980211 1.01011 497498 0.980897 346.527 0.00118484 
0.0949 0.011135 2.0287e+06 0 0 1.53239e+06 1.00714 -384.096 0 0.976432 1.00963 496309 0.978575 384.096 0.00129696 
0.09855 0.011127 2.02865e+06 0 0 1.53363e+06 1.00798 -424.266 0 0.972374 1.00911 495017 0.976052 424.266 0.00141505 
0.1022 0.0111183 2.0286e+06 0 0 1.53498e+06 1.00889 -467.099 0 0.968028 1.00854 493618 0.973318 467.099 0.0015391 
0.10585 0.011109 2.02855e+06 0 0 1.53644e+06 1.00988 -512.652 0 0.963383 1.00792 492107 0.970362 512.652 0.00166905 
0.1095 0.0110989 2.0285e+06 0 0 1.53802e+06 1.01094 -560.975 0 0.958429 1.00725 490478 0.967174 560.975 0.00180484 
0.11315 0.0110881 2.02845e+06 0 0 1.53972e+06 1.01209 -612.114 0 0.953157 1.00653 488726 0.963742 612.114 0.00194639 
0.1168 0.0110765 2.0284e+06 0 0 1.54156e+06 1.01331 -666.109 0 0.947557 1.00575 486844 0.960056 666.109 0.0020936 
0.12045 0.0110641 2.02835e+06 0 0 1.54352e+06 1.01463 -722.998 0 0.941618 1.0049 484829 0.956105 722.998 0.00224633 
0.1241 0.0110508 2.0283e+06 0 0 1.54563e+06 1.01604 -782.812 0 0.935331 1.004 482672 0.951876 782.812 0.00240447 
0.12775 0.0110367 2.02825e+06 0 0 1.54788e+06 1.01755 -845.588 0 0.928684 1.00302 480370 0.947358 845.588 0.00256788 
0.1314 0.0110217 2.0282e+06 0 0 1.55029e+06 1.01915 -911.361 0 0.921667 1.00197 477914 0.942538 911.361 0.00273645 
0.13505 0.0110058 2.02815e+06 0 0 1.55285e+06 1.02087 -980.178 0 0.914267 1.00084 475298 0.937402 980.178 0.00291008 
0.1387 0.010989 2.0281e+06 0 0 1.55558e+06 1.02269 -1052.1 0 0.90647 0.999629 472515 0.931936 1052.1 0.00308872 
0.14235 0.0109711 2.02805e+06 0 0 1.55849e+06 1.02463 -1127.2 0 0.898259 0.998329 469556 0.926124 1127.2 0.00327238 
0.146 0.0109522 2.028e+06 0 0 1.56159e+06 1.02668 -1205.59 0 0.889614 0.996934 466413 0.919947 1205.59 0.0034612 
0.14965 0.0109322 2.02795e+06 0 0 1.56488e+06 1.02887 -1287.45 0 0.88051 0.995436 463075 0.913385 1287.45 0.00365544 
0.1533 0.010911 2.0279e+06 0 0 1.56837e+06 1.0312 -1372.98 0 0.870918 0.993825 459529 0.906413 1372.98 0.00385559 
0.15695 0.0108886 2.02785e+06 0 0 1.57209e+06 1.03367 -1462.5 0 0.8608 0.992093 455761 0.899004 1462.5 0.0040624 
0.1606 0.0108648 2.0278e+06 0 0 1.57604e+06 1.03629 -1556.42 0 0.850106 0.990226 451755 0.891124 1556.42 0.00427699 
0.16425 0.0108397 2.02775e+06 0 0 1.58026e+06 1.03909 -1655.31 0 0.838778 0.988209 447491 0.882733 1655.31 0.00450097 
0.1679 0.010813 2.0277e+06 0 0 1.58476e+06 1.04207 -1759.91 0 0.82674 0.986026 442943 0.873784 1759.91 0.00473655 
0.17155 0.0107846 2.02765e+06 0 0 1.58957e+06 1.04526 -1871.17 0 0.813897 0.983654 438084 0.864221 1871.17 0.00498672 
0.1752 0.0107543 2.0276e+06 0 0 1.59472e+06 1.04867 -1990.33 0 0.800132 0.981067 432881 0.853977 1990.33 0.00525545 
0.17885 0.0107219 2.02755e+06 0 0 1.60026e+06 1.05234 -2118.92 0 0.785303 0.978235 427293 0.842975 2118.92 0.00554791 
0.1825 0.0106872 2.0275e+06 0 0 1.60622e+06 1.05629 -2258.84 0 0.78393 0.975121 421277 0.831126 2258.84 0.00565668 
0.18615 0.010673 2.02745e+06 0 0 1.60915e+06 1.05824 -2359.49 0 0.948624 0.973553 418296 0.825266 2359.49 0.0020625 
0.1898 0.0106574 2.0274e+06 0 0 1.61237e+06 1.06038 -2471.47 0 0.951217 0.971816 415034 0.818849 2471.47 0.00204289 
0.19345 0.01064 2.02735e+06 0 0 1.6159e+06 1.06273 -2602.48 0 0.947053 0.969886 411455 0.811808 2602.48 0.00226467 
0.1971 0.0106203 2.0273e+06 0 0 1.61984e+06 1.06535 -2759.73 0 0.941932 0.967704 407463 0.803952 2759.73 0.00255652 
0.20075 0.0105976 2.02725e+06 0 0 1.62433e+06 1.06833 -2953.56 0 0.935474 0.965181 402923 0.795015 2953.56 0.0029474 
0.2044 0.0105707 2.0272e+06 0 0 1.62956e+06 1.07179 -3198.58 0 0.927151 0.962192 397644 0.784617 3198.58 0.00347716 
0.20805 0.0105382 2.02715e+06 0 0 1.63579e+06 1.07592 -3515.17 0 0.91624 0.958551 391355 0.772228 3515.17 0.00419936 
0.2117 0.0104981 2.0271e+06 0 0 1.64342e+06 1.08096 -3931.25 0 0.901763 0.953988 383684 0.757109 3931.25 0.00518415 
0.21535 0.0104475 2.02705e+06 0 0 1.65293e+06 1.08725 -4484.13 0 0.882423 0.948099 374116 0.738247 4484.13 0.00652024 
0.219 0.0103829 2.027e+06 0 0 1.66504e+06 1.09524 -5221.84 0 0.856542 0.94028 361957 0.714272 5221.84 0.00831422 
0.22265 0.0102999 2.02695e+06 0 0 1.68066e+06 1.10554 -6202.52 0 0.822012 0.929611 346294 0.683379 6202.52 0.0106835 
0.2263 0.0101931 2.0269e+06 0 0 1.70094e+06 1.11891 -7487.54 0 0.776303 0.914647 325956 0.64326 7487.54 0.0137354 
0.22995 0.0100568 2.02685e+06 0 0 1.7273e+06 1.13628 -9118.78 0 0.7166 0.893065 299546 0.591155 9118.78 0.0175175 
0.2336 0.00988612 2.0268e+06 0 0 1.76119e+06 1.1586 -11057.3 0 0.640227 0.861024 265606 0.524187 11057.3 0.021911 
0.23725 0.00968011 2.02675e+06 0 0 1.80359e+06 1.18652 -13044.3 0 0.54565 0.812116 223163 0.440435 13044.3 0.0264273 
0.2409 0.00944676 2.0267e+06 0 0 1.85369e+06 1.21951 -14373.9 0 0.434464 0.736246 173008 0.341457 14373.9 0.0298982 
0.24455 0.00920951 2.02665e+06 0 0 1.90695e+06 1.25459 -13871.9 0 0.314437 0.62123 119695 0.236243 13871.9 0.0303414 
0.2482 0.00900552 2.0266e+06 0 0 1.9546e+06 1.28596 -10914.6 0 0.201256 0.46507 72004.3 0.142118 10914.6 0.0260253 
0.25185 0.00886369 2.02655e+06 0 0 1.98871e+06 1.30844 -6828.51 0 0.112803 0.296315 37843.2 0.0746949 6828.51 0.0180537 
0.2555 0.00878303 2.0265e+06 0 0 2.00846e+06 1.32147 -3562.13 0 0.0565612 0.161039 18035.1 0.0355985 3562.13 0.0102561 
0.25915 0.00874321 2.02645e+06 0 0 2.01831e+06 1.32798 -1667.35 0 0.0264066 0.0781201 8135.03 0.0160577 1667.35 0.00507008 
0.2628 0.00872508 2.0264e+06 0 0 2.02282e+06 1.33098 -739.745 0 0.0118914 0.0355924 3577.67 0.00706212 739.745 0.00232235 
0.26645 0.00871718 2.02635e+06 0 0 2.02479e+06 1.33231 -320.641 0 0.00527874 0.0157601 1558.92 0.0030773 320.641 0.00102683 
0.2701 0.00871386 2.0263e+06 0 0 2.02562e+06 1.33289 -137.785 0 0.00233615 0.00690661 678.345 0.00133908 137.785 0.000447759 
0.27375 0.00871253 2.02625e+06 0 0 2.02595e+06 1.33314 -59.0989 0 0.00103637 0.00302198 295.892 0.000584118 59.0989 0.000194547 
0.2774 0.00871208 2.0262e+06 0 0 2.02607e+06 1.33325 -25.3834 0 0.00046209 0.00132578 129.636 0.00025592 25.3834 8.46357e-05 
0.28105 0.008712 2.02615e+06 0 0 2.02609e+06 1.3333 -10.9353 0 0.000207364 0.000584418 57.1116 0.000112749 10.9353 3.69557e-05 
0.2847 0.00871209 2.0261e+06 0 0 2.02607e+06 1.33332 -4.72989 0 9.3724e-05 0.000259158 25.3194 4.99864e-05 4.72989 1.62178e-05 
0.28835 0.00871225 2.02605e+06 0 0 2.02604e+06 1.33333 -2.05552 0 4.26818e-05 0.000115695 11.3019 2.23132e-05 2.05552 7.15921e-06 
0.292 0.00871244 2.026e+06 0 0 2.02599e+06 1.33333 -0.898056 0 1.95871e-05 5.20212e-05 5.08156 1.00327e-05 0.898056 3.18107e-06 
0.29565 0.00871264 2.02595e+06 0 0 2.02595e+06 1.33333 -0.394669 0 9.05739e-06 2.35667e-05 2.302 4.54502e-06 0.394669 1.4234e-06 
0.2993 0.00871285 2.0259e+06 0 0 2.0259e+06 1.33333 -0.174554 0 4.21929e-06 1.07579e-05 1.05083 2.07478e-06 0.174554 6.41626e-07 
0.30295 0.00871307 2.02585e+06 0 0 2.02585e+06 1.33333 -0.0777291 0 1.97924e-06 4.94837e-06 0.483351 9.54367e-07 0.0777291 2.91435e-07 
0.3066 0.00871328 2.0258e+06 0 0 2.0258e+06 1.33333 -0.0348626 0 9.34362e-07 2.29304e-06 0.223981 4.42258e-07 0.0348626 1.33398e-07 
0.31025 0.00871349 2.02575e+06 0 0 2.02575e+06 1.33333 -0.0157534 0 4.43533e-07 1.07005e-06 0.104521 2.06385e-07 0.0157534 6.15295e-08 
0.3139 0.00871371 2.0257e+06 0 0 2.0257e+06 1.33333 -0.00717297 0 2.1145e-07 5.02522e-07 0.0490856 9.69257e-08 0.00717298 2.85931e-08 
0.31755 0.00871392 2.02565e+06 0 0 2.02565e+06 1.33333 -0.00329112 0 1.01054e-07 2.37253e-07 0.0231745 4.57622e-08 0.00329112 1.33828e-08 
0.3212 0.00871414 2.0256e+06 0 0 2.0256e+06 1.33333 -0.00152147 0 4.82542e-08 1.12417e-07 0.0109807 2.16838e-08 0.00152147 6.30602e-09 
0.32485 0.00871435 2.02555e+06 0 0 2.02555e+06 1.33333 -0.000708524 0 2.28812e-08 5.32967e-08 0.00520594 1.02806e-08 0.000708526 2.98995e-09 
0.3285 0.00871457 2.0255e+06 0 0 2.0255e+06 1.33333 -0.000332249 0 1.06364e-08 2.51367e-08 0.00245532 4.84881e-09 0.000332252 1.42572e-09 
0.33215 0.00871478 2.02545e+06 0 0 2.02545e+06 1.33333 -0.000156818 0 4.70717e-09 1.16549e-08 0.00113843 2.24825e-09 0.000156819 6.83241e-10 
0.3358 0.008715 2.0254e+06 0 0 2.0254e+06 1.33333 -7.44446e-05 0 1.83307e-09 5.1748e-09 0.000505467 9.98256e-10 7.44467e-05 3.28678e-10 
0.33945 0.00871521 2.02535e+06 0 0 2.02535e+06 1.33333 -1.46898e-06 0 4.44903e-10 2.09117e-09 0.000204262 4.03411e-10 1.47068e-06 1.63445e-10 
0.3431 0.00871543 2.0253e+06 0 0 2.0253e+06 1.33333 -1.77152e-05 0 1.09528e-11 0 0.000199331 3.93682e-10 1.77168e-05 -1.08971e-12 
0.34675 0.00871565 2.02525e+06 0 0 2.02525e+06 1.33333 -1.31217e-06 0 0 0 0.000198036 3.91134e-10 1.3143e-06 0 
0.3504 0.00871586 2.0252e+06 0 0 2.0252e+06 1.33333 8.15202e-07 0 0 0 0.000198228 3.91524e-10 -8.13574e-07 0 
0.35405 0.00871608 2.02515e+06 0 0 2.02515e+06 1.33333 2.97653e-07 0 0 0 0.000198365 3.91802e-10 -2.97352e-07 0 
0.3577 0.00871629 2.0251e+06 0 0 2.0251e+06 1.33333 -6.08834e-08 0 0 0 0.000198351 3.91785e-10 6.45957e-08 0 
0.36135 0.00871651 2.02505e+06 0 0 2.02505e+06 1.33333 -5.21878e-07 0 0 0 0.000198149 3.91396e-10 5.24274e-07 0 
0.365 0.00871672 2.025e+06 0 0 2.025e+06 1.33333 -9.26466e-07 0 0 0 0.000197776 3.90668e-10 9.29187e-07 0 


0 0.0112 2.03e+06 0 0 1.5225e+06 1 0 0 1.01499 1.01407 507500 1 0 7.44286e-07 
0.00365 0.0112001 2.02995e+06 0 0 1.52248e+06 1.00001 -0.928476 0 1.01486 1.01406 507467 0.99996 0.928476 5.55986e-06 
0.0073 0.0112002 2.0299e+06 0 0 1.52247e+06 1.00003 -2.18756 0 1.01471 1.01405 507427 0.999905 2.18756 1.18034e-05 
0.01095 0.0112002 2.02985e+06 0 0 1.52247e+06 1.00006 -3.83361 0 1.01451 1.01403 507377 0.999832 3.83361 1.96584e-05 
0.0146 0.0112002 2.0298e+06 0 0 1.52248e+06 1.00009 -5.92691 0 1.01427 1.014 507317 0.999738 5.92691 2.93147e-05 
0.01825 0.0112 2.02975e+06 0 0 1.52251e+06 1.00013 -8.5316 0 1.01398 1.01398 507245 0.99962 8.5316 4.0968e-05 
0.0219 0.0111998 2.0297e+06 0 0 1.52254e+06 1.00018 -11.7154 0 1.01363 1.01394 507158 0.999473 11.7154 5.48184e-05 
0.02555 0.0111994 2.02965e+06 0 0 1.5226e+06 1.00024 -15.5497 0 1.01322 1.0139 507055 0.999295 15.5497 7.10699e-05 
0.0292 0.0111989 2.0296e+06 0 0 1.52267e+06 1.00031 -20.1089 0 1.01274 1.01385 506933 0.999079 20.1089 8.99297e-05 
0.03285 0.0111983 2.02955e+06 0 0 1.52276e+06 1.00039 -25.4708 0 1.01219 1.0138 506790 0.998822 25.4708 0.000111606 
0.0365 0.0111975 2.0295e+06 0 0 1.52288e+06 1.00049 -31.7156 0 1.01155 1.01373 506624 0.998519 31.7156 0.00013631 
0.04015 0.0111966 2.02945e+06 0 0 1.52302e+06 1.00061 -38.9264 0 1.01081 1.01366 506431 0.998164 38.9264 0.000164251 
0.0438 0.0111954 2.0294e+06 0 0 1.52319e+06 1.00075 -47.1883 0 1.00998 1.01357 506209 0.997751 47.1883 0.000195636 
0.04745 0.0111941 2.02935e+06 0 0 1.52339e+06 1.00091 -56.5886 0 1.00903 1.01347 505955 0.997275 56.5886 0.000230673 
0.0511 0.0111925 2.0293e+06 0 0 1.52363e+06 1.00109 -67.2159 0 1.00797 1.01336 505666 0.996729 67.2159 0.000269564 
0.05475 0.0111906 2.02925e+06 0 0 1.52391e+06 1.0013 -79.1603 0 1.00678 1.01323 505338 0.996107 79.1603 0.000312508 
0.0584 0.0111885 2.0292e+06 0 0 1.52423e+06 1.00153 -92.5128 0 1.00545 1.01308 504967 0.995402 92.5128 0.000359695 
0.06205 0.0111861 2.02915e+06 0 0 1.5246e+06 1.0018 -107.365 0 1.00397 1.01292 504551 0.994606 107.365 0.000411313 
0.0657 0.0111833 2.0291e+06 0 0 1.52501e+06 1.0021 -123.808 0 1.00234 1.01274 504085 0.993712 123.808 0.000467538 
0.06935 0.0111802 2.02905e+06 0 0 1.52548e+06 1.00243 -141.933 0 1.00054 1.01253 503566 0.992712 141.933 0.000528537 
0.073 0.0111767 2.029e+06 0 0 1.52601e+06 1.0028 -161.831 0 0.998559 1.0123 502988 0.991599 161.831 0.000594467 
0.07665 0.0111728 2.02895e+06 0 0 1.5266e+06 1.00321 -183.591 0 0.996395 1.01205 502349 0.990363 183.591 0.000665473 
0.0803 0.0111685 2.0289e+06 0 0 1.52726e+06 1.00367 -207.302 0 0.994033 1.01177 501644 0.988997 207.302 0.000741686 
0.08395 0.0111638 2.02885e+06 0 0 1.52798e+06 1.00417 -233.048 0 0.991463 1.01146 500868 0.987491 233.048 0.000823224 
0.0876 0.0111586 2.0288e+06 0 0 1.52878e+06 1.00472 -260.913 0 0.988675 1.01112 500017 0.985837 260.913 0.000910188 
0.09125 0.0111528 2.02875e+06 0 0 1.52966e+06 1.00532 -290.978 0 0.985659 1.01075 499086 0.984026 290.978 0.00100266 
0.0949 0.0111466 2.0287e+06 0 0 1.53063e+06 1.00598 -323.32 0 0.982403 1.01034 498070 0.982047 323.32 0.00110072 
0.09855 0.0111397 2.02865e+06 0 0 1.53169e+06 1.0067 -358.012 0 0.978899 1.0099 496965 0.979893 358.012 0.0012044 
0.1022 0.0111323 2.0286e+06 0 0 1.53283e+06 1.00748 -395.124 0 0.975135 1.00941 495765 0.977552 395.124 0.00131374 
0.10585 0.0111243 2.02855e+06 0 0 1.53408e+06 1.00833 -434.722 0 0.971101 1.00888 494466 0.975015 434.722 0.00142875 
0.1095 0.0111156 2.0285e+06 0 0 1.53544e+06 1.00924 -476.868 0 0.966788 1.00831 493063 0.972271 476.868 0.00154943 
0.11315 0.0111063 2.02845e+06 0 0 1.5369e+06 1.01023 -521.618 0 0.962184 1.00769 491550 0.969311 521.618 0.00167575 
0.1168 0.0110962 2.0284e+06 0 0 1.53848e+06 1.01129 -569.028 0 0.957281 1.00702 489922 0.966124 569.028 0.00180768 
0.12045 0.0110854 2.02835e+06 0 0 1.54018e+06 1.01243 -619.15 0 0.952066 1.0063 488173 0.962699 619.15 0.00194515 
0.1241 0.0110739 2.0283e+06 0 0 1.542e+06 1.01366 -672.033 0 0.946531 1.00552 486298 0.959025 672.033 0.00208813 
0.12775 0.0110616 2.02825e+06 0 0 1.54396e+06 1.01497 -727.729 0 0.940663 1.00468 484290 0.95509 727.729 0.00223654 
0.1314 0.0110485 2.0282e+06 0 0 1.54606e+06 1.01637 -786.292 0 0.934451 1.00377 482145 0.950882 786.292 0.00239033 
0.13505 0.0110345 2.02815e+06 0 0 1.5483e+06 1.01787 -847.784 0 0.927882 1.0028 479854 0.946388 847.784 0.00254949 
0.1387 0.0110196 2.0281e+06 0 0 1.55069e+06 1.01947 -912.279 0 0.920942 1.00175 477411 0.941594 912.279 0.00271402 
0.14235 0.0110038 2.02805e+06 0 0 1.55324e+06 1.02117 -979.868 0 0.913615 1.00063 474809 0.936484 979.868 0.00288399 
0.146 0.010987 2.028e+06 0 0 1.55596e+06 1.02299 -1050.67 0 0.90588 0.999421 472038 0.931042 1050.67 0.00305957 
0.14965 0.0109692 2.02795e+06 0 0 1.55886e+06 1.02492 -1124.85 0 0.897716 0.998123 469090 0.925249 1124.85 0.00324103 
0.1533 0.0109503 2.0279e+06 0 0 1.56195e+06 1.02697 -1202.61 0 0.889094 0.996728 465952 0.919082 1202.61 0.00342885 
0.15695 0.0109303 2.02785e+06 0 0 1.56524e+06 1.02916 -1284.24 0 0.879979 0.995226 462612 0.912516 1284.24 0.00362372 
0.1606 0.010909 2.0278e+06 0 0 1.56875e+06 1.03149 -1370.1 0 0.87033 0.993609 459055 0.905522 1370.1 0.00382666 
0.16425 0.0108865 2.02775e+06 0 0 1.57249e+06 1.03398 -1460.69 0 0.860093 0.991862 455263 0.898065 1460.69 0.00403908 
0.1679 0.0108625 2.0277e+06 0 0 1.57648e+06 1.03663 -1556.63 0 0.849204 0.989973 451216 0.890105 1556.63 0.00426292 
0.17155 0.0108369 2.02765e+06 0 0 1.58076e+06 1.03947 -1658.74 0 0.837581 0.987923 446891 0.881593 1658.74 0.00450075 
0.1752 0.0108096 2.0276e+06 0 0 1.58534e+06 1.04251 -1768.03 0 0.825127 0.985694 442258 0.872476 1768.03 0.00475599 
0.17885 0.0107805 2.02755e+06 0 0 1.59026e+06 1.04577 -1885.78 0 0.811722 0.98326 437286 0.862688 1885.78 0.00503299 
0.1825 0.0107493 2.0275e+06 0 0 1.59556e+06 1.04928 -2013.53 0 0.810832 0.980593 431938 0.852158 2013.53 0.00511854 
0.18615 0.0107375 2.02745e+06 0 0 1.59803e+06 1.05093 -2097.21 0 0.958127 0.979318 429415 0.847203 2097.21 0.00175326 
0.1898 0.0107243 2.0274e+06 0 0 1.60074e+06 1.05274 -2189.88 0 0.960579 0.977912 426662 0.841792 2189.88 0.00171886 
0.19345 0.0107099 2.02735e+06 0 0 1.60368e+06 1.0547 -2296.37 0 0.957373 0.97637 423673 0.835915 2296.37 0.00188405 
0.1971 0.0106938 2.0273e+06 0 0 1.60692e+06 1.05685 -2421.67 0 0.953502 0.974652 420383 0.829443 2421.67 0.00209797 
0.20075 0.0106755 2.02725e+06 0 0 1.61055e+06 1.05927 -2572.9 0 0.948708 0.972705 416699 0.822195 2572.9 0.0023807 
0.2044 0.0106542 2.0272e+06 0 0 1.61471e+06 1.06203 -2760.21 0 0.94263 0.970447 412490 0.813911 2760.21 0.00276014 
0.20805 0.010629 2.02715e+06 0 0 1.61958e+06 1.06526 -2997.83 0 0.934772 0.967764 407574 0.80423 2997.83 0.00327428 
0.2117 0.0105982 2.0271e+06 0 0 1.62541e+06 1.06912 -3305.51 0 0.924454 0.964489 401692 0.792645 3305.51 0.00397394 
0.21535 0.0105601 2.02705e+06 0 0 1.63256e+06 1.07385 -3710.22 0 0.910766 0.960379 394493 0.778457 3710.22 0.0049254 
0.219 0.0105119 2.027e+06 0 0 1.64151e+06 1.07976 -4247.98 0 0.892505 0.955075 385490 0.760712 4247.98 0.00621255 
0.22265 0.0104503 2.02695e+06 0 0 1.65292e+06 1.08729 -4965.54 0 0.868117 0.948047 374034 0.738121 4965.54 0.00793692 
0.2263 0.010371 2.0269e+06 0 0 1.66764e+06 1.09701 -5920.59 0 0.835644 0.938492 359259 0.708983 5920.59 0.0102129 
0.22995 0.0102687 2.02685e+06 0 0 1.68679e+06 1.10963 -7177.51 0 0.792715 0.925162 340058 0.671106 7177.51 0.0131516 
0.2336 0.0101378 2.0268e+06 0 0 1.71173e+06 1.12606 -8790.81 0 0.736629 0.906067 315072 0.621811 8790.81 0.0168224 
0.23725 0.00997302 2.02675e+06 0 0 1.74394e+06 1.14729 -10758 0 0.664673 0.87793 282805 0.558144 10758 0.021167 
0.2409 0.00977173 2.0267e+06 0 0 1.78468e+06 1.17411 -12904.7 0 0.57489 0.83525 242020 0.477664 12904.7 0.025829 
0.24455 0.00953874 2.02665e+06 0 0 1.83388e+06 1.20651 -14664.2 0 0.467703 0.769017 192770 0.38047 14664.2 0.0298648 
0.2482 0.00929277 2.0266e+06 0 0 1.88828e+06 1.24233 -14903.8 0 0.348695 0.666742 138320 0.273008 14903.8 0.0314745 
0.25185 0.00906913 2.02655e+06 0 0 1.93992e+06 1.27634 -12567.5 0 0.2313 0.520499 86626.5 0.170983 12567.5 0.0285517 
0.2555 0.00890349 2.0265e+06 0 0 1.97948e+06 1.3024 -8391.07 0 0.134044 0.348309 47020.5 0.0928113 8391.07 0.021093 
0.25915 0.00880445 2.02645e+06 0 0 2.00366e+06 1.31834 -4563.69 0 0.0686651 0.196887 22793.3 0.0449915 4563.69 0.0125909 
0.2628 0.00875418 2.0264e+06 0 0 2.01608e+06 1.32654 -2176.48 0 0.0322854 0.0974934 10321.6 0.0203744 2176.48 0.00639292 
0.26645 0.00873105 2.02635e+06 0 0 2.02183e+06 1.33036 -969.984 0 0.0144902 0.0446443 4520.98 0.00892438 969.984 0.00295395 
0.2701 0.00872096 2.0263e+06 0 0 2.02435e+06 1.33205 -419.289 0 0.00637224 0.0196873 1953.55 0.0038564 419.289 0.00130398 
0.27375 0.00871671 2.02625e+06 0 0 2.02541e+06 1.33278 -179.042 0 0.00278422 0.00855052 840.908 0.00166003 179.042 0.000564673 
0.2774 0.00871501 2.0262e+06 0 0 2.02584e+06 1.33309 -76.1642 0 0.00121688 0.0036977 362.248 0.000715129 76.1642 0.000242951 
0.28105 0.00871439 2.02615e+06 0 0 2.02599e+06 1.33323 -32.4023 0 0.00053377 0.00160044 156.528 0.000309015 32.4023 0.000104474 
0.2847 0.00871425 2.0261e+06 0 0 2.02603e+06 1.33329 -13.8116 0 0.000235373 0.00069505 67.9288 0.000134108 13.8116 4.5029e-05 
0.28835 0.00871431 2.02605e+06 0 0 2.02602e+06 1.33331 -5.90477 0 0.000104444 0.000303288 29.6318 5.85017e-05 5.90477 1.94818e-05 
0.292 0.00871446 2.026e+06 0 0 2.02599e+06 1.33332 -2.53369 0 4.66661e-05 0.000133088 13.0012 2.56687e-05 2.53369 8.46882e-06 
0.29565 0.00871465 2.02595e+06 0 0 2.02594e+06 1.33333 -1.09179 0 2.10033e-05 5.87678e-05 5.74061 1.13342e-05 1.09179 3.70148e-06 
0.2993 0.00871485 2.0259e+06 0 0 2.0259e+06 1.33333 -0.472707 0 9.52448e-06 2.61259e-05 2.55199 5.03874e-06 0.472707 1.62756e-06 
0.30295 0.00871506 2.02585e+06 0 0 2.02585e+06 1.33333 -0.205746 0 4.35203e-06 1.16977e-05 1.14262 2.25608e-06 0.205746 7.20322e-07 
0.3066 0.00871527 2.0258e+06 0 0 2.0258e+06 1.33333 -0.0900696 0 2.0035e-06 5.27631e-06 0.515384 1.01764e-06 0.0900696 3.21017e-07 
0.31025 0.00871549 2.02575e+06 0 0 2.02575e+06 1.33333 -0.0396771 0 9.28943e-07 2.39776e-06 0.23421 4.62465e-07 0.0396771 1.44109e-07 
0.3139 0.0087157 2.0257e+06 0 0 2.0257e+06 1.33333 -0.0175957 0 4.33533e-07 1.09769e-06 0.107221 2.11722e-07 0.0175957 6.518e-08 
0.31755 0.00871592 2.02565e+06 0 0 2.02565e+06 1.33333 -0.00785851 0 2.03434e-07 5.06048e-07 0.04943 9.76082e-08 0.00785851 2.97064e-08 
0.3212 0.00871613 2.0256e+06 0 0 2.0256e+06 1.33333 -0.00353564 0 9.58024e-08 2.34738e-07 0.0229288 4.52781e-08 0.00353564 1.36424e-08 
0.32485 0.00871635 2.02555e+06 0 0 2.02555e+06 1.33333 -0.00160275 0 4.51207e-08 1.09387e-07 0.0106847 2.10999e-08 0.00160275 6.31211e-09 
0.3285 0.00871656 2.0255e+06 0 0 2.0255e+06 1.33333 -0.000732089 0 2.11079e-08 5.105e-08 0.00498648 9.84741e-09 0.000732093 2.94162e-09 
0.33215 0.00871678 2.02545e+06 0 0 2.02545e+06 1.33333 -0.000336923 0 9.66802e-09 2.37137e-08 0.00231632 4.57443e-09 0.000336927 1.38024e-09 
0.3358 0.00871699 2.0254e+06 0 0 2.0254e+06 1.33333 -0.00015619 0 4.19547e-09 1.08246e-08 0.00105733 2.08814e-09 0.000156192 6.51572e-10 
0.33945 0.00871721 2.02535e+06 0 0 2.02535e+06 1.33333 -7.28919e-05 0 1.57425e-09 4.71781e-09 0.000460828 9.10121e-10 7.28926e-05 3.09039e-10 
0.3431 0.00871742 2.0253e+06 0 0 2.0253e+06 1.33333 0.000175622 0 3.27926e-10 2.09448e-09 0.000204585 4.04059e-10 -0.00017562 1.78071e-10 
0.34675 0.00871764 2.02525e+06 0 0 2.02525e+06 1.33333 -1.84592e-05 0 8.05866e-12 0 0.000202032 3.99026e-10 1.84605e-05 -8.01766e-13 
0.3504 0.00871785 2.0252e+06 0 0 2.0252e+06 1.33333 -1.57258e-05 0 0 0 0.000194907 3.84964e-10 1.57269e-05 0 
0.35405 0.00871807 2.02515e+06 0 0 2.02515e+06 1.33333 1.92557e-06 0 0 0 0.000194891 3.84941e-10 -1.92204e-06 0 
0.3577 0.00871828 2.0251e+06 0 0 2.0251e+06 1.33333 3.97933e-06 0 0 0 0.000196406 3.87944e-10 -3.97907e-06 0 
0.36135 0.0087185 2.02505e+06 0 0 2.02505e+06 1.33333 1.3445e-06 0 0 0 0.00019708 3.89285e-10 -1.34331e-06 0 
0.365 0.00871871 2.025e+06 0 0 2.025e+06 1.33333 -3.54127e-07 0 0 0 0.000197013 3.89162e-10 3.56216e-07 0 


0 0.0112 2.03e+06 0 0 1.5225e+06 1 0 0 1.01499 1.01407 507500 1 0 4.9891e-07 
0.00365 0.0112002 2.02995e+06 0 0 1.52248e+06 1.00001 -0.735614 0 1.01489 1.01406 507471 0.999968 0.735614 4.26874e-06 
0.0073 0.0112003 2.0299e+06 0 0 1.52246e+06 1.00003 -1.73632 0 1.01476 1.01405 507436 0.999924 1.73632 9.18991e-06 
0.01095 0.0112003 2.02985e+06 0 0 1.52246e+06 1.00004 -3.04896 0 1.0146 1.01403 507394 0.999865 3.04896 1.54191e-05 
0.0146 0.0112003 2.0298e+06 0 0 1.52246e+06 1.00007 -4.72399 0 1.0144 1.01401 507343 0.99979 4.72399 2.312e-05 
0.01825 0.0112003 2.02975e+06 0 0 1.52247e+06 1.0001 -6.81544 0 1.01416 1.01399 507283 0.999695 6.81544 3.24621e-05 
0.0219 0.0112001 2.0297e+06 0 0 1.52249e+06 1.00014 -9.38077 0 1.01388 1.01396 507210 0.999577 9.38077 4.36207e-05 
0.02555 0.0111999 2.02965e+06 0 0 1.52253e+06 1.00019 -12.4808 0 1.01354 1.01393 507124 0.999432 12.4808 5.67759e-05 
0.0292 0.0111996 2.0296e+06 0 0 1.52258e+06 1.00025 -16.1796 0 1.01315 1.01389 507023 0.999257 16.1796 7.21117e-05 
0.03285 0.0111991 2.02955e+06 0 0 1.52265e+06 1.00032 -20.5443 0 1.01269 1.01384 506904 0.999048 20.5443 8.98157e-05 
0.0365 0.0111985 2.0295e+06 0 0 1.52273e+06 1.0004 -25.6448 0 1.01216 1.01379 506766 0.9988 25.6448 0.000110078 
0.04015 0.0111978 2.02945e+06 0 0 1.52284e+06 1.0005 -31.5539 0 1.01155 1.01373 506606 0.998509 31.5539 0.00013309 
0.0438 0.0111969 2.0294e+06 0 0 1.52298e+06 1.00061 -38.3466 0 1.01086 1.01365 506422 0.99817 38.3466 0.000159043 
0.04745 0.0111958 2.02935e+06 0 0 1.52314e+06 1.00074 -46.1004 0 1.01007 1.01357 506210 0.997779 46.1004 0.000188132 
0.0511 0.0111945 2.0293e+06 0 0 1.52333e+06 1.00089 -54.8946 0 1.00919 1.01348 505969 0.997328 54.8946 0.000220545 
0.05475 0.0111931 2.02925e+06 0 0 1.52355e+06 1.00106 -64.8102 0 1.00819 1.01337 505696 0.996813 64.8102 0.000256473 
0.0584 0.0111913 2.0292e+06 0 0 1.52381e+06 1.00126 -75.9298 0 1.00708 1.01325 505386 0.996228 75.9298 0.000296101 
0.06205 0.0111894 2.02915e+06 0 0 1.52411e+06 1.00148 -88.3368 0 1.00584 1.01311 505038 0.995565 88.3368 0.000339612 
0.0657 0.0111871 2.0291e+06 0 0 1.52445e+06 1.00173 -102.116 0 1.00446 1.01296 504647 0.99482 102.116 0.000387181 
0.06935 0.0111845 2.02905e+06 0 0 1.52484e+06 1.00201 -117.351 0 1.00294 1.01279 504211 0.993984 117.351 0.000438978 
0.073 0.0111817 2.029e+06 0 0 1.52528e+06 1.00232 -134.129 0 1.00127 1.01259 503725 0.99305 134.129 0.000495168 
0.07665 0.0111784 2.02895e+06 0 0 1.52576e+06 1.00266 -152.533 0 0.999435 1.01238 503186 0.992012 152.533 0.000555903 
0.0803 0.0111749 2.0289e+06 0 0 1.52631e+06 1.00305 -172.647 0 0.997426 1.01214 502589 0.990861 172.647 0.00062133 
0.08395 0.0111709 2.02885e+06 0 0 1.52692e+06 1.00347 -194.555 0 0.995235 1.01188 501932 0.989589 194.555 0.000691581 
0.0876 0.0111665 2.0288e+06 0 0 1.52759e+06 1.00394 -218.338 0 0.992851 1.0116 501210 0.988189 218.338 0.000766781 
0.09125 0.0111616 2.02875e+06 0 0 1.52833e+06 1.00445 -244.077 0 0.990265 1.01128 500418 0.986652 244.077 0.000847038 
0.0949 0.0111563 2.0287e+06 0 0 1.52915e+06 1.00501 -271.849 0 0.987467 1.01094 499552 0.984969 271.849 0.00093245 
0.09855 0.0111505 2.02865e+06 0 0 1.53004e+06 1.00562 -301.731 0 0.984447 1.01056 498607 0.983132 301.731 0.0010231 
0.1022 0.0111442 2.0286e+06 0 0 1.53102e+06 1.00629 -333.796 0 0.981195 1.01014 497580 0.981131 333.796 0.00111905 
0.10585 0.0111373 2.02855e+06 0 0 1.53208e+06 1.00701 -368.115 0 0.977701 1.00969 496466 0.978957 368.115 0.00122037 
0.1095 0.0111299 2.0285e+06 0 0 1.53324e+06 1.0078 -404.755 0 0.973955 1.00921 495259 0.976601 404.755 0.00132708 
0.11315 0.0111219 2.02845e+06 0 0 1.5345e+06 1.00865 -443.783 0 0.969946 1.00868 493955 0.974053 443.783 0.00143921 
0.1168 0.0111132 2.0284e+06 0 0 1.53585e+06 1.00957 -485.262 0 0.965665 1.0081 492548 0.971303 485.262 0.00155678 
0.12045 0.0111039 2.02835e+06 0 0 1.53732e+06 1.01055 -529.253 0 0.961101 1.00748 491034 0.968341 529.253 0.00167979 
0.1241 0.0110938 2.0283e+06 0 0 1.53889e+06 1.01161 -575.818 0 0.956243 1.00681 489407 0.965156 575.818 0.00180824 
0.12775 0.0110831 2.02825e+06 0 0 1.54059e+06 1.01275 -625.021 0 0.95108 1.00609 487661 0.961738 625.021 0.00194213 
0.1314 0.0110716 2.0282e+06 0 0 1.54241e+06 1.01398 -676.926 0 0.9456 1.00531 485791 0.958073 676.926 0.00208147 
0.13505 0.0110594 2.02815e+06 0 0 1.54436e+06 1.01528 -731.608 0 0.93979 1.00447 483790 0.954151 731.608 0.00222628 
0.1387 0.0110463 2.0281e+06 0 0 1.54645e+06 1.01668 -789.148 0 0.933637 1.00356 481652 0.949958 789.148 0.00237662 
0.14235 0.0110324 2.02805e+06 0 0 1.54868e+06 1.01817 -849.647 0 0.927123 1.00259 479370 0.945479 849.647 0.0025326 
0.146 0.0110175 2.028e+06 0 0 1.55107e+06 1.01977 -913.228 0 0.920232 1.00155 476934 0.940699 913.228 0.00269442 
0.14965 0.0110018 2.02795e+06 0 0 1.55361e+06 1.02147 -980.044 0 0.91294 1.00042 474337 0.9356 980.044 0.00286236 
0.1533 0.010985 2.0279e+06 0 0 1.55633e+06 1.02328 -1050.29 0 0.905224 0.999215 471569 0.930162 1050.29 0.00303687 
0.15695 0.0109672 2.02785e+06 0 0 1.55923e+06 1.02521 -1124.23 0 0.897051 0.997914 468617 0.924363 1124.23 0.0032186 
0.1606 0.0109483 2.0278e+06 0 0 1.56233e+06 1.02727 -1202.19 0 0.888383 0.996512 465469 0.918176 1202.19 0.00340845 
0.16425 0.0109281 2.02775e+06 0 0 1.56564e+06 1.02948 -1284.59 0 0.879176 0.994999 462110 0.911572 1284.59 0.00360768 
0.1679 0.0109067 2.0277e+06 0 0 1.56918e+06 1.03183 -1371.98 0 0.869371 0.993364 458521 0.904515 1371.98 0.00381797 
0.17155 0.0108838 2.02765e+06 0 0 1.57297e+06 1.03435 -1465.02 0 0.858902 0.991593 454683 0.896965 1465.02 0.00404152 
0.1752 0.0108594 2.0276e+06 0 0 1.57703e+06 1.03704 -1564.58 0 0.847685 0.989669 450571 0.888876 1564.58 0.00428124 
0.17885 0.0108333 2.02755e+06 0 0 1.58139e+06 1.03993 -1671.71 0 0.835621 0.987574 446161 0.880197 1671.71 0.00454081 
0.1825 0.0108054 2.0275e+06 0 0 1.58608e+06 1.04304 -1787.67 0 0.835107 0.985287 441421 0.870868 1787.67 0.00460657 
0.18615 0.0107954 2.02745e+06 0 0 1.58817e+06 1.04444 -1857.49 0 0.966208 0.984242 439281 0.866667 1857.49 0.00149199 
0.1898 0.0107844 2.0274e+06 0 0 1.59045e+06 1.04597 -1934.51 0 0.968468 0.983094 436949 0.862088 1934.51 0.00145037 
0.19345 0.0107723 2.02735e+06 0 0 1.59291e+06 1.04761 -2021.59 0 0.965977 0.981848 434441 0.857161 2021.59 0.00157403 
0.1971 0.0107591 2.0273e+06 0 0 1.59559e+06 1.0494 -2122.13 0 0.963023 0.980479 431712 0.851797 2122.13 0.00173142 
0.20075 0.0107443 2.02725e+06 0 0 1.59855e+06 1.05138 -2241.03 0 0.959434 0.978953 428698 0.845871 2241.03 0.00193631 
0.2044 0.0107273 2.0272e+06 0 0 1.60189e+06 1.0536 -2385.22 0 0.954963 0.977217 425311 0.839209 2385.22 0.00220792 
0.20805 0.0107075 2.02715e+06 0 0 1.60572e+06 1.05615 -2564.5 0 0.949274 0.975199 421426 0.831564 2564.5 0.00257271 
0.2117 0.0106839 2.0271e+06 0 0 1.61023e+06 1.05914 -2792.52 0 0.9419 0.972796 416870 0.822594 2792.52 0.00306648 
0.21535 0.010655 2.02705e+06 0 0 1.61565e+06 1.06273 -3088.13 0 0.932214 0.969857 411401 0.811822 3088.13 0.00373683 
0.219 0.010619 2.027e+06 0 0 1.62231e+06 1.06713 -3476.97 0 0.919376 0.966167 404688 0.798596 3476.97 0.00464574 
0.22265 0.0105735 2.02695e+06 0 0 1.63067e+06 1.07266 -3993.33 0 0.902279 0.96141 396281 0.782025 3993.33 0.0058717 
0.2263 0.0105153 2.0269e+06 0 0 1.64133e+06 1.0797 -4681.91 0 0.879496 0.955124 385573 0.760912 4681.91 0.0075105 
0.22995 0.0104401 2.02685e+06 0 0 1.65509e+06 1.08878 -5598.8 0 0.849221 0.946614 371760 0.733671 5598.8 0.00967218 
0.2336 0.0103432 2.0268e+06 0 0 1.673e+06 1.10058 -6809.29 0 0.809249 0.934813 353803 0.69825 6809.29 0.0124696 
0.23725 0.0102188 2.02675e+06 0 0 1.69634e+06 1.11597 -8376.64 0 0.757017 0.918036 330406 0.652091 8376.64 0.0159886 
0.2409 0.0100614 2.0267e+06 0 0 1.72662e+06 1.13592 -10327.6 0 0.689825 0.893526 300078 0.592249 10327.6 0.0202221 
0.24455 0.00986717 2.02665e+06 0 0 1.76525e+06 1.16136 -12562.9 0 0.60541 0.856661 261402 0.515929 12562.9 0.0249319 
0.2482 0.00963792 2.0266e+06 0 0 1.81278e+06 1.19266 -14664.6 0 0.503214 0.79969 213816 0.422019 14664.6 0.0293972 
0.25185 0.00938732 2.02655e+06 0 0 1.86726e+06 1.22853 -15641.1 0 0.386768 0.7108 159289 0.314405 15641.1 0.0320869 
0.2555 0.00914644 2.0265e+06 0 0 1.92211e+06 1.26465 -14172 0 0.266776 0.578246 104389 0.206048 14172 0.0307768 
0.25915 0.00895503 2.02645e+06 0 0 1.96739e+06 1.29447 -10223 0 0.161039 0.408582 59061.6 0.116581 10223 0.0243898 
0.2628 0.00883307 2.0264e+06 0 0 1.99701e+06 1.31399 -5884.11 0 0.0850893 0.242912 29394.1 0.0580224 5884.11 0.015506 
0.26645 0.00876863 2.02635e+06 0 0 2.0129e+06 1.32448 -2889.93 0 0.0406235 0.124146 13451.8 0.0265537 2889.93 0.00818969 
0.2701 0.00873842 2.0263e+06 0 0 2.02041e+06 1.32946 -1301.71 0 0.0182742 0.0575743 5893.04 0.0116331 1301.71 0.00384942 
0.27375 0.00872515 2.02625e+06 0 0 2.02372e+06 1.33167 -563.104 0 0.00799161 0.0254058 2532.67 0.00499971 563.104 0.00170493 
0.2774 0.00871955 2.0262e+06 0 0 2.02512e+06 1.33262 -239.49 0 0.00345738 0.0109711 1081.05 0.00213415 239.49 0.000735522 
0.28105 0.00871728 2.02615e+06 0 0 2.02569e+06 1.33303 -101.229 0 0.00149244 0.00470148 460.953 0.000910009 101.229 0.000314137 
0.2847 0.00871643 2.0261e+06 0 0 2.0259e+06 1.3332 -42.7321 0 0.000645443 0.00201237 196.88 0.000388687 42.7321 0.000133821 
0.28835 0.0087162 2.02605e+06 0 0 2.02597e+06 1.33328 -18.0552 0 0.000280232 0.000862982 84.3525 0.000166536 18.0552 5.70572e-05 
0.292 0.00871622 2.026e+06 0 0 2.02596e+06 1.33331 -7.64436 0 0.000122288 0.000371366 36.2851 7.16389e-05 7.64436 2.43907e-05 
0.29565 0.00871635 2.02595e+06 0 0 2.02593e+06 1.33332 -3.24539 0 5.36771e-05 0.000160518 15.6811 3.09605e-05 3.24539 1.04639e-05 
0.2993 0.00871653 2.0259e+06 0 0 2.02589e+06 1.33333 -1.3823 0 2.37128e-05 6.97374e-05 6.81222 1.34503e-05 1.3823 4.50844e-06 
0.30295 0.00871673 2.02585e+06 0 0 2.02585e+06 1.33333 -0.590943 0 1.05477e-05 3.04704e-05 2.97637 5.87679e-06 0.590943 1.95195e-06 
0.3066 0.00871694 2.0258e+06 0 0 2.0258e+06 1.33333 -0.253687 0 4.72553e-06 1.33961e-05 1.30852 2.58371e-06 0.253687 8.49685e-07 
0.31025 0.00871715 2.02575e+06 0 0 2.02575e+06 1.33333 -0.109412 0 2.13273e-06 5.9285e-06 0.57909 1.14346e-06 0.109412 3.72059e-07 
0.3139 0.00871737 2.0257e+06 0 0 2.0257e+06 1.33333 -0.0474307 0 9.69613e-07 2.64194e-06 0.258061 5.09574e-07 0.0474307 1.63959e-07 
0.31755 0.00871758 2.02565e+06 0 0 2.02565e+06 1.33333 -0.0206772 0 4.43913e-07 1.18571e-06 0.115819 2.28704e-07 0.0206772 7.27469e-08 
0.3212 0.0087178 2.0256e+06 0 0 2.0256e+06 1.33333 -0.00906917 0 2.04491e-07 5.35893e-07 0.0523452 1.03367e-07 0.00906918 3.25086e-08 
0.32485 0.00871801 2.02555e+06 0 0 2.02555e+06 1.33333 -0.00400389 0 9.46192e-08 2.43775e-07 0.0238115 4.70224e-08 0.00400389 1.46353e-08 
0.3285 0.00871823 2.0255e+06 0 0 2.0255e+06 1.33333 -0.00177993 0 4.38221e-08 1.11462e-07 0.0108875 2.15008e-08 0.00177993 6.63878e-09 
0.33215 0.00871844 2.02545e+06 0 0 2.02545e+06 1.33333 -0.000797016 0 2.01688e-08 5.10765e-08 0.00498907 9.85277e-09 0.000797018 3.03437e-09 
0.3358 0.00871866 2.0254e+06 0 0 2.0254e+06 1.33333 -0.000359546 0 9.08408e-09 2.33118e-08 0.00227706 4.49701e-09 0.000359549 1.39719e-09 
0.33945 0.00871887 2.02535e+06 0 0 2.02535e+06 1.33333 -0.000163402 0 3.86397e-09 1.04582e-08 0.00102154 2.0175e-09 0.000163406 6.47727e-10 
0.3431 0.00871909 2.0253e+06 0 0 2.0253e+06 1.33333 -7.47815e-05 0 1.40369e-09 4.47584e-09 0.000437193 8.63464e-10 7.47831e-05 3.01837e-10 
0.34675 0.0087193 2.02525e+06 0 0 2.02525e+06 1.33333 0.000228377 0 2.67963e-10 0 0.000197821 3.9071e-10 -0.000228376 1.79594e-10 
0.3504 0.00871952 2.0252e+06 0 0 2.0252e+06 1.33333 -1.84799e-06 0 4.9718e-12 0 0.000196311 3.87736e-10 1.84917e-06 -3.25291e-13 
0.35405 0.00871973 2.02515e+06 0 0 2.02515e+06 1.33333 -8.20847e-06 0 0 0 0.000198491 3.92052e-10 8.20908e-06 0 
0.3577 0.00871995 2.0251e+06 0 0 2.0251e+06 1.33333 -1.60294e-06 0 0 0 0.000198435 3.91951e-10 1.60466e-06 0 
0.36135 0.00872016 2.02505e+06 0 0 2.02505e+06 1.33333 -1.82442e-06 0 0 0 0.000197659 3.90427e-10 1.82609e-06 0 
0.365 0.00872038 2.025e+06 0 0 2.025e+06 1.33333 -1.64937e-06 0 0 0 0.000196954 3.89046e-10 1.65085e-06 0 


0 0.0112 2.03e+06 0 0 1.5225e+06 1 0 0 1.015 1.01407 507500 1 0 3.34429e-07 
0.00365 0.0112002 2.02995e+06 0 0 1.52248e+06 1.00001 -0.583874 0 1.01491 1.01406 507474 0.999974 0.583874 3.29112e-06 
0.0073 0.0112003 2.0299e+06 0 0 1.52246e+06 1.00002 -1.38041 0 1.0148 1.01405 507444 0.999939 1.38041 7.1753e-06 
0.01095 0.0112004 2.02985e+06 0 0 1.52244e+06 1.00004 -2.42844 0 1.01466 1.01404 507408 0.999892 2.42844 1.212e-05 
0.0146 0.0112005 2.0298e+06 0 0 1.52244e+06 1.00006 -3.77005 0 1.0145 1.01402 507365 0.999832 3.77005 1.82651e-05 
0.01825 0.0112005 2.02975e+06 0 0 1.52244e+06 1.00008 -5.4506 0 1.0143 1.014 507313 0.999755 5.4506 2.57569e-05 
0.0219 0.0112004 2.0297e+06 0 0 1.52245e+06 1.00011 -7.51865 0 1.01407 1.01398 507252 0.999659 7.51865 3.47475e-05 
0.02555 0.0112003 2.02965e+06 0 0 1.52247e+06 1.00015 -10.0259 0 1.01379 1.01395 507180 0.999542 10.0259 4.53943e-05 
0.0292 0.0112001 2.0296e+06 0 0 1.5225e+06 1.0002 -13.0271 0 1.01347 1.01392 507095 0.9994 13.0271 5.78598e-05 
0.03285 0.0111998 2.02955e+06 0 0 1.52255e+06 1.00026 -16.5801 0 1.01309 1.01388 506997 0.999229 16.5801 7.23105e-05 
0.0365 0.0111993 2.0295e+06 0 0 1.52262e+06 1.00032 -20.7453 0 1.01265 1.01383 506881 0.999027 20.7453 8.89165e-05 
0.04015 0.0111988 2.02945e+06 0 0 1.5227e+06 1.0004 -25.5861 0 1.01215 1.01378 506748 0.998789 25.5861 0.000107851 
0.0438 0.0111981 2.0294e+06 0 0 1.52281e+06 1.0005 -31.1684 0 1.01158 1.01372 506595 0.998511 31.1684 0.000129289 
0.04745 0.0111972 2.02935e+06 0 0 1.52293e+06 1.0006 -37.5602 0 1.01092 1.01365 506418 0.998188 37.5602 0.000153406 
0.0511 0.0111962 2.0293e+06 0 0 1.52308e+06 1.00073 -44.8322 0 1.01018 1.01357 506217 0.997817 44.8322 0.000180382 
0.05475 0.0111951 2.02925e+06 0 0 1.52326e+06 1.00087 -53.0566 0 1.00935 1.01348 505989 0.997391 53.0566 0.000210391 
0.0584 0.0111937 2.0292e+06 0 0 1.52347e+06 1.00103 -62.3076 0 1.00842 1.01338 505730 0.996905 62.3076 0.000243612 
0.06205 0.0111921 2.02915e+06 0 0 1.52371e+06 1.00122 -72.6608 0 1.00738 1.01327 505438 0.996355 72.6608 0.000280216 
0.0657 0.0111902 2.0291e+06 0 0 1.52399e+06 1.00142 -84.1932 0 1.00622 1.01314 505111 0.995733 84.1932 0.000320377 
0.06935 0.0111881 2.02905e+06 0 0 1.52431e+06 1.00166 -96.9827 0 1.00494 1.013 504744 0.995035 96.9827 0.000364261 
0.073 0.0111858 2.029e+06 0 0 1.52467e+06 1.00192 -111.108 0 1.00353 1.01283 504335 0.994253 111.108 0.000412032 
0.07665 0.0111831 2.02895e+06 0 0 1.52507e+06 1.00221 -126.648 0 1.00197 1.01265 503880 0.993381 126.648 0.000463847 
0.0803 0.0111801 2.0289e+06 0 0 1.52552e+06 1.00253 -143.682 0 1.00027 1.01246 503377 0.992413 143.682 0.000519857 
0.08395 0.0111768 2.02885e+06 0 0 1.52603e+06 1.00289 -162.29 0 0.998401 1.01224 502820 0.99134 162.29 0.000580205 
0.0876 0.0111731 2.0288e+06 0 0 1.52659e+06 1.00328 -182.549 0 0.996366 1.01199 502207 0.990157 182.549 0.000645027 
0.09125 0.011169 2.02875e+06 0 0 1.52722e+06 1.00372 -204.537 0 0.994153 1.01173 501534 0.988854 204.537 0.000714448 
0.0949 0.0111646 2.0287e+06 0 0 1.5279e+06 1.00419 -228.333 0 0.991753 1.01143 500797 0.987424 228.333 0.000788584 
0.09855 0.0111597 2.02865e+06 0 0 1.52866e+06 1.00471 -254.01 0 0.989156 1.01111 499991 0.98586 254.01 0.000867541 
0.1022 0.0111543 2.0286e+06 0 0 1.52949e+06 1.00528 -281.644 0 0.986352 1.01076 499113 0.984152 281.644 0.000951414 
0.10585 0.0111484 2.02855e+06 0 0 1.53039e+06 1.0059 -311.307 0 0.983333 1.01038 498158 0.982293 311.307 0.00104028 
0.1095 0.0111421 2.0285e+06 0 0 1.53138e+06 1.00658 -343.071 0 0.980087 1.00996 497121 0.980274 343.071 0.00113423 
0.11315 0.0111352 2.02845e+06 0 0 1.53245e+06 1.00731 -377.004 0 0.976605 1.00951 495999 0.978085 377.004 0.0012333 
0.1168 0.0111277 2.0284e+06 0 0 1.53361e+06 1.00809 -413.177 0 0.972878 1.00901 494786 0.975717 413.177 0.00133756 
0.12045 0.0111196 2.02835e+06 0 0 1.53487e+06 1.00895 -451.656 0 0.968894 1.00848 493477 0.97316 451.656 0.00144705 
0.1241 0.011111 2.0283e+06 0 0 1.53623e+06 1.00986 -492.51 0 0.964643 1.00791 492068 0.970405 492.51 0.00156182 
0.12775 0.0111017 2.02825e+06 0 0 1.5377e+06 1.01085 -535.81 0 0.960113 1.00728 490553 0.967442 535.81 0.0016819 
0.1314 0.0110917 2.0282e+06 0 0 1.53927e+06 1.01191 -581.628 0 0.955294 1.00661 488927 0.964258 581.628 0.00180736 
0.13505 0.011081 2.02815e+06 0 0 1.54097e+06 1.01305 -630.045 0 0.950173 1.00589 487184 0.960843 630.045 0.00193825 
0.1387 0.0110695 2.0281e+06 0 0 1.54278e+06 1.01427 -681.149 0 0.944736 1.00511 485317 0.957185 681.149 0.00207467 
0.14235 0.0110573 2.02805e+06 0 0 1.54473e+06 1.01558 -735.042 0 0.938967 1.00427 483319 0.953269 735.042 0.00221677 
0.146 0.0110443 2.028e+06 0 0 1.54682e+06 1.01697 -791.848 0 0.932849 1.00336 481185 0.949082 791.848 0.00236475 
0.14965 0.0110304 2.02795e+06 0 0 1.54905e+06 1.01846 -851.715 0 0.926362 1.00239 478904 0.944607 851.715 0.00251891 
0.1533 0.0110156 2.0279e+06 0 0 1.55143e+06 1.02006 -914.828 0 0.919483 1.00135 476468 0.939826 914.828 0.00267968 
0.15695 0.0109998 2.02785e+06 0 0 1.55398e+06 1.02176 -981.419 0 0.912183 1.00022 473867 0.934719 981.419 0.00284764 
0.1606 0.010983 2.0278e+06 0 0 1.55671e+06 1.02358 -1051.78 0 0.90443 0.999004 471090 0.929263 1051.78 0.00302362 
0.16425 0.0109651 2.02775e+06 0 0 1.55963e+06 1.02552 -1126.28 0 0.896183 0.997694 468122 0.923431 1126.28 0.0032087 
0.1679 0.0109459 2.0277e+06 0 0 1.56275e+06 1.0276 -1205.38 0 0.887393 0.996279 464949 0.917194 1205.38 0.00340434 
0.17155 0.0109256 2.02765e+06 0 0 1.5661e+06 1.02983 -1289.66 0 0.878002 0.994747 461553 0.910518 1289.66 0.00361244 
0.1752 0.0109038 2.0276e+06 0 0 1.56968e+06 1.03221 -1379.82 0 0.867941 0.993086 457915 0.903365 1379.82 0.00383545 
0.17885 0.0108805 2.02755e+06 0 0 1.57354e+06 1.03477 -1476.73 0 0.857129 0.991282 454014 0.89569 1476.73 0.00407646 
0.1825 0.0108556 2.0275e+06 0 0 1.57767e+06 1.03752 -1581.43 0 0.8569 0.989317 449826 0.887449 1581.43 0.00412575 
0.18615 0.0108473 2.02745e+06 0 0 1.57945e+06 1.03871 -1639.93 0 0.97309 0.988454 448004 0.883878 1639.93 0.00127115 
0.1898 0.0108379 2.0274e+06 0 0 1.58138e+06 1.04 -1704.23 0 0.975134 0.987509 446025 0.879994 1704.23 0.0012272 
0.19345 0.0108279 2.02735e+06 0 0 1.58344e+06 1.04138 -1775.87 0 0.973179 0.986494 443911 0.875845 1775.87 0.00132041 
0.1971 0.010817 2.0273e+06 0 0 1.58567e+06 1.04288 -1857.19 0 0.970903 0.98539 441633 0.871373 1857.19 0.00143689 
0.20075 0.0108049 2.02725e+06 0 0 1.5881e+06 1.0445 -1951.5 0 0.968188 0.984177 439148 0.866491 1951.5 0.00158601 
0.2044 0.0107912 2.0272e+06 0 0 1.5908e+06 1.04631 -2063.53 0 0.964869 0.98282 436396 0.861082 2063.53 0.0017809 
0.20805 0.0107756 2.02715e+06 0 0 1.59386e+06 1.04834 -2199.93 0 0.960718 0.981274 433293 0.85498 2199.93 0.0020397 
0.2117 0.0107572 2.0271e+06 0 0 1.59738e+06 1.05068 -2370.02 0 0.955419 0.979473 429721 0.847953 2370.02 0.0023872 
0.21535 0.0107352 2.02705e+06 0 0 1.60153e+06 1.05344 -2586.74 0 0.948544 0.977324 425519 0.839681 2586.74 0.00285675 
0.219 0.0107083 2.027e+06 0 0 1.60654e+06 1.05676 -2867.82 0 0.939515 0.974693 420461 0.82972 2867.82 0.0034925 
0.22265 0.0106746 2.02695e+06 0 0 1.61271e+06 1.06084 -3237.34 0 0.927563 0.971391 414241 0.817466 3237.34 0.00435181 
0.2263 0.010632 2.0269e+06 0 0 1.62046e+06 1.06597 -3727.46 0 0.911681 0.967141 406443 0.802098 3727.46 0.00550749 
0.22995 0.0105773 2.02685e+06 0 0 1.63034e+06 1.0725 -4380.31 0 0.890565 0.961541 396509 0.782513 4380.31 0.00704908 
0.2336 0.0105068 2.0268e+06 0 0 1.6431e+06 1.08092 -5249.47 0 0.862562 0.953997 383699 0.757251 5249.47 0.00908131 
0.23725 0.0104157 2.02675e+06 0 0 1.6597e+06 1.09186 -6399.28 0 0.825634 0.943602 367049 0.724409 6399.28 0.0117163 
0.2409 0.0102987 2.0267e+06 0 0 1.68136e+06 1.10614 -7897.96 0 0.777375 0.92894 345342 0.681586 7897.96 0.0150517 
0.24455 0.0101499 2.02665e+06 0 0 1.70952e+06 1.12469 -9793.71 0 0.715147 0.907722 317129 0.625918 9793.71 0.0191206 
0.2482 0.00996461 2.0266e+06 0 0 1.7457e+06 1.14853 -12048.7 0 0.636492 0.876125 280896 0.554418 12048.7 0.0237845 
0.25185 0.00974224 2.02655e+06 0 0 1.79093e+06 1.17831 -14383.4 0 0.540095 0.827671 235621 0.465067 14383.4 0.0285252 
0.2555 0.00949153 2.0265e+06 0 0 1.84439e+06 1.21351 -16007.5 0 0.427704 0.751872 182113 0.359462 16007.5 0.0321193 
0.25915 0.00923764 2.02645e+06 0 0 1.90124e+06 1.25095 -15550.7 0 0.307148 0.635424 125212 0.247156 15550.7 0.0324657 
0.2628 0.00902057 2.0264e+06 0 0 1.95196e+06 1.28435 -12225.1 0 0.194195 0.474873 74440.1 0.146941 12225.1 0.0276825 
0.26645 0.0088714 2.02635e+06 0 0 1.98792e+06 1.30805 -7566.69 0 0.106845 0.299813 38429.3 0.0758593 7566.69 0.0189739 
0.2701 0.00878814 2.0263e+06 0 0 2.00838e+06 1.32154 -3879 0 0.0522857 0.160117 17916.8 0.0353685 3879 0.0105771 
0.27375 0.00874796 2.02625e+06 0 0 2.01836e+06 1.32814 -1780.13 0 0.0237349 0.0759143 7890.59 0.0155767 1780.13 0.00511102 
0.2774 0.0087301 2.0262e+06 0 0 2.02282e+06 1.33111 -774.005 0 0.0103681 0.0337156 3383.84 0.00668017 774.005 0.0022854 
0.28105 0.00872251 2.02615e+06 0 0 2.02471e+06 1.33239 -328.71 0 0.00445564 0.0145295 1435.77 0.00283449 328.71 0.000985844 
0.2847 0.00871941 2.0261e+06 0 0 2.02549e+06 1.33293 -138.311 0 0.00190472 0.00618672 607.291 0.00119894 138.311 0.000419022 
0.28835 0.00871823 2.02605e+06 0 0 2.02579e+06 1.33316 -58.027 0 0.000814191 0.00262504 256.945 0.000507282 58.027 0.00017721 
0.292 0.00871785 2.026e+06 0 0 2.02589e+06 1.33326 -24.3425 0 0.000348887 0.00111419 108.928 0.000215061 24.3425 7.48989e-05 
0.29565 0.00871781 2.02595e+06 0 0 2.0259e+06 1.3333 -10.2244 0 0.000150067 0.000473961 46.3132 9.144e-05 10.2244 3.17025e-05 
0.2993 0.00871792 2.0259e+06 0 0 2.02588e+06 1.33332 -4.30282 0 6.48487e-05 0.000202273 19.7609 3.90166e-05 4.30282 1.34527e-05 
0.30295 0.00871809 2.02585e+06 0 0 2.02584e+06 1.33333 -1.81518 0 2.81714e-05 8.66662e-05 8.46601 1.6716e-05 1.81518 5.72699e-06 
0.3066 0.00871829 2.0258e+06 0 0 2.0258e+06 1.33333 -0.767903 0 1.23095e-05 3.73013e-05 3.64364 7.19447e-06 0.767903 2.44723e-06 
0.31025 0.00871849 2.02575e+06 0 0 2.02575e+06 1.33333 -0.325895 0 5.41253e-06 1.61356e-05 1.57612 3.11217e-06 0.325895 1.0502e-06 
0.3139 0.00871871 2.0257e+06 0 0 2.0257e+06 1.33333 -0.138805 0 2.39576e-06 7.01846e-06 0.685557 1.35372e-06 0.138805 4.52827e-07 
0.31755 0.00871892 2.02565e+06 0 0 2.02565e+06 1.33333 -0.0593576 0 1.06774e-06 3.07103e-06 0.299974 5.92351e-07 0.0593576 1.96277e-07 
0.3212 0.00871913 2.0256e+06 0 0 2.0256e+06 1.33333 -0.0254968 0 4.79119e-07 1.35224e-06 0.132085 2.6083e-07 0.0254968 8.55653e-08 
0.32485 0.00871935 2.02555e+06 0 0 2.02555e+06 1.33333 -0.0110062 0 2.16346e-07 5.9925e-07 0.0585339 1.15591e-07 0.0110062 3.75335e-08 
0.3285 0.00871956 2.0255e+06 0 0 2.0255e+06 1.33333 -0.00477688 0 9.81642e-08 2.67202e-07 0.0260999 5.15427e-08 0.00477688 1.65739e-08 
0.33215 0.00871978 2.02545e+06 0 0 2.02545e+06 1.33333 -0.00208551 0 4.4609e-08 1.19757e-07 0.0116977 2.31014e-08 0.00208551 7.37007e-09 
0.3358 0.00871999 2.0254e+06 0 0 2.0254e+06 1.33333 -0.000916292 0 2.01586e-08 5.38098e-08 0.00525605 1.03803e-08 0.000916293 3.30122e-09 
0.33945 0.00872021 2.02535e+06 0 0 2.02535e+06 1.33333 -0.000405293 0 8.91884e-09 2.40982e-08 0.00235388 4.64883e-09 0.000405295 1.48953e-09 
0.3431 0.00872043 2.0253e+06 0 0 2.0253e+06 1.33333 -0.000180507 0 3.72568e-09 1.06198e-08 0.00103733 2.04874e-09 0.000180509 6.76695e-10 
0.34675 0.00872064 2.02525e+06 0 0 2.02525e+06 1.33333 -8.09162e-05 0 1.33114e-09 4.47668e-09 0.000437275 8.63647e-10 8.09158e-05 3.08824e-10 
0.3504 0.00872086 2.0252e+06 0 0 2.0252e+06 1.33333 0.000377429 0 2.47159e-10 2.12277e-09 0.000207349 4.09539e-10 -0.000377429 2.0258e-10 
0.35405 0.00872107 2.02515e+06 0 0 2.02515e+06 1.33333 -9.58104e-05 0 8.34091e-12 0 0.000188049 3.71428e-10 9.58118e-05 -8.29848e-13 
0.3577 0.00872129 2.0251e+06 0 0 2.0251e+06 1.33333 2.16747e-05 0 0 0 0.000192738 3.80698e-10 -2.16735e-05 0 
0.36135 0.0087215 2.02505e+06 0 0 2.02505e+06 1.33333 9.22445e-06 0 0 0 0.000196913 3.88954e-10 -9.22192e-06 0 
0.365 0.00872172 2.025e+06 0 0 2.025e+06 1.33333 -1.5525e-07 0 0 0 0.000197304 3.89737e-10 1.56807e-07 0 


0 0.0112 2.03e+06 0 0 1.5225e+06 1 0 0 1.015 1.01407 507500 1 0 2.24175e-07 
0.00365 0.0112002 2.02995e+06 0 0 1.52247e+06 1.00001 -0.464231 0 1.01492 1.01407 507477 0.999979 0.464231 2.54747e-06 
0.0073 0.0112004 2.0299e+06 0 0 1.52245e+06 1.00002 -1.09916 0 1.01483 1.01406 507450 0.999951 1.09916 5.61744e-06 
0.01095 0.0112005 2.02985e+06 0 0 1.52243e+06 1.00003 -1.93688 0 1.01472 1.01404 507419 0.999914 1.93688 9.54643e-06 
0.0146 0.0112006 2.0298e+06 0 0 1.52242e+06 1.00005 -3.01245 0 1.01458 1.01403 507381 0.999865 3.01245 1.44534e-05 
0.01825 0.0112007 2.02975e+06 0 0 1.52241e+06 1.00007 -4.36381 0 1.01442 1.01401 507337 0.999803 4.36381 2.04637e-05 
0.0219 0.0112007 2.0297e+06 0 0 1.52241e+06 1.00009 -6.03186 0 1.01423 1.01399 507286 0.999726 6.03186 2.77084e-05 
0.02555 0.0112006 2.02965e+06 0 0 1.52242e+06 1.00012 -8.06038 0 1.014 1.01397 507225 0.999631 8.06038 3.63245e-05 
0.0292 0.0112005 2.0296e+06 0 0 1.52245e+06 1.00016 -10.496 0 1.01373 1.01394 507154 0.999515 10.496 4.64539e-05 
0.03285 0.0112003 2.02955e+06 0 0 1.52248e+06 1.00021 -13.3883 0 1.01342 1.01391 507071 0.999376 13.3883 5.82434e-05 
0.0365 0.0112 2.0295e+06 0 0 1.52253e+06 1.00026 -16.7893 0 1.01305 1.01387 506975 0.999211 16.7893 7.1844e-05 
0.04015 0.0111996 2.02945e+06 0 0 1.52259e+06 1.00033 -20.754 0 1.01264 1.01383 506863 0.999016 20.754 8.74103e-05 
0.0438 0.0111991 2.0294e+06 0 0 1.52266e+06 1.0004 -25.3396 0 1.01216 1.01378 506735 0.998788 25.3396 0.0001051 
0.04745 0.0111984 2.02935e+06 0 0 1.52276e+06 1.00049 -30.6061 0 1.01162 1.01372 506588 0.998523 30.6061 0.000125074 
0.0511 0.0111976 2.0293e+06 0 0 1.52288e+06 1.00059 -36.6154 0 1.011 1.01365 506420 0.998216 36.6154 0.000147494 
0.05475 0.0111967 2.02925e+06 0 0 1.52302e+06 1.00071 -43.4318 0 1.01031 1.01358 506229 0.997864 43.4318 0.000172524 
0.0584 0.0111956 2.0292e+06 0 0 1.52319e+06 1.00085 -51.1214 0 1.00953 1.01349 506012 0.997461 51.1214 0.000200327 
0.06205 0.0111943 2.02915e+06 0 0 1.52338e+06 1.001 -59.7522 0 1.00865 1.0134 505768 0.997004 59.7522 0.000231068 
0.0657 0.0111928 2.0291e+06 0 0 1.52361e+06 1.00117 -69.3936 0 1.00768 1.01329 505493 0.996486 69.3936 0.00026491 
0.06935 0.0111911 2.02905e+06 0 0 1.52387e+06 1.00137 -80.1165 0 1.0066 1.01317 505184 0.995903 80.1165 0.000302014 
0.073 0.0111892 2.029e+06 0 0 1.52416e+06 1.00158 -91.993 0 1.00541 1.01303 504840 0.995249 91.993 0.000342538 
0.07665 0.011187 2.02895e+06 0 0 1.52449e+06 1.00183 -105.096 0 1.00409 1.01288 504457 0.994518 105.096 0.000386639 
0.0803 0.0111845 2.0289e+06 0 0 1.52487e+06 1.0021 -119.499 0 1.00264 1.01271 504032 0.993704 119.499 0.000434467 
0.08395 0.0111818 2.02885e+06 0 0 1.52529e+06 1.0024 -135.277 0 1.00106 1.01253 503561 0.9928 135.277 0.000486169 
0.0876 0.0111787 2.0288e+06 0 0 1.52576e+06 1.00273 -152.503 0 0.999321 1.01232 503041 0.991801 152.503 0.000541887 
0.09125 0.0111753 2.02875e+06 0 0 1.52628e+06 1.0031 -171.252 0 0.99743 1.0121 502470 0.990698 171.252 0.000601754 
0.0949 0.0111715 2.0287e+06 0 0 1.52686e+06 1.0035 -191.598 0 0.995375 1.01185 501842 0.989485 191.598 0.000665899 
0.09855 0.0111673 2.02865e+06 0 0 1.52749e+06 1.00395 -213.614 0 0.993146 1.01158 501155 0.988156 213.614 0.000734441 
0.1022 0.0111628 2.0286e+06 0 0 1.52819e+06 1.00443 -237.374 0 0.990733 1.01128 500405 0.986701 237.374 0.000807492 
0.10585 0.0111578 2.02855e+06 0 0 1.52896e+06 1.00496 -262.951 0 0.988129 1.01095 499588 0.985113 262.951 0.000885156 
0.1095 0.0111524 2.0285e+06 0 0 1.5298e+06 1.00554 -290.415 0 0.985323 1.01059 498699 0.983384 290.415 0.000967529 
0.11315 0.0111465 2.02845e+06 0 0 1.53072e+06 1.00616 -319.839 0 0.982306 1.01021 497734 0.981507 319.839 0.0010547 
0.1168 0.0111401 2.0284e+06 0 0 1.53171e+06 1.00684 -351.292 0 0.979068 1.00979 496690 0.979471 351.292 0.00114675 
0.12045 0.0111332 2.02835e+06 0 0 1.53279e+06 1.00758 -384.847 0 0.975599 1.00933 495561 0.977269 384.847 0.00124375 
0.1241 0.0111257 2.0283e+06 0 0 1.53396e+06 1.00837 -420.575 0 0.971889 1.00883 494343 0.974891 420.575 0.00134578 
0.12775 0.0111176 2.02825e+06 0 0 1.53522e+06 1.00922 -458.549 0 0.967927 1.0083 493031 0.972327 458.549 0.00145293 
0.1314 0.011109 2.0282e+06 0 0 1.53658e+06 1.01014 -498.848 0 0.963701 1.00772 491619 0.969568 498.848 0.00156526 
0.13505 0.0110997 2.02815e+06 0 0 1.53805e+06 1.01113 -541.555 0 0.9592 1.0071 490103 0.966601 541.555 0.00168288 
0.1387 0.0110897 2.0281e+06 0 0 1.53962e+06 1.01219 -586.759 0 0.95441 1.00642 488476 0.963417 586.759 0.00180592 
0.14235 0.011079 2.02805e+06 0 0 1.54132e+06 1.01333 -634.565 0 0.949317 1.0057 486733 0.960002 634.565 0.00193454 
0.146 0.0110676 2.028e+06 0 0 1.54313e+06 1.01455 -685.092 0 0.943904 1.00492 484866 0.956343 685.092 0.00206895 
0.14965 0.0110554 2.02795e+06 0 0 1.54508e+06 1.01586 -738.482 0 0.938154 1.00408 482868 0.952425 738.482 0.00220946 
0.1533 0.0110423 2.0279e+06 0 0 1.54717e+06 1.01726 -794.907 0 0.932043 1.00317 480730 0.948233 794.907 0.00235646 
0.15695 0.0110284 2.02785e+06 0 0 1.54941e+06 1.01875 -854.576 0 0.925548 1.0022 478445 0.943748 854.576 0.0025105 
0.1606 0.0110135 2.0278e+06 0 0 1.5518e+06 1.02035 -917.75 0 0.918639 1.00114 476000 0.938949 917.75 0.0026723 
0.16425 0.0109977 2.02775e+06 0 0 1.55436e+06 1.02206 -984.748 0 0.91128 1.00001 473386 0.933815 984.748 0.00284283 
0.1679 0.0109807 2.0277e+06 0 0 1.55711e+06 1.02389 -1055.97 0 0.903429 0.998784 470588 0.928318 1055.97 0.00302333 
0.17155 0.0109626 2.02765e+06 0 0 1.56006e+06 1.02586 -1131.89 0 0.895039 0.997459 467592 0.922431 1131.89 0.00321543 
0.1752 0.0109433 2.0276e+06 0 0 1.56322e+06 1.02796 -1213.11 0 0.886049 0.996024 464382 0.916122 1213.11 0.0034212 
0.17885 0.0109226 2.02755e+06 0 0 1.56661e+06 1.03022 -1300.35 0 0.876393 0.994469 460940 0.909355 1300.35 0.00364321 
0.1825 0.0109005 2.0275e+06 0 0 1.57025e+06 1.03264 -1394.44 0 0.876375 0.992779 457248 0.902092 1394.44 0.00367906 
0.18615 0.0108935 2.02745e+06 0 0 1.57175e+06 1.03365 -1443.65 0 0.978956 0.992062 455695 0.89905 1443.65 0.00108431 
0.1898 0.0108856 2.0274e+06 0 0 1.57339e+06 1.03475 -1497.56 0 0.980781 0.99128 454009 0.895747 1497.56 0.00104103 
0.19345 0.0108772 2.02735e+06 0 0 1.57513e+06 1.03592 -1556.87 0 0.979233 0.990444 452221 0.892242 1556.87 0.00111185 
0.1971 0.0108681 2.0273e+06 0 0 1.57699e+06 1.03717 -1623.17 0 0.977459 0.989546 450310 0.888493 1623.17 0.00119872 
0.20075 0.0108582 2.02725e+06 0 0 1.579e+06 1.03852 -1698.7 0 0.975382 0.988569 448247 0.884444 1698.7 0.00130797 
0.2044 0.0108471 2.0272e+06 0 0 1.58121e+06 1.04 -1786.66 0 0.972892 0.987493 445991 0.880014 1786.66 0.00144848 
0.20805 0.0108347 2.02715e+06 0 0 1.58366e+06 1.04164 -1891.54 0 0.969833 0.986288 443485 0.875091 1891.54 0.0016326 
0.2117 0.0108203 2.0271e+06 0 0 1.58645e+06 1.04349 -2019.64 0 0.965994 0.984912 440651 0.869521 2019.64 0.00187726 
0.21535 0.0108034 2.02705e+06 0 0 1.58967e+06 1.04564 -2179.74 0 0.961086 0.983306 437380 0.863087 2179.74 0.00220544 
0.219 0.010783 2.027e+06 0 0 1.59348e+06 1.04817 -2383.92 0 0.954714 0.981388 433520 0.855492 2383.92 0.00264789 
0.22265 0.010758 2.02695e+06 0 0 1.59808e+06 1.05122 -2648.7 0 0.946353 0.979038 428866 0.846328 2648.7 0.00324518 
0.2263 0.0107267 2.0269e+06 0 0 1.60376e+06 1.05499 -2996.41 0 0.935306 0.97609 423135 0.835039 2996.41 0.00404998 
0.22995 0.010687 2.02685e+06 0 0 1.6109e+06 1.05971 -3456.86 0 0.920658 0.972305 415948 0.820876 3456.86 0.0051293 
0.2336 0.0106361 2.0268e+06 0 0 1.62e+06 1.06572 -4069.28 0 0.901226 0.967335 406795 0.802833 4069.28 0.00656613 
0.23725 0.0105704 2.02675e+06 0 0 1.63175e+06 1.07348 -4883.99 0 0.875508 0.960672 395001 0.779575 4883.99 0.00845912 
0.2409 0.0104856 2.0267e+06 0 0 1.64702e+06 1.08355 -5962.99 0 0.841635 0.951552 379681 0.749359 5962.99 0.0109176 
0.24455 0.0103764 2.02665e+06 0 0 1.66694e+06 1.09668 -7376.16 0 0.797365 0.938791 359709 0.709958 7376.16 0.0140463 
0.2482 0.010237 2.0266e+06 0 0 1.6929e+06 1.11378 -9185.74 0 0.740166 0.920504 333704 0.658647 9185.74 0.0179082 
0.25185 0.0100623 2.02655e+06 0 0 1.72642e+06 1.13587 -11400 0 0.66749 0.89357 300128 0.592392 11400 0.022444 
0.2555 0.00984946 2.0265e+06 0 0 1.76885e+06 1.16381 -13856.2 0 0.577476 0.852691 257654 0.50857 13856.2 0.0273079 
0.25915 0.0096031 2.02645e+06 0 0 1.82029e+06 1.19769 -15979.8 0 0.470437 0.788985 206159 0.406937 15979.8 0.0315791 
0.2628 0.00934173 2.0264e+06 0 0 1.87769e+06 1.23548 -16538.1 0 0.351495 0.689425 148711 0.293548 16538.1 0.0334482 
0.26645 0.00910175 2.02635e+06 0 0 1.93292e+06 1.27186 -14213.1 0 0.233461 0.543739 93430.5 0.184431 14213.1 0.0306354 
0.2701 0.00892235 2.0263e+06 0 0 1.97574e+06 1.30007 -9603.15 0 0.134868 0.366883 50557.8 0.0998032 9603.15 0.0228367 
0.27375 0.00881493 2.02625e+06 0 0 2.002e+06 1.31738 -5222.6 0 0.0683535 0.207381 24247.6 0.0478669 5222.6 0.0136456 
0.2774 0.00876086 2.0262e+06 0 0 2.0154e+06 1.32622 -2467.99 0 0.031569 0.101677 10803.4 0.0213275 2467.99 0.00686847 
0.28105 0.00873635 2.02615e+06 0 0 2.02151e+06 1.33028 -1084.78 0 0.0138483 0.0457832 4640.66 0.00916153 1084.78 0.00312574 
0.2847 0.00872585 2.0261e+06 0 0 2.02414e+06 1.33204 -461.453 0 0.00593256 0.0197744 1962.33 0.0038741 461.453 0.00135429 
0.28835 0.00872152 2.02605e+06 0 0 2.02522e+06 1.33279 -193.658 0 0.00251843 0.0083904 825.055 0.00162889 193.658 0.000574442 
0.292 0.00871982 2.026e+06 0 0 2.02565e+06 1.33311 -80.8716 0 0.0010667 0.00353722 346.483 0.000684073 80.8716 0.000241685 
0.29565 0.00871924 2.02595e+06 0 0 2.0258e+06 1.33324 -33.7314 0 0.000452235 0.00148923 145.638 0.000287545 33.7314 0.000101452 
0.2993 0.00871911 2.0259e+06 0 0 2.02584e+06 1.33329 -14.0761 0 0.000192213 0.000627623 61.3358 0.000121103 14.0761 4.26007e-05 
0.30295 0.00871919 2.02585e+06 0 0 2.02582e+06 1.33332 -5.8815 0 8.19778e-05 0.000265086 25.8986 5.11363e-05 5.8815 1.79172e-05 
0.3066 0.00871934 2.0258e+06 0 0 2.02579e+06 1.33333 -2.46182 0 3.51061e-05 0.000112287 10.969 2.16586e-05 2.46182 7.55305e-06 
0.31025 0.00871953 2.02575e+06 0 0 2.02574e+06 1.33333 -1.0326 0 1.51036e-05 4.77268e-05 4.66205 9.20559e-06 1.0326 3.19295e-06 
0.3139 0.00871974 2.0257e+06 0 0 2.0257e+06 1.33333 -0.434154 0 6.53136e-06 2.03651e-05 1.98926 3.92805e-06 0.434154 1.35415e-06 
0.31755 0.00871995 2.02565e+06 0 0 2.02565e+06 1.33333 -0.183034 0 2.84017e-06 8.72768e-06 0.852512 1.68344e-06 0.183034 5.76404e-07 
0.3212 0.00872016 2.0256e+06 0 0 2.0256e+06 1.33333 -0.0773998 0 1.24238e-06 3.7583e-06 0.367106 7.24933e-07 0.0773998 2.46357e-07 
0.32485 0.00872038 2.02555e+06 0 0 2.02555e+06 1.33333 -0.032842 0 5.46761e-07 1.62679e-06 0.158902 3.13795e-07 0.032842 1.05775e-07 
0.3285 0.00872059 2.0255e+06 0 0 2.0255e+06 1.33333 -0.0139887 0 2.42025e-07 7.07986e-07 0.069155 1.36569e-07 0.0139887 4.56445e-08 
0.33215 0.00872081 2.02545e+06 0 0 2.02545e+06 1.33333 -0.00598371 0 1.07635e-07 3.09777e-07 0.0302585 5.97566e-08 0.00598372 1.98057e-08 
0.3358 0.00872102 2.0254e+06 0 0 2.0254e+06 1.33333 -0.00257165 0 4.7954e-08 1.36171e-07 0.013301 2.62684e-08 0.00257165 8.64551e-09 
0.33945 0.00872124 2.02535e+06 0 0 2.02535e+06 1.33333 -0.00111096 0 2.12619e-08 6.0007e-08 0.00586139 1.15761e-08 0.00111097 3.79805e-09 
0.3431 0.00872145 2.0253e+06 0 0 2.0253e+06 1.33333 -0.000482637 0 9.24467e-09 2.63735e-08 0.00257612 5.08789e-09 0.000482639 1.67952e-09 
0.34675 0.00872167 2.02525e+06 0 0 2.02525e+06 1.33333 -0.000210897 0 3.81298e-09 1.14313e-08 0.00111659 2.20535e-09 0.000210898 7.47191e-10 
0.3504 0.00872188 2.0252e+06 0 0 2.0252e+06 1.33333 -9.26694e-05 0 1.362e-09 4.76458e-09 0.000465397 9.19211e-10 9.26697e-05 3.33796e-10 
0.35405 0.0087221 2.02515e+06 0 0 2.02515e+06 1.33333 0.000171812 0 2.74892e-10 0 0.000202119 3.99217e-10 -0.000171811 1.80676e-10 
0.3577 0.00872231 2.0251e+06 0 0 2.0251e+06 1.33333 -1.90423e-05 0 8.01818e-12 0 0.000199189 3.9344e-10 1.90448e-05 -7.97739e-13 
0.36135 0.00872253 2.02505e+06 0 0 2.02505e+06 1.33333 -7.13522e-06 0 0 0 0.00019523 3.8563e-10 7.13841e-06 0 
0.365 0.00872274 2.025e+06 0 0 2.025e+06 1.33333 -1.85657e-06 0 0 0 0.000194188 3.83582e-10 1.85872e-06 0 


0 0.0112 2.03e+06 0 0 1.5225e+06 1 0 0 1.015 1.01407 507500 1 0 1.50269e-07 
0.00365 0.0112002 2.02995e+06 0 0 1.52247e+06 1.00001 -0.369705 0 1.01493 1.01407 507479 0.999984 0.369705 1.97927e-06 
0.0073 0.0112004 2.0299e+06 0 0 1.52244e+06 1.00001 -0.876496 0 1.01486 1.01406 507455 0.999961 0.876496 4.4091e-06 
0.01095 0.0112006 2.02985e+06 0 0 1.52242e+06 1.00002 -1.54688 0 1.01476 1.01405 507427 0.999931 1.54688 7.53423e-06 
0.0146 0.0112007 2.0298e+06 0 0 1.52241e+06 1.00004 -2.40994 0 1.01465 1.01403 507395 0.999891 2.40994 1.14553e-05 
0.01825 0.0112008 2.02975e+06 0 0 1.52239e+06 1.00005 -3.49737 0 1.01451 1.01402 507357 0.999841 3.49737 1.62792e-05 
0.0219 0.0112009 2.0297e+06 0 0 1.52239e+06 1.00007 -4.8435 0 1.01435 1.014 507313 0.999779 4.8435 2.21183e-05 
0.02555 0.0112009 2.02965e+06 0 0 1.52239e+06 1.0001 -6.4853 0 1.01416 1.01398 507261 0.999702 6.4853 2.90909e-05 
0.0292 0.0112008 2.0296e+06 0 0 1.5224e+06 1.00013 -8.46238 0 1.01394 1.01396 507201 0.999608 8.46238 3.73203e-05 
0.03285 0.0112007 2.02955e+06 0 0 1.52242e+06 1.00017 -10.8169 0 1.01368 1.01393 507131 0.999495 10.8169 4.6935e-05 
0.0365 0.0112005 2.0295e+06 0 0 1.52245e+06 1.00021 -13.5938 0 1.01338 1.0139 507050 0.99936 13.5938 5.80678e-05 
0.04015 0.0112002 2.02945e+06 0 0 1.52249e+06 1.00027 -16.8402 0 1.01303 1.01386 506957 0.9992 16.8402 7.0856e-05 
0.0438 0.0111998 2.0294e+06 0 0 1.52255e+06 1.00033 -20.6059 0 1.01263 1.01382 506849 0.999013 20.6059 8.54404e-05 
0.04745 0.0111994 2.02935e+06 0 0 1.52262e+06 1.0004 -24.9431 0 1.01218 1.01377 506726 0.998795 24.9431 0.000101965 
0.0511 0.0111988 2.0293e+06 0 0 1.52271e+06 1.00049 -29.9062 0 1.01167 1.01372 506585 0.998542 29.9062 0.000120578 
0.05475 0.011198 2.02925e+06 0 0 1.52282e+06 1.00058 -35.5517 0 1.01109 1.01365 506425 0.998251 35.5517 0.000141426 
0.0584 0.0111972 2.0292e+06 0 0 1.52296e+06 1.00069 -41.9384 0 1.01043 1.01358 506244 0.997918 41.9384 0.000164663 
0.06205 0.0111962 2.02915e+06 0 0 1.52311e+06 1.00082 -49.1267 0 1.0097 1.0135 506038 0.997538 49.1267 0.000190439 
0.0657 0.011195 2.0291e+06 0 0 1.52329e+06 1.00096 -57.179 0 1.00888 1.01341 505807 0.997107 57.179 0.000218907 
0.06935 0.0111936 2.02905e+06 0 0 1.5235e+06 1.00113 -66.1592 0 1.00797 1.01331 505548 0.996621 66.1592 0.000250219 
0.073 0.011192 2.029e+06 0 0 1.52374e+06 1.00131 -76.1327 0 1.00697 1.0132 505258 0.996074 76.1327 0.000284528 
0.07665 0.0111902 2.02895e+06 0 0 1.52401e+06 1.00151 -87.1661 0 1.00585 1.01307 504935 0.995461 87.1661 0.000321983 
0.0803 0.0111882 2.0289e+06 0 0 1.52432e+06 1.00174 -99.3272 0 1.00463 1.01293 504576 0.994778 99.3272 0.000362732 
0.08395 0.0111859 2.02885e+06 0 0 1.52467e+06 1.00199 -112.685 0 1.00328 1.01277 504178 0.994017 112.685 0.00040692 
0.0876 0.0111833 2.0288e+06 0 0 1.52506e+06 1.00228 -127.308 0 1.0018 1.0126 503738 0.993174 127.308 0.00045469 
0.09125 0.0111805 2.02875e+06 0 0 1.5255e+06 1.00259 -143.266 0 1.00019 1.01241 503253 0.992242 143.266 0.000506178 
0.0949 0.0111773 2.0287e+06 0 0 1.52598e+06 1.00293 -160.63 0 0.998431 1.0122 502719 0.991214 160.63 0.000561519 
0.09855 0.0111738 2.02865e+06 0 0 1.52652e+06 1.0033 -179.47 0 0.996521 1.01196 502134 0.990085 179.47 0.000620839 
0.1022 0.01117 2.0286e+06 0 0 1.52711e+06 1.00372 -199.857 0 0.994449 1.01171 501494 0.988847 199.857 0.000684261 
0.10585 0.0111658 2.02855e+06 0 0 1.52775e+06 1.00417 -221.861 0 0.992206 1.01143 500795 0.987493 221.861 0.000751902 
0.1095 0.0111612 2.0285e+06 0 0 1.52847e+06 1.00466 -245.552 0 0.989785 1.01113 500033 0.986016 245.552 0.000823873 
0.11315 0.0111561 2.02845e+06 0 0 1.52924e+06 1.0052 -271.001 0 0.987176 1.0108 499206 0.984408 271.001 0.00090028 
0.1168 0.0111507 2.0284e+06 0 0 1.53009e+06 1.00578 -298.28 0 0.984369 1.01044 498308 0.982662 298.28 0.000981224 
0.12045 0.0111447 2.02835e+06 0 0 1.53101e+06 1.00641 -327.459 0 0.981356 1.01005 497335 0.980768 327.459 0.00106681 
0.1241 0.0111383 2.0283e+06 0 0 1.53202e+06 1.00709 -358.612 0 0.978126 1.00962 496284 0.978719 358.612 0.00115712 
0.12775 0.0111313 2.02825e+06 0 0 1.5331e+06 1.00783 -391.814 0 0.974668 1.00916 495149 0.976505 391.814 0.00125227 
0.1314 0.0111238 2.0282e+06 0 0 1.53427e+06 1.00863 -427.144 0 0.970973 1.00866 493926 0.974118 427.144 0.00135236 
0.13505 0.0111158 2.02815e+06 0 0 1.53554e+06 1.00948 -464.684 0 0.967028 1.00813 492610 0.971546 464.684 0.00145752 
0.1387 0.0111071 2.0281e+06 0 0 1.5369e+06 1.01041 -504.526 0 0.962821 1.00755 491196 0.96878 504.526 0.00156789 
0.14235 0.0110978 2.02805e+06 0 0 1.53837e+06 1.0114 -546.772 0 0.958338 1.00692 489677 0.965808 546.772 0.00168364 
0.146 0.0110878 2.028e+06 0 0 1.53995e+06 1.01246 -591.536 0 0.953563 1.00625 488047 0.962618 591.536 0.00180501 
0.14965 0.0110771 2.02795e+06 0 0 1.54165e+06 1.0136 -638.953 0 0.948481 1.00552 486301 0.959197 638.953 0.00193226 
0.1533 0.0110657 2.0279e+06 0 0 1.54347e+06 1.01482 -689.18 0 0.943071 1.00474 484430 0.95553 689.18 0.0020658 
0.15695 0.0110534 2.02785e+06 0 0 1.54542e+06 1.01613 -742.409 0 0.937311 1.00389 482426 0.9516 742.409 0.00220611 
0.1606 0.0110403 2.0278e+06 0 0 1.54752e+06 1.01754 -798.868 0 0.931175 1.00298 480280 0.947391 798.868 0.00235383 
0.16425 0.0110264 2.02775e+06 0 0 1.54977e+06 1.01904 -858.838 0 0.924631 1.002 477982 0.942882 858.838 0.00250982 
0.1679 0.0110114 2.0277e+06 0 0 1.55218e+06 1.02065 -922.656 0 0.917645 1.00094 475521 0.93805 922.656 0.00267514 
0.17155 0.0109954 2.02765e+06 0 0 1.55477e+06 1.02238 -990.736 0 0.910173 0.999791 472885 0.932873 990.736 0.00285118 
0.1752 0.0109783 2.0276e+06 0 0 1.55754e+06 1.02423 -1063.57 0 0.902168 0.998551 470059 0.927322 1063.57 0.00303968 
0.17885 0.01096 2.02755e+06 0 0 1.56052e+06 1.02621 -1141.74 0 0.893574 0.997209 467030 0.921369 1141.74 0.0032428 
0.1825 0.0109405 2.0275e+06 0 0 1.56372e+06 1.02834 -1225.95 0 0.893707 0.995755 463783 0.914985 1225.95 0.00326788 
0.18615 0.0109345 2.02745e+06 0 0 1.56499e+06 1.0292 -1267.5 0 0.983963 0.995156 462456 0.912389 1267.5 0.000926012 
0.1898 0.0109278 2.0274e+06 0 0 1.56638e+06 1.03014 -1312.89 0 0.985577 0.994504 461017 0.909574 1312.89 0.000885127 
0.19345 0.0109208 2.02735e+06 0 0 1.56785e+06 1.03113 -1362.28 0 0.984339 0.993812 459500 0.906602 1362.28 0.000939423 
0.1971 0.0109132 2.0273e+06 0 0 1.56941e+06 1.03218 -1416.75 0 0.982942 0.993074 457889 0.903446 1416.75 0.00100481 
0.20075 0.010905 2.02725e+06 0 0 1.57108e+06 1.03331 -1477.82 0 0.981335 0.99228 456165 0.900067 1477.82 0.00108552 
0.2044 0.010896 2.0272e+06 0 0 1.5729e+06 1.03453 -1547.64 0 0.979443 0.991415 454300 0.896409 1547.64 0.00118755 
0.20805 0.010886 2.02715e+06 0 0 1.57489e+06 1.03587 -1629.23 0 0.977163 0.990461 452257 0.892399 1629.23 0.00131921 
0.2117 0.0108746 2.0271e+06 0 0 1.57712e+06 1.03736 -1726.84 0 0.974354 0.989391 449982 0.887932 1726.84 0.00149199 
0.21535 0.0108615 2.02705e+06 0 0 1.57965e+06 1.03905 -1846.36 0 0.97082 0.988167 447402 0.882863 1846.36 0.00172155 
0.219 0.0108459 2.027e+06 0 0 1.58258e+06 1.041 -1995.96 0 0.966296 0.986737 444416 0.876993 1995.96 0.00202897 
0.22265 0.0108271 2.02695e+06 0 0 1.58606e+06 1.04332 -2186.82 0 0.960425 0.985027 440886 0.870048 2186.82 0.00244237 
0.2263 0.010804 2.0269e+06 0 0 1.59028e+06 1.04611 -2434.15 0 0.952731 0.982932 436623 0.861657 2434.15 0.00299874 
0.22995 0.0107751 2.02685e+06 0 0 1.59548e+06 1.04956 -2758.45 0 0.942586 0.980308 431371 0.851313 2758.45 0.0037461 
0.2336 0.0107384 2.0268e+06 0 0 1.60201e+06 1.05389 -3187.11 0 0.929164 0.976945 424785 0.838336 3187.11 0.00474568 
0.23725 0.0106913 2.02675e+06 0 0 1.61035e+06 1.05939 -3756.21 0 0.911399 0.972548 416403 0.821815 3756.21 0.00607384 
0.2409 0.0106306 2.0267e+06 0 0 1.62109e+06 1.06649 -4512.41 0 0.887931 0.966682 405614 0.800542 4512.41 0.0078226 
0.24455 0.0105522 2.02665e+06 0 0 1.63503e+06 1.07569 -5514.27 0 0.857057 0.958704 391616 0.772932 5514.27 0.0100969 
0.2482 0.0104511 2.0266e+06 0 0 1.65323e+06 1.08769 -6830.73 0 0.81671 0.947632 373373 0.736944 6830.73 0.0130043 
0.25185 0.0103218 2.02655e+06 0 0 1.67695e+06 1.10332 -8531.81 0 0.76449 0.93192 349597 0.690034 8531.81 0.0166284 
0.2555 0.0101585 2.0265e+06 0 0 1.70772e+06 1.12359 -10657.8 0 0.697848 0.90904 318782 0.629228 10657.8 0.0209698 
0.25915 0.00995739 2.02645e+06 0 0 1.74702e+06 1.14948 -13135.6 0 0.614573 0.874729 279432 0.55157 13135.6 0.0258209 
0.2628 0.00971933 2.0264e+06 0 0 1.79565e+06 1.18151 -15587.5 0 0.513893 0.821718 230748 0.455484 15587.5 0.03053 
0.26645 0.00945653 2.02635e+06 0 0 1.85213e+06 1.21869 -17029 0 0.398615 0.738388 174223 0.343916 17029 0.0336557 
0.2701 0.00919892 2.0263e+06 0 0 1.91034e+06 1.25703 -15944.5 0 0.278215 0.611256 115963 0.228916 15944.5 0.032919 
0.27375 0.00898876 2.02625e+06 0 0 1.95986e+06 1.28965 -11891.1 0 0.169772 0.441515 66390.1 0.13106 11891.1 0.0267795 
0.2774 0.00885184 2.0262e+06 0 0 1.99308e+06 1.31154 -6985.99 0 0.0900497 0.267171 33119.6 0.0653826 6985.99 0.0174002 
0.28105 0.00877885 2.02615e+06 0 0 2.0111e+06 1.32343 -3447.02 0 0.0427264 0.137282 15049.1 0.0297097 3447.02 0.00926743 
0.2847 0.00874476 2.0261e+06 0 0 2.01959e+06 1.32905 -1543.6 0 0.0189446 0.0632602 6505.79 0.012844 1543.6 0.0043378 
0.28835 0.00872994 2.02605e+06 0 0 2.0233e+06 1.33152 -660.359 0 0.00812314 0.0275327 2749.43 0.00542816 660.359 0.00189878 
0.292 0.00872377 2.026e+06 0 0 2.02485e+06 1.33258 -277.029 0 0.00343403 0.0116786 1151.42 0.00227329 277.029 0.000806364 
0.29565 0.00872131 2.02595e+06 0 0 2.02547e+06 1.33302 -115.325 0 0.00144466 0.00490305 480.793 0.00094927 115.325 0.00033823 
0.2993 0.00872041 2.0259e+06 0 0 2.0257e+06 1.3332 -47.8873 0 0.000607362 0.00205165 200.729 0.000396325 47.8873 0.000141254 
0.30295 0.00872016 2.02585e+06 0 0 2.02577e+06 1.33328 -19.8786 0 0.000255687 0.000858319 83.8964 0.000165652 19.8786 5.89418e-05 
0.3066 0.00872018 2.0258e+06 0 0 2.02576e+06 1.33331 -8.2577 0 0.000107894 0.000359527 35.1281 6.93614e-05 8.2577 2.46135e-05 
0.31025 0.00872031 2.02575e+06 0 0 2.02573e+06 1.33332 -3.43449 0 4.56652e-05 0.000150898 14.7412 2.91077e-05 3.43449 1.02942e-05 
0.3139 0.00872049 2.0257e+06 0 0 2.02569e+06 1.33333 -1.43064 0 1.93953e-05 6.34918e-05 6.2021 1.22468e-05 1.43064 4.3141e-06 
0.31755 0.00872069 2.02565e+06 0 0 2.02565e+06 1.33333 -0.596995 0 8.27044e-06 2.67926e-05 2.61711 5.16794e-06 0.596995 1.81228e-06 
0.3212 0.0087209 2.0256e+06 0 0 2.0256e+06 1.33333 -0.249624 0 3.54213e-06 1.13433e-05 1.108 2.188e-06 0.249624 7.63388e-07 
0.32485 0.00872112 2.02555e+06 0 0 2.02555e+06 1.33333 -0.104613 0 1.52429e-06 4.82008e-06 0.47082 9.29763e-07 0.104613 3.22556e-07 
0.3285 0.00872133 2.0255e+06 0 0 2.0255e+06 1.33333 -0.0439533 0 6.59236e-07 2.05644e-06 0.200871 3.96684e-07 0.0439533 1.36764e-07 
0.33215 0.00872154 2.02545e+06 0 0 2.02545e+06 1.33333 -0.0185199 0 2.86513e-07 8.81137e-07 0.0860681 1.69973e-07 0.0185199 5.82135e-08 
0.3358 0.00872176 2.0254e+06 0 0 2.0254e+06 1.33333 -0.00782853 0 1.25033e-07 3.79185e-07 0.0370382 7.31475e-08 0.00782854 2.48859e-08 
0.33945 0.00872198 2.02535e+06 0 0 2.02535e+06 1.33333 -0.00332109 0 5.46581e-08 1.63805e-07 0.0160002 3.15999e-08 0.0033211 1.06895e-08 
0.3431 0.00872219 2.0253e+06 0 0 2.0253e+06 1.33333 -0.00141454 0 2.37989e-08 7.09153e-08 0.0069269 1.36807e-08 0.00141455 4.61541e-09 
0.34675 0.00872241 2.02525e+06 0 0 2.02525e+06 1.33333 -0.000605128 0 1.01927e-08 3.06411e-08 0.00299297 5.91132e-09 0.00060513 2.00353e-09 
0.3504 0.00872262 2.0252e+06 0 0 2.0252e+06 1.33333 -0.000260062 0 4.17231e-09 1.30916e-08 0.00127877 2.52571e-09 0.000260062 8.74106e-10 
0.35405 0.00872284 2.02515e+06 0 0 2.02515e+06 1.33333 -0.000112258 0 1.51414e-09 5.41781e-09 0.000529203 1.04526e-09 0.000112261 3.82647e-10 
0.3577 0.00872305 2.0251e+06 0 0 2.0251e+06 1.33333 -2.28731e-06 0 3.52334e-10 2.11065e-09 0.000206165 4.0722e-10 2.28864e-06 1.74451e-10 
0.36135 0.00872327 2.02505e+06 0 0 2.02505e+06 1.33333 -2.71798e-05 0 1.12321e-11 0 0.000197641 3.90393e-10 2.71819e-05 -1.1175e-12 
0.365 0.00872348 2.025e+06 0 0 2.025e+06 1.33333 -9.21748e-06 0 0 0 0.000192985 3.81206e-10 9.21824e-06 0 


0 0.0112 2.03e+06 0 0 1.5225e+06 1 0 0 1.015 1.01407 507500 1 0 1.00728e-07 
0.00365 0.0112002 2.02995e+06 0 0 1.52247e+06 1 -0.294878 0 1.01494 1.01407 507481 0.999987 0.294878 1.54325e-06 
0.0073 0.0112004 2.0299e+06 0 0 1.52244e+06 1.00001 -0.699921 0 1.01487 1.01406 507459 0.999969 0.699921 3.46912e-06 
0.01095 0.0112006 2.02985e+06 0 0 1.52242e+06 1.00002 -1.23697 0 1.01479 1.01405 507434 0.999944 1.23697 5.95745e-06 
0.0146 0.0112008 2.0298e+06 0 0 1.52239e+06 1.00003 -1.93012 0 1.0147 1.01404 507406 0.999913 1.93012 9.0931e-06 
0.01825 0.0112009 2.02975e+06 0 0 1.52238e+06 1.00004 -2.80579 0 1.01458 1.01403 507373 0.999872 2.80579 1.29666e-05 
0.0219 0.011201 2.0297e+06 0 0 1.52237e+06 1.00006 -3.89271 0 1.01445 1.01401 507334 0.999822 3.89271 1.76741e-05 
0.02555 0.0112011 2.02965e+06 0 0 1.52236e+06 1.00008 -5.22203 0 1.01429 1.01399 507290 0.999759 5.22203 2.3317e-05 
0.0292 0.0112011 2.0296e+06 0 0 1.52236e+06 1.00011 -6.82724 0 1.0141 1.01397 507239 0.999683 6.82724 3.00019e-05 
0.03285 0.011201 2.02955e+06 0 0 1.52237e+06 1.00014 -8.74425 0 1.01389 1.01395 507180 0.999591 8.74425 3.78406e-05 
0.0365 0.0112009 2.0295e+06 0 0 1.52239e+06 1.00017 -11.0113 0 1.01364 1.01392 507111 0.99948 11.0113 4.69492e-05 
0.04015 0.0112007 2.02945e+06 0 0 1.52242e+06 1.00022 -13.6692 0 1.01335 1.01389 507033 0.99935 13.6692 5.74485e-05 
0.0438 0.0112005 2.0294e+06 0 0 1.52246e+06 1.00027 -16.7607 0 1.01302 1.01386 506942 0.999196 16.7607 6.94635e-05 
0.04745 0.0112001 2.02935e+06 0 0 1.52251e+06 1.00033 -20.3312 0 1.01264 1.01382 506839 0.999017 20.3312 8.31225e-05 
0.0511 0.0111997 2.0293e+06 0 0 1.52258e+06 1.0004 -24.4281 0 1.01221 1.01377 506720 0.998808 24.4281 9.85576e-05 
0.05475 0.0111991 2.02925e+06 0 0 1.52266e+06 1.00048 -29.101 0 1.01173 1.01372 506586 0.998568 29.101 0.000115904 
0.0584 0.0111985 2.0292e+06 0 0 1.52277e+06 1.00057 -34.4016 0 1.01118 1.01366 506433 0.998292 34.4016 0.000135298 
0.06205 0.0111977 2.02915e+06 0 0 1.52289e+06 1.00067 -40.3836 0 1.01056 1.01359 506261 0.997977 40.3836 0.00015688 
0.0657 0.0111967 2.0291e+06 0 0 1.52303e+06 1.00079 -47.1025 0 1.00988 1.01351 506067 0.997618 47.1025 0.00018079 
0.06935 0.0111956 2.02905e+06 0 0 1.5232e+06 1.00093 -54.6155 0 1.00911 1.01343 505849 0.997213 54.6155 0.000207171 
0.073 0.0111943 2.029e+06 0 0 1.5234e+06 1.00108 -62.9815 0 1.00826 1.01333 505605 0.996756 62.9815 0.000236165 
0.07665 0.0111929 2.02895e+06 0 0 1.52362e+06 1.00125 -72.2609 0 1.00732 1.01323 505332 0.996243 72.2609 0.000267914 
0.0803 0.0111912 2.0289e+06 0 0 1.52387e+06 1.00144 -82.5154 0 1.00628 1.01311 505029 0.99567 82.5154 0.00030256 
0.08395 0.0111893 2.02885e+06 0 0 1.52416e+06 1.00166 -93.8079 0 1.00514 1.01297 504692 0.99503 93.8079 0.000340243 
0.0876 0.0111872 2.0288e+06 0 0 1.52448e+06 1.00189 -106.202 0 1.00388 1.01283 504319 0.99432 106.202 0.000381104 
0.09125 0.0111849 2.02875e+06 0 0 1.52484e+06 1.00216 -119.764 0 1.00251 1.01267 503907 0.993532 119.764 0.000425277 
0.0949 0.0111822 2.0287e+06 0 0 1.52525e+06 1.00245 -134.557 0 1.00101 1.01249 503454 0.992663 134.557 0.000472897 
0.09855 0.0111793 2.02865e+06 0 0 1.52569e+06 1.00276 -150.65 0 0.999372 1.01229 502956 0.991706 150.65 0.000524095 
0.1022 0.0111761 2.0286e+06 0 0 1.52619e+06 1.00312 -168.109 0 0.997594 1.01207 502410 0.990654 168.109 0.000578997 
0.10585 0.0111725 2.02855e+06 0 0 1.52674e+06 1.0035 -187 0 0.995667 1.01184 501813 0.989501 187 0.000637729 
0.1095 0.0111686 2.0285e+06 0 0 1.52734e+06 1.00392 -207.393 0 0.993582 1.01158 501161 0.98824 207.393 0.000700409 
0.11315 0.0111643 2.02845e+06 0 0 1.528e+06 1.00438 -229.355 0 0.99133 1.01129 500452 0.986866 229.355 0.000767155 
0.1168 0.0111597 2.0284e+06 0 0 1.52872e+06 1.00488 -252.956 0 0.988902 1.01099 499681 0.985369 252.956 0.000838081 
0.12045 0.0111546 2.02835e+06 0 0 1.52951e+06 1.00542 -278.267 0 0.986289 1.01065 498844 0.983743 278.267 0.000913301 
0.1241 0.0111491 2.0283e+06 0 0 1.53036e+06 1.00601 -305.359 0 0.983483 1.01029 497938 0.981981 305.359 0.000992927 
0.12775 0.0111431 2.02825e+06 0 0 1.53129e+06 1.00664 -334.307 0 0.980473 1.00989 496958 0.980073 334.307 0.00107708 
0.1314 0.0111366 2.0282e+06 0 0 1.5323e+06 1.00733 -365.189 0 0.977249 1.00947 495900 0.978011 365.189 0.00116588 
0.13505 0.0111297 2.02815e+06 0 0 1.53339e+06 1.00807 -398.087 0 0.9738 1.009 494760 0.975786 398.087 0.00125946 
0.1387 0.0111221 2.0281e+06 0 0 1.53457e+06 1.00887 -433.089 0 0.970114 1.0085 493532 0.973388 433.089 0.00135798 
0.14235 0.0111141 2.02805e+06 0 0 1.53584e+06 1.00973 -470.294 0 0.966178 1.00796 492211 0.970807 470.294 0.00146163 
0.146 0.0111054 2.028e+06 0 0 1.53721e+06 1.01066 -509.812 0 0.961979 1.00738 490792 0.968032 509.812 0.00157062 
0.14965 0.011096 2.02795e+06 0 0 1.53868e+06 1.01165 -551.768 0 0.9575 1.00675 489268 0.96505 551.768 0.00168524 
0.1533 0.011086 2.0279e+06 0 0 1.54027e+06 1.01272 -596.307 0 0.952725 1.00607 487634 0.96185 596.307 0.00180584 
0.15695 0.0110753 2.02785e+06 0 0 1.54197e+06 1.01386 -643.601 0 0.947632 1.00534 485880 0.958415 643.601 0.00193288 
0.1606 0.0110638 2.0278e+06 0 0 1.5438e+06 1.01509 -693.854 0 0.942199 1.00456 484001 0.954731 693.854 0.00206692 
0.16425 0.0110515 2.02775e+06 0 0 1.54576e+06 1.01641 -747.308 0 0.936399 1.0037 481986 0.95078 747.308 0.0022087 
0.1679 0.0110384 2.0277e+06 0 0 1.54787e+06 1.01782 -804.256 0 0.930201 1.00279 479827 0.946544 804.256 0.00235915 
0.17155 0.0110243 2.02765e+06 0 0 1.55014e+06 1.01933 -865.045 0 0.92357 1.0018 477512 0.942 865.045 0.00251945 
0.1752 0.0110092 2.0276e+06 0 0 1.55257e+06 1.02096 -930.087 0 0.916464 1.00072 475030 0.937129 930.087 0.00269106 
0.17885 0.0109931 2.02755e+06 0 0 1.55518e+06 1.0227 -999.866 0 0.908838 0.999566 472371 0.931905 999.866 0.00287577 
0.1825 0.0109758 2.0275e+06 0 0 1.55798e+06 1.02457 -1074.94 0 0.909074 0.998313 469521 0.926305 1074.94 0.00289236 
0.18615 0.0109708 2.02745e+06 0 0 1.55907e+06 1.0253 -1110.13 0 0.988242 0.997811 468385 0.924086 1110.13 0.000791676 
0.1898 0.0109651 2.0274e+06 0 0 1.56025e+06 1.02611 -1148.5 0 0.98966 0.997264 467155 0.921682 1148.5 0.000754076 
0.19345 0.0109592 2.02735e+06 0 0 1.56149e+06 1.02695 -1189.85 0 0.98866 0.996688 465863 0.919156 1189.85 0.000796117 
0.1971 0.0109529 2.0273e+06 0 0 1.5628e+06 1.02784 -1234.92 0 0.987548 0.996077 464499 0.916489 1234.92 0.000845828 
0.20075 0.0109461 2.02725e+06 0 0 1.5642e+06 1.02878 -1284.75 0 0.986289 0.995425 463051 0.913653 1284.75 0.000906052 
0.2044 0.0109387 2.0272e+06 0 0 1.5657e+06 1.0298 -1340.78 0 0.984834 0.994722 461499 0.910613 1340.78 0.000980798 
0.20805 0.0109306 2.02715e+06 0 0 1.56733e+06 1.03089 -1405.04 0 0.983113 0.993957 459817 0.907317 1405.04 0.00107565 
0.2117 0.0109215 2.0271e+06 0 0 1.56913e+06 1.0321 -1480.36 0 0.981033 0.993111 457970 0.903695 1480.36 0.00119835 
0.21535 0.0109112 2.02705e+06 0 0 1.57114e+06 1.03345 -1570.71 0 0.978461 0.992161 455909 0.899651 1570.71 0.00135945 
0.219 0.0108992 2.027e+06 0 0 1.57343e+06 1.03498 -1681.56 0 0.975221 0.991074 453567 0.895052 1681.56 0.00157329 
0.22265 0.0108849 2.02695e+06 0 0 1.5761e+06 1.03676 -1820.42 0 0.971072 0.989801 450852 0.889714 1820.42 0.00185909 
0.2263 0.0108677 2.0269e+06 0 0 1.57926e+06 1.03887 -1997.54 0 0.965693 0.988279 447636 0.88339 1997.54 0.00224235 
0.22995 0.0108465 2.02685e+06 0 0 1.5831e+06 1.04142 -2226.82 0 0.958655 0.986415 443749 0.87574 2226.82 0.0027566 
0.2336 0.0108199 2.0268e+06 0 0 1.58784e+06 1.04456 -2526.93 0 0.949392 0.984083 438958 0.866308 2526.93 0.00344532 
0.23725 0.0107862 2.02675e+06 0 0 1.5938e+06 1.04851 -2922.78 0 0.937167 0.981104 432955 0.854481 2922.78 0.00436413 
0.2409 0.0107429 2.0267e+06 0 0 1.60138e+06 1.05352 -3447.25 0 0.921021 0.977222 425322 0.839438 3447.25 0.00558278 
0.24455 0.0106872 2.02665e+06 0 0 1.61114e+06 1.05997 -4143.13 0 0.899729 0.972071 415510 0.820092 4143.13 0.00718637 
0.2482 0.0106152 2.0266e+06 0 0 1.6238e+06 1.06833 -5064.81 0 0.871751 0.965109 402795 0.795017 5064.81 0.00927422 
0.25185 0.0105223 2.02655e+06 0 0 1.64031e+06 1.07921 -6278.42 0 0.835192 0.955523 386240 0.762359 6278.42 0.0119533 
0.2555 0.0104032 2.0265e+06 0 0 1.66184e+06 1.09341 -7856.82 0 0.78781 0.94205 364656 0.719776 7856.82 0.0153201 
0.25915 0.0102521 2.02645e+06 0 0 1.68984e+06 1.11185 -9860.23 0 0.727121 0.922652 336611 0.664436 9860.23 0.0194177 
0.2628 0.010064 2.0264e+06 0 0 1.72585e+06 1.13558 -12279.8 0 0.650724 0.893934 300548 0.593266 12279.8 0.0241446 
0.26645 0.00983745 2.02635e+06 0 0 1.77112e+06 1.16539 -14896.6 0 0.557089 0.850084 255233 0.503828 14896.6 0.0290703 
0.2701 0.00957897 2.0263e+06 0 0 1.82538e+06 1.20113 -17004 0 0.447191 0.781366 200919 0.396622 17004 0.0331226 
0.27375 0.00931081 2.02625e+06 0 0 1.8847e+06 1.24019 -17189.2 0 0.327305 0.673979 141548 0.279428 17189.2 0.0343014 
0.2774 0.00907274 2.0262e+06 0 0 1.9399e+06 1.27654 -14208.9 0 0.211575 0.519351 86301.4 0.170371 14208.9 0.0303702 
0.28105 0.00890226 2.02615e+06 0 0 1.98084e+06 1.30352 -9178.64 0 0.118544 0.339028 45306.2 0.089443 9178.64 0.0216854 
0.2847 0.00880432 2.0261e+06 0 0 2.00489e+06 1.31938 -4811.77 0 0.0584224 0.185193 21206.2 0.041866 4811.77 0.0124334 
0.28835 0.00875655 2.02605e+06 0 0 2.01677e+06 1.32722 -2218.88 0 0.0263964 0.0883712 9283.03 0.0183274 2218.88 0.00606782 
0.292 0.00873536 2.026e+06 0 0 2.02207e+06 1.33074 -959.898 0 0.0113845 0.0390315 3934.42 0.00776785 959.898 0.00270454 
0.29565 0.00872643 2.02595e+06 0 0 2.0243e+06 1.33225 -403.671 0 0.00480754 0.0166157 1644.69 0.00324724 403.671 0.00115471 
0.2993 0.00872281 2.0259e+06 0 0 2.02522e+06 1.33288 -167.796 0 0.00201337 0.00696363 683.977 0.00135047 167.796 0.000484023 
0.30295 0.00872143 2.02585e+06 0 0 2.02557e+06 1.33315 -69.4471 0 0.000841117 0.0029014 284.058 0.000560868 69.4471 0.000201446 
0.3066 0.00872099 2.0258e+06 0 0 2.02568e+06 1.33326 -28.708 0 0.000351448 0.00120698 118.009 0.000233012 28.708 8.36531e-05 
0.31025 0.00872093 2.02575e+06 0 0 2.0257e+06 1.3333 -11.8691 0 0.000147054 0.000502273 49.0808 9.69138e-05 11.8691 3.47349e-05 
0.3139 0.00872103 2.0257e+06 0 0 2.02568e+06 1.33332 -4.91096 0 6.16593e-05 0.000209276 20.4452 4.03716e-05 4.91096 1.44356e-05 
0.31755 0.0087212 2.02565e+06 0 0 2.02564e+06 1.33333 -2.03421 0 2.59196e-05 8.73497e-05 8.53277 1.68495e-05 2.03421 6.00778e-06 
0.3212 0.00872139 2.0256e+06 0 0 2.0256e+06 1.33333 -0.843713 0 1.09279e-05 3.65357e-05 3.56886 7.0475e-06 0.843713 2.50463e-06 
0.32485 0.0087216 2.02555e+06 0 0 2.02555e+06 1.33333 -0.350466 0 4.62248e-06 1.53188e-05 1.49633 2.95492e-06 0.350466 1.04627e-06 
0.3285 0.00872181 2.0255e+06 0 0 2.0255e+06 1.33333 -0.145824 0 1.96242e-06 6.44036e-06 0.629087 1.24234e-06 0.145824 4.38062e-07 
0.33215 0.00872202 2.02545e+06 0 0 2.02545e+06 1.33333 -0.0607896 0 8.36353e-07 2.71582e-06 0.265277 5.23888e-07 0.0607896 1.83883e-07 
0.3358 0.00872224 2.0254e+06 0 0 2.0254e+06 1.33333 -0.0253949 0 3.57821e-07 1.14894e-06 0.112227 2.21638e-07 0.0253949 7.74113e-08 
0.33945 0.00872245 2.02535e+06 0 0 2.02535e+06 1.33333 -0.0106339 0 1.53594e-07 4.87673e-07 0.0476352 9.4078e-08 0.0106339 3.26945e-08 
0.3431 0.00872267 2.0253e+06 0 0 2.0253e+06 1.33333 -0.0044647 0 6.60263e-08 2.07613e-07 0.0202793 4.0052e-08 0.00446471 1.38585e-08 
0.34675 0.00872288 2.02525e+06 0 0 2.02525e+06 1.33333 -0.00188009 0 2.82983e-08 8.85411e-08 0.00864856 1.70815e-08 0.00188009 5.89755e-09 
0.3504 0.0087231 2.0252e+06 0 0 2.0252e+06 1.33333 -0.000794289 0 1.19711e-08 3.77093e-08 0.00368338 7.2751e-09 0.000794289 2.52013e-09 
0.35405 0.00872331 2.02515e+06 0 0 2.02515e+06 1.33333 -0.000336723 0 4.88652e-09 1.59255e-08 0.00155558 3.07253e-09 0.000336723 1.08108e-09 
0.3577 0.00872353 2.0251e+06 0 0 2.0251e+06 1.33333 -0.000143229 0 1.81438e-09 6.56272e-09 0.000641037 1.26618e-09 0.000143232 4.65101e-10 
0.36135 0.00872375 2.02505e+06 0 0 2.02505e+06 1.33333 -6.09731e-05 0 4.89068e-10 2.53385e-09 0.000247502 4.88882e-10 6.09745e-05 2.00322e-10 
0.365 0.00872396 2.025e+06 0 0 2.025e+06 1.33333 -0.000114432 0 2.21111e-11 0 0.000199191 3.93464e-10 0.000114433 -2.02765e-12 


0 0.0112 2.03e+06 0 0 1.5225e+06 1 0 0 1.015 1.01407 507500 1 0 6.75201e-08 
0.00365 0.0112002 2.02995e+06 0 0 1.52247e+06 1 -0.235538 0 1.01495 1.01407 507482 0.999989 0.235538 1.20729e-06 
0.0073 0.0112005 2.0299e+06 0 0 1.52244e+06 1.00001 -0.559662 0 1.01489 1.01406 507462 0.999975 0.559662 2.73585e-06 
0.01095 0.0112007 2.02985e+06 0 0 1.52241e+06 1.00001 -0.990346 0 1.01482 1.01405 507440 0.999955 0.990346 4.71922e-06 
0.0146 0.0112008 2.0298e+06 0 0 1.52239e+06 1.00002 -1.54752 0 1.01474 1.01404 507414 0.99993 1.54752 7.22869e-06 
0.01825 0.011201 2.02975e+06 0 0 1.52236e+06 1.00003 -2.25315 0 1.01464 1.01403 507385 0.999897 2.25315 1.03408e-05 
0.0219 0.0112011 2.0297e+06 0 0 1.52235e+06 1.00005 -3.13126 0 1.01453 1.01402 507352 0.999856 3.13126 1.41371e-05 
0.02555 0.0112012 2.02965e+06 0 0 1.52234e+06 1.00006 -4.20798 0 1.01439 1.014 507314 0.999805 4.20798 1.87043e-05 
0.0292 0.0112013 2.0296e+06 0 0 1.52233e+06 1.00009 -5.51159 0 1.01424 1.01398 507270 0.999743 5.51159 2.41343e-05 
0.03285 0.0112013 2.02955e+06 0 0 1.52233e+06 1.00011 -7.07255 0 1.01406 1.01397 507219 0.999668 7.07255 3.05235e-05 
0.0365 0.0112013 2.0295e+06 0 0 1.52234e+06 1.00014 -8.92347 0 1.01385 1.01394 507161 0.999578 8.92347 3.79731e-05 
0.04015 0.0112012 2.02945e+06 0 0 1.52236e+06 1.00018 -11.0992 0 1.01361 1.01392 507094 0.999471 11.0992 4.65887e-05 
0.0438 0.011201 2.0294e+06 0 0 1.52238e+06 1.00022 -13.6366 0 1.01333 1.01389 507018 0.999345 13.6366 5.64802e-05 
0.04745 0.0112008 2.02935e+06 0 0 1.52242e+06 1.00027 -16.5749 0 1.01302 1.01385 506930 0.999197 16.5749 6.77614e-05 
0.0511 0.0112005 2.0293e+06 0 0 1.52247e+06 1.00032 -19.9552 0 1.01266 1.01381 506831 0.999026 19.9552 8.05498e-05 
0.05475 0.0112 2.02925e+06 0 0 1.52253e+06 1.00039 -23.8209 0 1.01225 1.01377 506718 0.998827 23.8209 9.49662e-05 
0.0584 0.0111995 2.0292e+06 0 0 1.52261e+06 1.00047 -28.2173 0 1.01179 1.01372 506589 0.998599 28.2173 0.000111135 
0.06205 0.0111989 2.02915e+06 0 0 1.52271e+06 1.00055 -33.1917 0 1.01128 1.01366 506444 0.998337 33.1917 0.000129181 
0.0657 0.0111982 2.0291e+06 0 0 1.52282e+06 1.00065 -38.7932 0 1.0107 1.0136 506281 0.99804 38.7932 0.000149235 
0.06935 0.0111973 2.02905e+06 0 0 1.52295e+06 1.00077 -45.0728 0 1.01005 1.01353 506097 0.997702 45.0728 0.000171427 
0.073 0.0111963 2.029e+06 0 0 1.52311e+06 1.00089 -52.0832 0 1.00934 1.01345 505891 0.997321 52.0832 0.000195889 
0.07665 0.0111951 2.02895e+06 0 0 1.52329e+06 1.00104 -59.8787 0 1.00854 1.01336 505661 0.996892 59.8787 0.000222754 
0.0803 0.0111937 2.0289e+06 0 0 1.5235e+06 1.0012 -68.515 0 1.00766 1.01325 505404 0.996411 68.515 0.000252156 
0.08395 0.0111922 2.02885e+06 0 0 1.52373e+06 1.00138 -78.0493 0 1.00669 1.01314 505119 0.995873 78.0493 0.000284228 
0.0876 0.0111905 2.0288e+06 0 0 1.524e+06 1.00157 -88.5403 0 1.00563 1.01302 504804 0.995275 88.5403 0.000319104 
0.09125 0.0111885 2.02875e+06 0 0 1.5243e+06 1.0018 -100.047 0 1.00446 1.01288 504454 0.994611 100.047 0.000356917 
0.0949 0.0111863 2.0287e+06 0 0 1.52463e+06 1.00204 -112.632 0 1.00317 1.01273 504069 0.993876 112.632 0.000397796 
0.09855 0.0111839 2.02865e+06 0 0 1.525e+06 1.00231 -126.354 0 1.00178 1.01256 503645 0.993065 126.354 0.000441874 
0.1022 0.0111812 2.0286e+06 0 0 1.52542e+06 1.00261 -141.279 0 1.00025 1.01238 503180 0.992172 141.279 0.000489276 
0.10585 0.0111782 2.02855e+06 0 0 1.52588e+06 1.00294 -157.468 0 0.998601 1.01218 502671 0.991192 157.468 0.00054013 
0.1095 0.0111749 2.0285e+06 0 0 1.52639e+06 1.00329 -174.986 0 0.996807 1.01196 502113 0.990118 174.986 0.000594559 
0.11315 0.0111713 2.02845e+06 0 0 1.52694e+06 1.00369 -193.9 0 0.994866 1.01171 501506 0.988944 193.9 0.000652687 
0.1168 0.0111673 2.0284e+06 0 0 1.52756e+06 1.00411 -214.275 0 0.99277 1.01145 500844 0.987664 214.275 0.000714634 
0.12045 0.011163 2.02835e+06 0 0 1.52822e+06 1.00458 -236.18 0 0.990509 1.01116 500125 0.98627 236.18 0.000780523 
0.1241 0.0111583 2.0283e+06 0 0 1.52895e+06 1.00508 -259.683 0 0.988076 1.01085 499345 0.984756 259.683 0.000850475 
0.12775 0.0111531 2.02825e+06 0 0 1.52975e+06 1.00563 -284.858 0 0.985461 1.01051 498500 0.983114 284.858 0.000924618 
0.1314 0.0111476 2.0282e+06 0 0 1.53061e+06 1.00622 -311.78 0 0.982654 1.01015 497587 0.981337 311.78 0.00100309 
0.13505 0.0111416 2.02815e+06 0 0 1.53155e+06 1.00686 -340.529 0 0.979645 1.00975 496600 0.979415 340.529 0.00108602 
0.1387 0.0111351 2.0281e+06 0 0 1.53256e+06 1.00755 -371.19 0 0.976423 1.00932 495536 0.97734 371.19 0.00117359 
0.14235 0.0111281 2.02805e+06 0 0 1.53366e+06 1.0083 -403.856 0 0.972977 1.00885 494389 0.975103 403.856 0.00126597 
0.146 0.0111206 2.028e+06 0 0 1.53484e+06 1.0091 -438.63 0 0.969293 1.00835 493155 0.972693 438.63 0.0013634 
0.14965 0.0111124 2.02795e+06 0 0 1.53612e+06 1.00997 -475.631 0 0.965357 1.00781 491829 0.9701 475.631 0.00146612 
0.1533 0.0111037 2.0279e+06 0 0 1.5375e+06 1.0109 -514.989 0 0.961153 1.00722 490403 0.967313 514.989 0.00157448 
0.15695 0.0110944 2.02785e+06 0 0 1.53898e+06 1.01189 -556.861 0 0.956663 1.00659 488873 0.964317 556.861 0.00168889 
0.1606 0.0110843 2.0278e+06 0 0 1.54057e+06 1.01297 -601.426 0 0.951866 1.00591 487229 0.9611 601.426 0.00180984 
0.16425 0.0110735 2.02775e+06 0 0 1.54228e+06 1.01412 -648.896 0 0.94674 1.00517 485467 0.957646 648.896 0.00193799 
0.1679 0.011062 2.0277e+06 0 0 1.54412e+06 1.01535 -699.522 0 0.941258 1.00438 483575 0.953939 699.522 0.00207414 
0.17155 0.0110496 2.02765e+06 0 0 1.5461e+06 1.01668 -753.598 0 0.935389 1.00352 481547 0.949961 753.598 0.00221928 
0.1752 0.0110363 2.0276e+06 0 0 1.54823e+06 1.0181 -811.467 0 0.929099 1.00259 479372 0.945694 811.467 0.00237464 
0.17885 0.0110222 2.02755e+06 0 0 1.55051e+06 1.01963 -873.529 0 0.922352 1.00159 477042 0.941119 873.529 0.00254172 
0.1825 0.011007 2.0275e+06 0 0 1.55295e+06 1.02126 -940.237 0 0.922653 1.00051 474545 0.936218 940.237 0.00255177 
0.18615 0.0110027 2.02745e+06 0 0 1.55388e+06 1.02189 -970.138 0 0.991901 1.00009 473571 0.934319 970.138 0.00067748 
0.1898 0.010998 2.0274e+06 0 0 1.55488e+06 1.02258 -1002.67 0 0.99314 0.99963 472518 0.932264 1002.67 0.000643523 
0.19345 0.010993 2.02735e+06 0 0 1.55593e+06 1.0233 -1037.46 0 0.992326 0.999148 471416 0.930112 1037.46 0.000676406 
0.1971 0.0109877 2.0273e+06 0 0 1.55704e+06 1.02405 -1075 0 0.991432 0.998638 470258 0.92785 1075 0.000714613 
0.20075 0.010982 2.02725e+06 0 0 1.55821e+06 1.02485 -1116 0 0.990435 0.998099 469035 0.92546 1116 0.000760048 
0.2044 0.0109759 2.0272e+06 0 0 1.55947e+06 1.02569 -1161.43 0 0.989301 0.997522 467734 0.922917 1161.43 0.000815386 
0.20805 0.0109693 2.02715e+06 0 0 1.56081e+06 1.0266 -1212.64 0 0.987985 0.996901 466339 0.920187 1212.64 0.000884364 
0.2117 0.010962 2.0271e+06 0 0 1.56227e+06 1.02759 -1271.54 0 0.986424 0.996223 464825 0.917222 1271.54 0.000972159 
0.21535 0.0109538 2.02705e+06 0 0 1.56389e+06 1.02868 -1340.78 0 0.984529 0.995474 463160 0.913958 1340.78 0.00108587 
0.219 0.0109444 2.027e+06 0 0 1.5657e+06 1.0299 -1423.99 0 0.982184 0.994631 461297 0.910306 1423.99 0.00123515 
0.22265 0.0109335 2.02695e+06 0 0 1.56777e+06 1.03129 -1526.22 0 0.979226 0.993665 459177 0.906144 1526.22 0.00143302 
0.2263 0.0109206 2.0269e+06 0 0 1.57018e+06 1.0329 -1654.33 0 0.97544 0.992534 456715 0.901307 1654.33 0.00169686 
0.22995 0.0109048 2.02685e+06 0 0 1.57305e+06 1.03481 -1817.63 0 0.970536 0.99118 453796 0.895569 1817.63 0.00204967 
0.2336 0.0108855 2.0268e+06 0 0 1.57653e+06 1.03713 -2028.73 0 0.964132 0.989525 450266 0.888624 2028.73 0.00252165 
0.23725 0.0108612 2.02675e+06 0 0 1.58083e+06 1.03998 -2304.51 0 0.955721 0.987457 445916 0.880062 2304.51 0.00315198 
0.2409 0.0108303 2.0267e+06 0 0 1.58623e+06 1.04356 -2667.45 0 0.944645 0.984823 440469 0.869333 2667.45 0.00399088 
0.24455 0.0107909 2.02665e+06 0 0 1.5931e+06 1.0481 -3147.29 0 0.930048 0.981404 433553 0.855704 3147.29 0.0051017 
0.2482 0.01074 2.0266e+06 0 0 1.60192e+06 1.05393 -3782.85 0 0.910831 0.976889 424676 0.838204 3782.85 0.00656248 
0.25185 0.0106743 2.02655e+06 0 0 1.61336e+06 1.06148 -4624.03 0 0.885607 0.970825 413189 0.815552 4624.03 0.00846605 
0.2555 0.0105895 2.0265e+06 0 0 1.62825e+06 1.07131 -5732.83 0 0.852654 0.962538 398250 0.786084 5732.83 0.0109163 
0.25915 0.0104805 2.02645e+06 0 0 1.64767e+06 1.08411 -7181.39 0 0.809899 0.950996 378777 0.747667 7181.39 0.014016 
0.2628 0.0103417 2.0264e+06 0 0 1.67296e+06 1.10078 -9040.63 0 0.754971 0.934563 353437 0.697664 9040.63 0.0178373 
0.26645 0.0101677 2.02635e+06 0 0 1.70566e+06 1.12232 -11344 0 0.685406 0.910548 320690 0.63304 11344 0.0223553 
0.2701 0.00995489 2.0263e+06 0 0 1.74724e+06 1.14971 -13989.8 0 0.599191 0.874376 279064 0.550883 13989.8 0.0273119 
0.27375 0.00970564 2.02625e+06 0 0 1.79831e+06 1.18334 -16521.6 0 0.495951 0.818211 227940 0.449973 16521.6 0.0319587 
0.2774 0.00943456 2.0262e+06 0 0 1.85687e+06 1.22191 -17807.1 0 0.379225 0.729658 169330 0.33428 17807.1 0.0347042 
0.28105 0.00917482 2.02615e+06 0 0 1.91592e+06 1.2608 -16247.2 0 0.259547 0.595311 110229 0.217612 16247.2 0.0331747 
0.2847 0.00896956 2.0261e+06 0 0 1.96456e+06 1.29283 -11696.3 0 0.154631 0.420024 61542.6 0.1215 11696.3 0.0261384 
0.28835 0.00884043 2.02605e+06 0 0 1.99602e+06 1.31357 -6646.36 0 0.0800623 0.247114 30026.6 0.0592811 6646.36 0.0164005 
0.292 0.00877357 2.026e+06 0 0 2.01258e+06 1.3245 -3201.89 0 0.0372306 0.123863 13417.7 0.026491 3201.89 0.00848595 
0.29565 0.00874298 2.02595e+06 0 0 2.02022e+06 1.32956 -1411.58 0 0.0162528 0.056041 5728.79 0.0113108 1411.58 0.00389266 
0.2993 0.00872989 2.0259e+06 0 0 2.0235e+06 1.33176 -597.342 0 0.00688085 0.0240652 2396.42 0.00473156 597.342 0.0016803 
0.30295 0.00872451 2.02585e+06 0 0 2.02486e+06 1.33268 -248.425 0 0.00287541 0.0100965 994.182 0.00196299 248.425 0.000705939 
0.3066 0.0087224 2.0258e+06 0 0 2.02539e+06 1.33306 -102.608 0 0.00119589 0.00419642 411.269 0.000812063 102.608 0.000293315 
0.31025 0.00872166 2.02575e+06 0 0 2.02558e+06 1.33322 -42.2802 0 0.000496821 0.00173847 170.046 0.000335769 42.2802 0.000121378 
0.3139 0.00872148 2.0257e+06 0 0 2.02563e+06 1.33329 -17.4135 0 0.000206511 0.00071977 70.3462 0.000138907 17.4135 5.01755e-05 
0.31755 0.00872153 2.02565e+06 0 0 2.02562e+06 1.33331 -7.17454 0 8.59534e-05 0.000298174 29.132 5.75263e-05 7.17454 2.07474e-05 
0.3212 0.00872167 2.0256e+06 0 0 2.02559e+06 1.33333 -2.95821 0 3.58394e-05 0.000123665 12.0806 2.38558e-05 2.95821 8.58666e-06 
0.32485 0.00872186 2.02555e+06 0 0 2.02554e+06 1.33333 -1.22091 0 1.49755e-05 5.13657e-05 5.01753 9.90848e-06 1.22091 3.5581e-06 
0.3285 0.00872206 2.0255e+06 0 0 2.0255e+06 1.33333 -0.50446 0 6.27262e-06 2.13728e-05 2.08769 4.12282e-06 0.50446 1.47654e-06 
0.33215 0.00872228 2.02545e+06 0 0 2.02545e+06 1.33333 -0.208697 0 2.63438e-06 8.91063e-06 0.870383 1.71889e-06 0.208697 6.13763e-07 
0.3358 0.00872249 2.0254e+06 0 0 2.0254e+06 1.33333 -0.0864597 0 1.10957e-06 3.72314e-06 0.363671 7.18221e-07 0.0864597 2.55607e-07 
0.33945 0.0087227 2.02535e+06 0 0 2.02535e+06 1.33333 -0.0358747 0 4.68697e-07 1.55934e-06 0.152314 3.00815e-07 0.0358747 1.06675e-07 
0.3431 0.00872292 2.0253e+06 0 0 2.0253e+06 1.33333 -0.0149114 0 1.9848e-07 6.54682e-07 0.0639483 1.26299e-07 0.0149114 4.46259e-08 
0.34675 0.00872313 2.02525e+06 0 0 2.02525e+06 1.33333 -0.00620996 0 8.41508e-08 2.75478e-07 0.0269083 5.31456e-08 0.00620996 1.8718e-08 
0.3504 0.00872335 2.0252e+06 0 0 2.0252e+06 1.33333 -0.00259176 0 3.56029e-08 1.16076e-07 0.0113381 2.2394e-08 0.00259177 7.87388e-09 
0.35405 0.00872356 2.02515e+06 0 0 2.02515e+06 1.33333 -0.00108425 0 1.49197e-08 4.88694e-08 0.00477349 9.42842e-09 0.00108425 3.32229e-09 
0.3577 0.00872378 2.0251e+06 0 0 2.0251e+06 1.33333 -0.00045473 0 6.08713e-09 2.04518e-08 0.0019977 3.94588e-09 0.000454732 1.40592e-09 
0.36135 0.00872399 2.02505e+06 0 0 2.02505e+06 1.33333 -0.000191197 0 2.3126e-09 8.40564e-09 0.000821049 1.62179e-09 0.0001912 5.96433e-10 
0.365 0.00872421 2.025e+06 0 0 2.025e+06 1.33333 -8.05755e-05 0 7.05834e-10 3.29318e-09 0.000321673 6.35404e-10 8.05778e-05 2.53301e-10 


0 0.0112 2.03e+06 0 0 1.5225e+06 1 0 0 1.015 1.01407 507500 1 0 4.52601e-08 
0.00365 0.0112002 2.02995e+06 0 0 1.52247e+06 1 -0.188397 0 1.01495 1.01407 507483 0.999991 0.188397 9.4741e-07 
0.0073 0.0112005 2.0299e+06 0 0 1.52244e+06 1.00001 -0.448076 0 1.0149 1.01406 507465 0.99998 0.448076 2.16229e-06 
0.01095 0.0112007 2.02985e+06 0 0 1.52241e+06 1.00001 -0.79381 0 1.01484 1.01405 507444 0.999964 0.79381 3.74485e-06 
0.0146 0.0112009 2.0298e+06 0 0 1.52238e+06 1.00002 -1.24206 0 1.01477 1.01404 507421 0.999943 1.24206 5.75476e-06 
0.01825 0.0112011 2.02975e+06 0 0 1.52235e+06 1.00003 -1.81106 0 1.01469 1.01403 507395 0.999917 1.81106 8.25643e-06 
0.0219 0.0112012 2.0297e+06 0 0 1.52233e+06 1.00004 -2.52085 0 1.01459 1.01402 507366 0.999884 2.52085 1.1319e-05 
0.02555 0.0112014 2.02965e+06 0 0 1.52232e+06 1.00005 -3.39332 0 1.01448 1.01401 507333 0.999842 3.39332 1.50163e-05 
0.0292 0.0112015 2.0296e+06 0 0 1.52231e+06 1.00007 -4.45229 0 1.01435 1.01399 507294 0.999792 4.45229 1.94268e-05 
0.03285 0.0112015 2.02955e+06 0 0 1.5223e+06 1.00009 -5.7235 0 1.01419 1.01398 507251 0.999731 5.7235 2.46337e-05 
0.0365 0.0112015 2.0295e+06 0 0 1.5223e+06 1.00011 -7.23468 0 1.01402 1.01396 507201 0.999657 7.23468 3.07246e-05 
0.04015 0.0112015 2.02945e+06 0 0 1.52231e+06 1.00014 -9.01554 0 1.01382 1.01394 507144 0.99957 9.01554 3.77912e-05 
0.0438 0.0112014 2.0294e+06 0 0 1.52232e+06 1.00018 -11.0978 0 1.01359 1.01391 507079 0.999466 11.0978 4.59298e-05 
0.04745 0.0112013 2.02935e+06 0 0 1.52234e+06 1.00022 -13.515 0 1.01332 1.01388 507005 0.999345 13.515 5.52405e-05 
0.0511 0.0112011 2.0293e+06 0 0 1.52238e+06 1.00027 -16.303 0 1.01302 1.01385 506921 0.999203 16.303 6.58272e-05 
0.05475 0.0112008 2.02925e+06 0 0 1.52242e+06 1.00032 -19.4994 0 1.01268 1.01381 506825 0.99904 19.4994 7.77975e-05 
0.0584 0.0112004 2.0292e+06 0 0 1.52248e+06 1.00038 -23.1436 0 1.0123 1.01377 506717 0.998851 23.1436 9.12622e-05 
0.06205 0.0111999 2.02915e+06 0 0 1.52256e+06 1.00046 -27.2773 0 1.01186 1.01372 506594 0.998634 27.2773 0.000106335 
0.0657 0.0111994 2.0291e+06 0 0 1.52264e+06 1.00054 -31.9436 0 1.01138 1.01367 506456 0.998386 31.9436 0.000123133 
0.06935 0.0111987 2.02905e+06 0 0 1.52275e+06 1.00063 -37.1878 0 1.01083 1.01361 506301 0.998105 37.1878 0.000141776 
0.073 0.0111979 2.029e+06 0 0 1.52287e+06 1.00074 -43.0566 0 1.01023 1.01354 506128 0.997787 43.0566 0.000162383 
0.07665 0.0111969 2.02895e+06 0 0 1.52302e+06 1.00086 -49.5987 0 1.00956 1.01346 505933 0.997429 49.5987 0.000185079 
0.0803 0.0111958 2.0289e+06 0 0 1.52318e+06 1.00099 -56.864 0 1.00881 1.01338 505716 0.997026 56.864 0.000209988 
0.08395 0.0111946 2.02885e+06 0 0 1.52337e+06 1.00114 -64.9043 0 1.00799 1.01328 505475 0.996575 64.9043 0.000237234 
0.0876 0.0111932 2.0288e+06 0 0 1.52359e+06 1.00131 -73.7726 0 1.00708 1.01318 505207 0.996072 73.7726 0.000266945 
0.09125 0.0111916 2.02875e+06 0 0 1.52384e+06 1.0015 -83.5233 0 1.00609 1.01306 504911 0.995512 83.5233 0.000299246 
0.0949 0.0111898 2.0287e+06 0 0 1.52412e+06 1.0017 -94.2122 0 1.005 1.01293 504584 0.994891 94.2122 0.000334263 
0.09855 0.0111877 2.02865e+06 0 0 1.52443e+06 1.00193 -105.896 0 1.0038 1.01279 504224 0.994205 105.896 0.000372124 
0.1022 0.0111855 2.0286e+06 0 0 1.52477e+06 1.00218 -118.633 0 1.0025 1.01263 503827 0.993448 118.633 0.000412952 
0.10585 0.011183 2.02855e+06 0 0 1.52516e+06 1.00246 -132.483 0 1.00108 1.01246 503392 0.992615 132.483 0.000456874 
0.1095 0.0111802 2.0285e+06 0 0 1.52558e+06 1.00277 -147.505 0 0.999543 1.01227 502916 0.991701 147.505 0.000504013 
0.11315 0.0111771 2.02845e+06 0 0 1.52605e+06 1.0031 -163.762 0 0.997873 1.01207 502396 0.9907 163.762 0.000554493 
0.1168 0.0111738 2.0284e+06 0 0 1.52657e+06 1.00346 -181.317 0 0.996065 1.01184 501829 0.989606 181.317 0.00060844 
0.12045 0.0111701 2.02835e+06 0 0 1.52714e+06 1.00386 -200.233 0 0.994113 1.0116 501212 0.988413 200.233 0.000665977 
0.1241 0.0111661 2.0283e+06 0 0 1.52776e+06 1.00429 -220.579 0 0.992007 1.01133 500541 0.987115 220.579 0.000727232 
0.12775 0.0111617 2.02825e+06 0 0 1.52844e+06 1.00477 -242.422 0 0.989739 1.01104 499814 0.985704 242.422 0.000792336 
0.1314 0.011157 2.0282e+06 0 0 1.52917e+06 1.00528 -265.835 0 0.9873 1.01072 499026 0.984174 265.835 0.000861428 
0.13505 0.0111518 2.02815e+06 0 0 1.52998e+06 1.00583 -290.893 0 0.98468 1.01038 498173 0.982517 290.893 0.000934656 
0.1387 0.0111462 2.0281e+06 0 0 1.53085e+06 1.00643 -317.679 0 0.981871 1.01001 497252 0.980725 317.679 0.00101218 
0.14235 0.0111402 2.02805e+06 0 0 1.53179e+06 1.00707 -346.28 0 0.978859 1.00961 496258 0.978789 346.28 0.0010942 
0.146 0.0111337 2.028e+06 0 0 1.53281e+06 1.00777 -376.793 0 0.975635 1.00918 495187 0.976701 376.793 0.0011809 
0.14965 0.0111266 2.02795e+06 0 0 1.53392e+06 1.00852 -409.324 0 0.972184 1.00871 494034 0.97445 409.324 0.00127256 
0.1533 0.0111191 2.0279e+06 0 0 1.53511e+06 1.00932 -443.997 0 0.968492 1.0082 492793 0.972027 443.997 0.00136948 
0.15695 0.0111109 2.02785e+06 0 0 1.53639e+06 1.01019 -480.948 0 0.964543 1.00766 491459 0.969419 480.948 0.00147202 
0.1606 0.0111021 2.0278e+06 0 0 1.53777e+06 1.01113 -520.339 0 0.96032 1.00707 490025 0.966615 520.339 0.00158063 
0.16425 0.0110927 2.02775e+06 0 0 1.53926e+06 1.01213 -562.354 0 0.955801 1.00643 488486 0.963601 562.354 0.00169589 
0.1679 0.0110826 2.0277e+06 0 0 1.54087e+06 1.01321 -607.208 0 0.950965 1.00574 486833 0.960364 607.208 0.00181847 
0.17155 0.0110718 2.02765e+06 0 0 1.54259e+06 1.01437 -655.149 0 0.945784 1.005 485059 0.956889 655.149 0.00194923 
0.1752 0.0110602 2.0276e+06 0 0 1.54444e+06 1.01561 -706.466 0 0.940232 1.0042 483157 0.95316 706.466 0.00208919 
0.17885 0.0110477 2.02755e+06 0 0 1.54643e+06 1.01695 -761.486 0 0.934277 1.00334 481118 0.949161 761.486 0.00223959 
0.1825 0.0110345 2.0275e+06 0 0 1.54856e+06 1.01837 -820.575 0 0.934615 1.00241 478935 0.944879 820.575 0.0022447 
0.18615 0.0110309 2.02745e+06 0 0 1.54935e+06 1.01892 -846.045 0 0.995034 1.00205 478099 0.943252 846.045 0.000580236 
0.1898 0.0110268 2.0274e+06 0 0 1.5502e+06 1.0195 -873.712 0 0.996113 1.00166 477196 0.941493 873.712 0.000549956 
0.19345 0.0110226 2.02735e+06 0 0 1.5511e+06 1.02011 -903.1 0 0.995445 1.00125 476253 0.939657 903.1 0.000575936 
0.1971 0.0110182 2.0273e+06 0 0 1.55203e+06 1.02076 -934.552 0 0.994719 1.00083 475267 0.937734 934.552 0.000605633 
0.20075 0.0110134 2.02725e+06 0 0 1.55302e+06 1.02143 -968.541 0 0.99392 1.00038 474231 0.935712 968.541 0.000640315 
0.2044 0.0110084 2.0272e+06 0 0 1.55406e+06 1.02214 -1005.72 0 0.993026 0.9999 473135 0.933574 1005.72 0.000681767 
0.20805 0.0110029 2.02715e+06 0 0 1.55518e+06 1.0229 -1047.01 0 0.992005 0.99939 471970 0.931297 1047.01 0.000732482 
0.2117 0.010997 2.0271e+06 0 0 1.55638e+06 1.02372 -1093.67 0 0.990817 0.998841 470717 0.928849 1093.67 0.000795911 
0.21535 0.0109904 2.02705e+06 0 0 1.55769e+06 1.0246 -1147.47 0 0.989403 0.998241 469357 0.926187 1147.47 0.000876803 
0.219 0.010983 2.027e+06 0 0 1.55914e+06 1.02558 -1210.84 0 0.987684 0.997577 467858 0.923251 1210.84 0.000981631 
0.22265 0.0109746 2.02695e+06 0 0 1.56077e+06 1.02668 -1287.13 0 0.985552 0.996829 466179 0.919961 1287.13 0.00111914 
0.2263 0.0109647 2.0269e+06 0 0 1.56264e+06 1.02793 -1380.93 0 0.982863 0.995971 464264 0.916206 1380.93 0.00130108 
0.22995 0.010953 2.02685e+06 0 0 1.56481e+06 1.02939 -1498.46 0 0.979423 0.994967 462038 0.911835 1498.46 0.00154308 
0.2336 0.0109387 2.0268e+06 0 0 1.5674e+06 1.03112 -1648.14 0 0.974975 0.993765 459397 0.906646 1648.14 0.00186577 
0.23725 0.0109211 2.02675e+06 0 0 1.57055e+06 1.03321 -1841.32 0 0.969175 0.992297 456203 0.900364 1841.32 0.00229623 
0.2409 0.010899 2.0267e+06 0 0 1.57443e+06 1.03579 -2093.15 0 0.961576 0.990467 452270 0.892624 2093.15 0.00286957 
0.24455 0.0108709 2.02665e+06 0 0 1.5793e+06 1.03902 -2423.83 0 0.95159 0.988142 447350 0.882934 2423.83 0.00363094 
0.2482 0.0108351 2.0266e+06 0 0 1.58549e+06 1.04312 -2860.02 0 0.938454 0.985136 441111 0.870642 2860.02 0.00463752 
0.25185 0.0107889 2.02655e+06 0 0 1.59343e+06 1.04837 -3436.7 0 0.921191 0.981185 433116 0.854883 3436.7 0.00596038 
0.2555 0.0107293 2.0265e+06 0 0 1.60371e+06 1.05516 -4199.11 0 0.898554 0.97591 422788 0.834519 4199.11 0.00768535 
0.25915 0.0106523 2.02645e+06 0 0 1.61708e+06 1.06398 -5204.42 0 0.86899 0.968752 409373 0.80806 5204.42 0.00991134 
0.2628 0.0105533 2.0264e+06 0 0 1.6345e+06 1.07547 -6521.61 0 0.830601 0.95887 391899 0.773587 6521.61 0.0127428 
0.26645 0.0104267 2.02635e+06 0 0 1.65721e+06 1.09044 -8225.59 0 0.78116 0.944948 369143 0.728685 8225.59 0.0162693 
0.2701 0.010267 2.0263e+06 0 0 1.68666e+06 1.10985 -10375 0 0.718236 0.924858 339637 0.670458 10375 0.0205198 
0.27375 0.0100695 2.02625e+06 0 0 1.72443e+06 1.13473 -12948.6 0 0.639545 0.895027 301818 0.595816 12948.6 0.0253631 
0.2774 0.00983318 2.0262e+06 0 0 1.77168e+06 1.16585 -15686.2 0 0.543786 0.849309 254519 0.502456 15686.2 0.0303122 
0.28105 0.00956627 2.02615e+06 0 0 1.82789e+06 1.20287 -17785.1 0 0.432369 0.777404 198259 0.3914 17785.1 0.0341951 
0.2847 0.00929338 2.0261e+06 0 0 1.88853e+06 1.2428 -17707.7 0 0.312274 0.665031 137568 0.271592 17707.7 0.0348949 
0.28835 0.00905628 2.02605e+06 0 0 1.94376e+06 1.27918 -14281.5 0 0.198379 0.504884 82290 0.162464 14281.5 0.0302324 
0.292 0.00889098 2.026e+06 0 0 1.98361e+06 1.30544 -8974.19 0 0.109015 0.322777 42386.7 0.0836855 8974.19 0.0210135 
0.29565 0.00879841 2.02595e+06 0 0 2.00641e+06 1.32048 -4600.96 0 0.0527843 0.172614 19537.2 0.0385738 4600.96 0.0117467 
0.2993 0.00875413 2.0259e+06 0 0 2.01745e+06 1.32777 -2089.77 0 0.023514 0.080989 8454.3 0.0166924 2089.77 0.00562467 
0.30295 0.00873475 2.02585e+06 0 0 2.0223e+06 1.331 -894.713 0 0.0100268 0.0353278 3550.31 0.00701002 894.713 0.002474 
0.3066 0.00872668 2.0258e+06 0 0 2.02433e+06 1.33236 -373.271 0 0.00419212 0.0148918 1472 0.00290651 373.271 0.00104588 
0.31025 0.00872345 2.02575e+06 0 0 2.02514e+06 1.33293 -154.082 0 0.00173886 0.00618697 607.315 0.00119919 154.082 0.000434746 
0.3139 0.00872224 2.0257e+06 0 0 2.02545e+06 1.33317 -63.3469 0 0.000719348 0.00255612 250.185 0.000494023 63.3469 0.000179517 
0.31755 0.00872187 2.02565e+06 0 0 2.02555e+06 1.33327 -26.011 0 0.00029748 0.00105421 103.059 0.000203509 26.011 7.39598e-05 
0.3212 0.00872185 2.0256e+06 0 0 2.02556e+06 1.33331 -10.6796 0 0.000123103 0.00043474 42.4793 8.3885e-05 10.6796 3.04594e-05 
0.32485 0.00872196 2.02555e+06 0 0 2.02553e+06 1.33332 -4.38683 0 5.10034e-05 0.000179397 17.5257 3.46093e-05 4.38683 1.25498e-05 
0.3285 0.00872214 2.0255e+06 0 0 2.02549e+06 1.33333 -1.80322 0 2.11632e-05 7.41049e-05 7.23888 1.42955e-05 1.80322 5.17505e-06 
0.33215 0.00872233 2.02545e+06 0 0 2.02545e+06 1.33333 -0.741841 0 8.79663e-06 3.06496e-05 2.99388 5.91252e-06 0.741841 2.13625e-06 
0.3358 0.00872254 2.0254e+06 0 0 2.0254e+06 1.33333 -0.305484 0 3.66348e-06 1.26949e-05 1.24003 2.44895e-06 0.305484 8.82924e-07 
0.33945 0.00872276 2.02535e+06 0 0 2.02535e+06 1.33333 -0.125928 0 1.52889e-06 5.26651e-06 0.514426 1.01598e-06 0.125928 3.65422e-07 
0.3431 0.00872297 2.0253e+06 0 0 2.0253e+06 1.33333 -0.0519712 0 6.39407e-07 2.1886e-06 0.213779 4.22217e-07 0.0519712 1.51474e-07 
0.34675 0.00872318 2.02525e+06 0 0 2.02525e+06 1.33333 -0.0214763 0 2.67907e-07 9.11129e-07 0.0889977 1.75776e-07 0.0214763 6.2897e-08 
0.3504 0.0087234 2.0252e+06 0 0 2.0252e+06 1.33333 -0.0088874 0 1.12358e-07 3.79932e-07 0.0371112 7.32988e-08 0.0088874 2.61669e-08 
0.35405 0.00872362 2.02515e+06 0 0 2.02515e+06 1.33333 -0.00368357 0 4.70592e-08 1.58599e-07 0.0154917 3.05986e-08 0.00368357 1.09089e-08 
0.3577 0.00872383 2.0251e+06 0 0 2.0251e+06 1.33333 -0.00152935 0 1.95787e-08 6.61764e-08 0.00646401 1.27678e-08 0.00152935 4.55789e-09 
0.36135 0.00872405 2.02505e+06 0 0 2.02505e+06 1.33333 -0.000636114 0 7.98966e-09 2.74996e-08 0.00268612 5.30579e-09 0.000636116 1.90856e-09 
0.365 0.00872426 2.025e+06 0 0 2.025e+06 1.33333 -0.00026508 0 3.09887e-09 1.12832e-08 0.00110212 2.17703e-09 0.000265082 8.00718e-10 


0 0.0112 2.03e+06 0 0 1.5225e+06 1 0 0 1.015 1.01407 507500 1 0 3.03388e-08 
0.00365 0.0112003 2.02995e+06 0 0 1.52247e+06 1 -0.150887 0 1.01496 1.01407 507484 0.999993 0.150887 7.45634e-07 
0.0073 0.0112005 2.0299e+06 0 0 1.52243e+06 1.00001 -0.359171 0 1.01491 1.01406 507467 0.999984 0.359171 1.71251e-06 
0.01095 0.0112007 2.02985e+06 0 0 1.5224e+06 1.00001 -0.63698 0 1.01486 1.01405 507448 0.999971 0.63698 2.97658e-06 
0.0146 0.0112009 2.0298e+06 0 0 1.52237e+06 1.00002 -0.997899 0 1.0148 1.01405 507427 0.999954 0.997899 4.58767e-06 
0.01825 0.0112011 2.02975e+06 0 0 1.52235e+06 1.00002 -1.45703 0 1.01472 1.01404 507403 0.999933 1.45703 6.59983e-06 
0.0219 0.0112013 2.0297e+06 0 0 1.52232e+06 1.00003 -2.03107 0 1.01464 1.01403 507377 0.999906 2.03107 9.0714e-06 
0.02555 0.0112015 2.02965e+06 0 0 1.5223e+06 1.00004 -2.73832 0 1.01455 1.01402 507348 0.999873 2.73832 1.2065e-05 
0.0292 0.0112016 2.0296e+06 0 0 1.52229e+06 1.00006 -3.59879 0 1.01443 1.014 507314 0.999831 3.59879 1.56477e-05 
0.03285 0.0112017 2.02955e+06 0 0 1.52227e+06 1.00007 -4.63421 0 1.01431 1.01399 507277 0.999782 4.63421 1.98906e-05 
0.0365 0.0112018 2.0295e+06 0 0 1.52227e+06 1.00009 -5.86808 0 1.01416 1.01397 507234 0.999721 5.86808 2.48692e-05 
0.04015 0.0112018 2.02945e+06 0 0 1.52227e+06 1.00012 -7.32566 0 1.01399 1.01395 507185 0.99965 7.32566 3.06632e-05 
0.0438 0.0112018 2.0294e+06 0 0 1.52227e+06 1.00015 -9.03406 0 1.01379 1.01393 507129 0.999565 9.03406 3.73561e-05 
0.04745 0.0112017 2.02935e+06 0 0 1.52228e+06 1.00018 -11.0222 0 1.01357 1.01391 507066 0.999465 11.0222 4.50356e-05 
0.0511 0.0112016 2.0293e+06 0 0 1.52231e+06 1.00022 -13.3208 0 1.01332 1.01388 506995 0.999349 13.3208 5.37932e-05 
0.05475 0.0112014 2.02925e+06 0 0 1.52234e+06 1.00026 -15.9625 0 1.01303 1.01385 506913 0.999213 15.9625 6.3724e-05 
0.0584 0.0112011 2.0292e+06 0 0 1.52238e+06 1.00031 -18.9817 0 1.01271 1.01381 506822 0.999057 18.9817 7.49264e-05 
0.06205 0.0112008 2.02915e+06 0 0 1.52243e+06 1.00037 -22.4146 0 1.01234 1.01377 506718 0.998877 22.4146 8.75024e-05 
0.0657 0.0112004 2.0291e+06 0 0 1.5225e+06 1.00044 -26.2991 0 1.01194 1.01372 506601 0.998672 26.2991 0.000101557 
0.06935 0.0111998 2.02905e+06 0 0 1.52258e+06 1.00052 -30.6751 0 1.01148 1.01367 506470 0.998438 30.6751 0.000117197 
0.073 0.0111992 2.029e+06 0 0 1.52268e+06 1.00061 -35.584 0 1.01097 1.01361 506323 0.998173 35.584 0.000134534 
0.07665 0.0111985 2.02895e+06 0 0 1.52279e+06 1.00071 -41.0689 0 1.0104 1.01355 506159 0.997873 41.0689 0.000153679 
0.0803 0.0111976 2.0289e+06 0 0 1.52292e+06 1.00082 -47.1746 0 1.00977 1.01348 505975 0.997536 47.1746 0.000174748 
0.08395 0.0111966 2.02885e+06 0 0 1.52308e+06 1.00095 -53.9474 0 1.00907 1.0134 505771 0.997158 53.9474 0.000197856 
0.0876 0.0111954 2.0288e+06 0 0 1.52326e+06 1.00109 -61.4351 0 1.0083 1.01331 505544 0.996735 61.4351 0.000223122 
0.09125 0.0111941 2.02875e+06 0 0 1.52346e+06 1.00125 -69.687 0 1.00746 1.01321 505293 0.996264 69.687 0.000250663 
0.0949 0.0111926 2.0287e+06 0 0 1.52369e+06 1.00142 -78.7537 0 1.00653 1.0131 505015 0.99574 78.7537 0.000280599 
0.09855 0.011191 2.02865e+06 0 0 1.52394e+06 1.00161 -88.6874 0 1.00551 1.01298 504708 0.99516 88.6874 0.000313052 
0.1022 0.0111891 2.0286e+06 0 0 1.52423e+06 1.00183 -99.5415 0 1.0044 1.01285 504370 0.994519 99.5415 0.00034814 
0.10585 0.011187 2.02855e+06 0 0 1.52455e+06 1.00206 -111.371 0 1.00318 1.0127 503999 0.993812 111.371 0.000385987 
0.1095 0.0111847 2.0285e+06 0 0 1.52491e+06 1.00232 -124.231 0 1.00186 1.01254 503593 0.993035 124.231 0.000426713 
0.11315 0.0111821 2.02845e+06 0 0 1.5253e+06 1.00261 -138.179 0 1.00043 1.01237 503148 0.992183 138.179 0.000470441 
0.1168 0.0111793 2.0284e+06 0 0 1.52574e+06 1.00292 -153.276 0 0.998869 1.01217 502663 0.991249 153.276 0.000517294 
0.12045 0.0111762 2.02835e+06 0 0 1.52622e+06 1.00326 -169.58 0 0.997185 1.01196 502133 0.99023 169.58 0.000567397 
0.1241 0.0111728 2.0283e+06 0 0 1.52674e+06 1.00363 -187.156 0 0.995365 1.01173 501557 0.989118 187.156 0.000620879 
0.12775 0.0111691 2.02825e+06 0 0 1.52732e+06 1.00403 -206.068 0 0.993401 1.01149 500931 0.987907 206.068 0.00067787 
0.1314 0.011165 2.0282e+06 0 0 1.52795e+06 1.00447 -226.383 0 0.991286 1.01121 500252 0.986592 226.383 0.000738511 
0.13505 0.0111606 2.02815e+06 0 0 1.52863e+06 1.00494 -248.175 0 0.98901 1.01092 499516 0.985166 248.175 0.000802949 
0.1387 0.0111558 2.0281e+06 0 0 1.52938e+06 1.00546 -271.519 0 0.986564 1.0106 498720 0.98362 271.519 0.000871346 
0.14235 0.0111506 2.02805e+06 0 0 1.53019e+06 1.00602 -296.497 0 0.983938 1.01026 497860 0.981948 296.497 0.000943882 
0.146 0.011145 2.028e+06 0 0 1.53107e+06 1.00662 -323.199 0 0.981122 1.00988 496931 0.980141 323.199 0.00102076 
0.14965 0.0111389 2.02795e+06 0 0 1.53202e+06 1.00727 -351.724 0 0.978103 1.00948 495930 0.978191 351.724 0.00110222 
0.1533 0.0111323 2.0279e+06 0 0 1.53305e+06 1.00797 -382.181 0 0.974868 1.00904 494852 0.976087 382.181 0.00118854 
0.15695 0.0111252 2.02785e+06 0 0 1.53416e+06 1.00873 -414.696 0 0.971404 1.00857 493691 0.973822 414.696 0.00128005 
0.1606 0.0111176 2.0278e+06 0 0 1.53536e+06 1.00954 -449.41 0 0.967694 1.00806 492442 0.971382 449.41 0.00137716 
0.16425 0.0111094 2.02775e+06 0 0 1.53665e+06 1.01041 -486.483 0 0.96372 1.00751 491100 0.968758 486.483 0.00148035 
0.1679 0.0111006 2.0277e+06 0 0 1.53804e+06 1.01135 -526.102 0 0.959464 1.00691 489657 0.965937 526.102 0.00159023 
0.17155 0.0110912 2.02765e+06 0 0 1.53954e+06 1.01236 -568.475 0 0.954903 1.00627 488109 0.962906 568.475 0.0017075 
0.1752 0.011081 2.0276e+06 0 0 1.54115e+06 1.01345 -613.844 0 0.950013 1.00558 486448 0.959653 613.844 0.00183303 
0.17885 0.0110701 2.02755e+06 0 0 1.54288e+06 1.01461 -662.478 0 0.944769 1.00484 484668 0.956164 662.478 0.00196785 
0.1825 0.0110585 2.0275e+06 0 0 1.54474e+06 1.01586 -714.671 0 0.945124 1.00403 482763 0.95243 714.671 0.0019693 
0.18615 0.0110555 2.02745e+06 0 0 1.54541e+06 1.01632 -736.414 0 0.997718 1.00373 482044 0.951035 736.414 0.000497292 
0.1898 0.0110521 2.0274e+06 0 0 1.54613e+06 1.01682 -760.002 0 0.998655 1.0034 481268 0.949528 760.002 0.000470532 
0.19345 0.0110485 2.02735e+06 0 0 1.54689e+06 1.01735 -784.917 0 0.998103 1.00306 480461 0.947959 784.917 0.000491262 
0.1971 0.0110448 2.0273e+06 0 0 1.54768e+06 1.01789 -811.396 0 0.997508 1.0027 479619 0.946321 811.396 0.000514602 
0.20075 0.0110408 2.02725e+06 0 0 1.54851e+06 1.01846 -839.76 0 0.996862 1.00232 478738 0.944605 839.76 0.000541399 
0.2044 0.0110366 2.0272e+06 0 0 1.54939e+06 1.01907 -870.453 0 0.996148 1.00192 477811 0.9428 870.453 0.000572842 
0.20805 0.0110321 2.02715e+06 0 0 1.55032e+06 1.0197 -904.085 0 0.995346 1.0015 476832 0.940891 904.085 0.000610588 
0.2117 0.0110273 2.0271e+06 0 0 1.55131e+06 1.02038 -941.507 0 0.994429 1.00105 475788 0.938855 941.507 0.000656935 
0.21535 0.011022 2.02705e+06 0 0 1.55238e+06 1.02111 -983.893 0 0.993358 1.00057 474666 0.936663 983.893 0.000715048 
0.219 0.0110161 2.027e+06 0 0 1.55355e+06 1.02191 -1032.86 0 0.99208 1.00003 473445 0.934277 1032.86 0.000789247 
0.22265 0.0110095 2.02695e+06 0 0 1.55485e+06 1.02279 -1090.65 0 0.990524 0.999446 472098 0.931642 1090.65 0.000885389 
0.2263 0.0110019 2.0269e+06 0 0 1.55631e+06 1.02377 -1160.29 0 0.988593 0.998783 470587 0.928684 1160.29 0.00101135 
0.22995 0.0109929 2.02685e+06 0 0 1.55799e+06 1.0249 -1245.95 0 0.986158 0.998022 468863 0.925303 1245.95 0.00117768 
0.2336 0.0109823 2.0268e+06 0 0 1.55994e+06 1.02621 -1353.22 0 0.983046 0.997131 466856 0.921365 1353.22 0.00139834 
0.23725 0.0109694 2.02675e+06 0 0 1.56228e+06 1.02777 -1489.69 0 0.979028 0.996066 464474 0.916687 1489.69 0.00169178 
0.2409 0.0109534 2.0267e+06 0 0 1.56511e+06 1.02966 -1665.5 0 0.9738 0.994766 461594 0.911026 1665.5 0.00208214 
0.24455 0.0109334 2.02665e+06 0 0 1.5686e+06 1.03198 -1894.19 0 0.966964 0.993148 458051 0.904055 1894.19 0.00260078 
0.2482 0.0109081 2.0266e+06 0 0 1.57298e+06 1.03489 -2193.78 0 0.957999 0.991099 453623 0.895338 2193.78 0.00328809 
0.25185 0.0108757 2.02655e+06 0 0 1.57853e+06 1.03857 -2588.08 0 0.94623 0.98846 448017 0.884296 2588.08 0.00419543 
0.2555 0.010834 2.0265e+06 0 0 1.58565e+06 1.04328 -3108.35 0 0.930785 0.985007 440847 0.870164 3108.35 0.0053871 
0.25915 0.0107801 2.02645e+06 0 0 1.59485e+06 1.04936 -3795.26 0 0.910555 0.980423 431599 0.851931 3795.26 0.00694173 
0.2628 0.0107107 2.0264e+06 0 0 1.60679e+06 1.05724 -4700.8 0 0.884142 0.974244 419605 0.828278 4700.8 0.00895203 
0.26645 0.0106211 2.02635e+06 0 0 1.62235e+06 1.0675 -5889.31 0 0.849825 0.965782 403997 0.797488 5889.31 0.0115204 
0.2701 0.0105065 2.0263e+06 0 0 1.64263e+06 1.08087 -7435.13 0 0.805541 0.953978 383668 0.757377 7435.13 0.0147459 
0.27375 0.010361 2.02625e+06 0 0 1.66899e+06 1.09825 -9410.01 0 0.748956 0.937151 357256 0.705255 9410.01 0.0186924 
0.2774 0.0101795 2.0262e+06 0 0 1.703e+06 1.12065 -11843.2 0 0.677674 0.912516 323203 0.638048 11843.2 0.023319 
0.28105 0.00995867 2.02615e+06 0 0 1.7461e+06 1.14904 -14614.9 0 0.589816 0.875322 280052 0.552876 14614.9 0.0283361 
0.2847 0.00970174 2.0261e+06 0 0 1.79881e+06 1.18376 -17216.4 0 0.485248 0.817398 227295 0.448733 17216.4 0.0329379 
0.28835 0.00942482 2.02605e+06 0 0 1.85879e+06 1.22326 -18416.5 0 0.367922 0.725874 167258 0.330215 18416.5 0.0354444 
0.292 0.00916298 2.026e+06 0 0 1.91852e+06 1.2626 -16558.9 0 0.248925 0.587371 107475 0.212191 16558.9 0.0334315 
0.29565 0.00895982 2.02595e+06 0 0 1.96682e+06 1.29442 -11684.9 0 0.14622 0.408888 59127.2 0.11674 11684.9 0.0258605 
0.2993 0.00883454 2.0259e+06 0 0 1.99743e+06 1.3146 -6515.38 0 0.0746246 0.236694 28467.5 0.0562072 6515.38 0.0159045 
0.30295 0.00877076 2.02585e+06 0 0 2.01326e+06 1.32505 -3095.15 0 0.0342749 0.116921 12588.8 0.0248564 3095.15 0.00809222 
0.3066 0.00874194 2.0258e+06 0 0 2.02047e+06 1.32982 -1351.3 0 0.0148124 0.0523065 5330.5 0.0105252 1351.3 0.00366683 
0.31025 0.00872973 2.02575e+06 0 0 2.02354e+06 1.33188 -567.658 0 0.00621686 0.0222638 2213.81 0.00437134 567.658 0.00156851 
0.3139 0.00872476 2.0257e+06 0 0 2.02479e+06 1.33273 -234.615 0 0.00257687 0.00926988 912.179 0.00180121 234.615 0.000654073 
0.31755 0.00872284 2.02565e+06 0 0 2.02527e+06 1.33309 -96.3409 0 0.00106302 0.00382516 374.774 0.000740056 96.3409 0.000269912 
0.3212 0.00872217 2.0256e+06 0 0 2.02545e+06 1.33323 -39.4685 0 0.000437902 0.00157325 153.864 0.00030384 39.4685 0.000110943 
0.32485 0.00872203 2.02555e+06 0 0 2.02549e+06 1.33329 -16.1596 0 0.000180396 0.000646496 63.1812 0.000124768 16.1596 4.55474e-05 
0.3285 0.00872209 2.0255e+06 0 0 2.02547e+06 1.33332 -6.61712 0 7.43669e-05 0.000265711 25.9597 5.12658e-05 6.61712 1.86988e-05 
0.33215 0.00872225 2.02545e+06 0 0 2.02544e+06 1.33333 -2.71088 0 3.06888e-05 0.000109278 10.675 2.10818e-05 2.71088 7.68033e-06 
0.3358 0.00872244 2.0254e+06 0 0 2.0254e+06 1.33333 -1.11128 0 1.268e-05 4.49824e-05 4.39396 8.67772e-06 1.11128 3.15698e-06 
0.33945 0.00872264 2.02535e+06 0 0 2.02535e+06 1.33333 -0.455885 0 5.24646e-06 1.85356e-05 1.81055 3.57579e-06 0.455885 1.29884e-06 
0.3431 0.00872286 2.0253e+06 0 0 2.0253e+06 1.33333 -0.18717 0 2.17404e-06 7.64676e-06 0.746928 1.47519e-06 0.18717 5.34917e-07 
0.34675 0.00872307 2.02525e+06 0 0 2.02525e+06 1.33333 -0.0769136 0 9.02268e-07 3.1586e-06 0.308528 6.09363e-07 0.0769136 2.20553e-07 
0.3504 0.00872328 2.0252e+06 0 0 2.0252e+06 1.33333 -0.0316365 0 3.74971e-07 1.3064e-06 0.127607 2.52039e-07 0.0316365 9.10513e-08 
0.35405 0.0087235 2.02515e+06 0 0 2.02515e+06 1.33333 -0.0130266 0 1.55954e-07 5.40985e-07 0.0528426 1.04373e-07 0.0130266 3.76411e-08 
0.3577 0.00872371 2.0251e+06 0 0 2.0251e+06 1.33333 -0.00537003 0 6.4813e-08 2.24214e-07 0.0219009 4.32589e-08 0.00537003 1.55845e-08 
0.36135 0.00872393 2.02505e+06 0 0 2.02505e+06 1.33333 -0.00221648 0 2.68143e-08 9.29113e-08 0.00907543 1.79263e-08 0.00221648 6.46275e-09 
0.365 0.00872414 2.025e+06 0 0 2.025e+06 1.33333 -0.000916074 0 1.09469e-08 3.83987e-08 0.00375073 7.40884e-09 0.000916074 2.68439e-09 


0 0.0112 2.03e+06 0 0 1.5225e+06 1 0 0 1.015 1.01407 507500 1 0 2.03367e-08 
0.00365 0.0112003 2.02995e+06 0 0 1.52247e+06 1 -0.120994 0 1.01496 1.01407 507485 0.999994 0.120994 5.88422e-07 
0.0073 0.0112005 2.0299e+06 0 0 1.52243e+06 1 -0.288235 0 1.01492 1.01406 507468 0.999987 0.288235 1.35894e-06 
0.01095 0.0112007 2.02985e+06 0 0 1.5224e+06 1.00001 -0.511673 0 1.01487 1.01406 507451 0.999977 0.511673 2.36967e-06 
0.0146 0.011201 2.0298e+06 0 0 1.52237e+06 1.00001 -0.802504 0 1.01482 1.01405 507431 0.999963 0.802504 3.66211e-06 
0.01825 0.0112012 2.02975e+06 0 0 1.52234e+06 1.00002 -1.17323 0 1.01475 1.01404 507410 0.999946 1.17323 5.2815e-06 
0.0219 0.0112014 2.0297e+06 0 0 1.52231e+06 1.00003 -1.63772 0 1.01468 1.01403 507386 0.999924 1.63772 7.27694e-06 
0.02555 0.0112016 2.02965e+06 0 0 1.52229e+06 1.00003 -2.21128 0 1.0146 1.01402 507360 0.999897 2.21128 9.70142e-06 
0.0292 0.0112017 2.0296e+06 0 0 1.52227e+06 1.00005 -2.91066 0 1.0145 1.01401 507331 0.999863 2.91066 1.26118e-05 
0.03285 0.0112019 2.02955e+06 0 0 1.52225e+06 1.00006 -3.75418 0 1.01439 1.014 507297 0.999823 3.75418 1.6069e-05 
0.0365 0.011202 2.0295e+06 0 0 1.52224e+06 1.00008 -4.76169 0 1.01427 1.01398 507260 0.999774 4.76169 2.01378e-05 
0.04015 0.011202 2.02945e+06 0 0 1.52223e+06 1.0001 -5.95465 0 1.01413 1.01396 507218 0.999715 5.95465 2.48867e-05 
0.0438 0.0112021 2.0294e+06 0 0 1.52223e+06 1.00012 -7.35616 0 1.01396 1.01395 507170 0.999645 7.35616 3.03883e-05 
0.04745 0.0112021 2.02935e+06 0 0 1.52223e+06 1.00015 -8.99098 0 1.01377 1.01392 507116 0.999563 8.99098 3.6719e-05 
0.0511 0.011202 2.0293e+06 0 0 1.52225e+06 1.00018 -10.8855 0 1.01356 1.0139 507055 0.999467 10.8855 4.39587e-05 
0.05475 0.0112019 2.02925e+06 0 0 1.52226e+06 1.00021 -13.0679 0 1.01332 1.01387 506986 0.999356 13.0679 5.21911e-05 
0.0584 0.0112017 2.0292e+06 0 0 1.52229e+06 1.00026 -15.568 0 1.01305 1.01384 506908 0.999226 15.568 6.15032e-05 
0.06205 0.0112015 2.02915e+06 0 0 1.52233e+06 1.00031 -18.4173 0 1.01274 1.01381 506820 0.999078 18.4173 7.19856e-05 
0.0657 0.0112012 2.0291e+06 0 0 1.52238e+06 1.00036 -21.6489 0 1.0124 1.01377 506721 0.998907 21.6489 8.37318e-05 
0.06935 0.0112008 2.02905e+06 0 0 1.52244e+06 1.00043 -25.2978 0 1.01201 1.01373 506609 0.998713 25.2978 9.68385e-05 
0.073 0.0112003 2.029e+06 0 0 1.52252e+06 1.0005 -29.4005 0 1.01158 1.01368 506485 0.998492 29.4005 0.000111405 
0.07665 0.0111997 2.02895e+06 0 0 1.5226e+06 1.00059 -33.995 0 1.0111 1.01362 506345 0.998241 33.995 0.000127534 
0.0803 0.011199 2.0289e+06 0 0 1.52271e+06 1.00068 -39.1212 0 1.01057 1.01356 506190 0.997959 39.1212 0.000145329 
0.08395 0.0111982 2.02885e+06 0 0 1.52283e+06 1.00079 -44.8204 0 1.00998 1.01349 506017 0.997642 44.8204 0.000164897 
0.0876 0.0111973 2.0288e+06 0 0 1.52298e+06 1.0009 -51.1355 0 1.00932 1.01342 505824 0.997287 51.1355 0.000186347 
0.09125 0.0111963 2.02875e+06 0 0 1.52314e+06 1.00104 -58.1106 0 1.0086 1.01334 505611 0.996891 58.1106 0.00020979 
0.0949 0.011195 2.0287e+06 0 0 1.52333e+06 1.00118 -65.7918 0 1.00781 1.01324 505374 0.99645 65.7918 0.000235336 
0.09855 0.0111937 2.02865e+06 0 0 1.52354e+06 1.00135 -74.2263 0 1.00694 1.01314 505113 0.99596 74.2263 0.000263099 
0.1022 0.0111921 2.0286e+06 0 0 1.52377e+06 1.00153 -83.4626 0 1.00599 1.01303 504826 0.995417 83.4626 0.000293194 
0.10585 0.0111904 2.02855e+06 0 0 1.52404e+06 1.00173 -93.5511 0 1.00495 1.0129 504510 0.994818 93.5511 0.000325737 
0.1095 0.0111885 2.0285e+06 0 0 1.52434e+06 1.00195 -104.543 0 1.00382 1.01277 504163 0.994158 104.543 0.000360844 
0.11315 0.0111863 2.02845e+06 0 0 1.52467e+06 1.00219 -116.492 0 1.00259 1.01262 503782 0.993433 116.492 0.000398634 
0.1168 0.011184 2.0284e+06 0 0 1.52503e+06 1.00245 -129.452 0 1.00125 1.01245 503367 0.992638 129.452 0.000439227 
0.12045 0.0111813 2.02835e+06 0 0 1.52544e+06 1.00274 -143.48 0 0.999801 1.01227 502913 0.991767 143.48 0.000482745 
0.1241 0.0111785 2.0283e+06 0 0 1.52588e+06 1.00306 -158.634 0 0.99823 1.01208 502418 0.990816 158.634 0.000529314 
0.12775 0.0111753 2.02825e+06 0 0 1.52637e+06 1.00341 -174.975 0 0.996533 1.01186 501880 0.989779 174.975 0.000579063 
0.1314 0.0111718 2.0282e+06 0 0 1.5269e+06 1.00378 -192.567 0 0.994701 1.01163 501295 0.98865 192.567 0.00063213 
0.13505 0.0111681 2.02815e+06 0 0 1.52749e+06 1.00419 -211.477 0 0.992727 1.01138 500661 0.987424 211.477 0.00068866 
0.1387 0.011164 2.0281e+06 0 0 1.52813e+06 1.00464 -231.776 0 0.990601 1.0111 499974 0.986093 231.776 0.000748808 
0.14235 0.0111595 2.02805e+06 0 0 1.52882e+06 1.00512 -253.539 0 0.988316 1.01081 499230 0.98465 253.539 0.000812748 
0.146 0.0111547 2.028e+06 0 0 1.52957e+06 1.00564 -276.85 0 0.985861 1.01048 498426 0.98309 276.85 0.000880673 
0.14965 0.0111494 2.02795e+06 0 0 1.53039e+06 1.0062 -301.799 0 0.983225 1.01014 497559 0.981402 301.799 0.000952804 
0.1533 0.0111438 2.0279e+06 0 0 1.53128e+06 1.00681 -328.485 0 0.980397 1.00976 496623 0.97958 328.485 0.0010294 
0.15695 0.0111376 2.02785e+06 0 0 1.53224e+06 1.00746 -357.02 0 0.977363 1.00935 495614 0.977615 357.02 0.00111075 
0.1606 0.011131 2.0278e+06 0 0 1.53327e+06 1.00817 -387.529 0 0.974111 1.00891 494528 0.975496 387.529 0.00119723 
0.16425 0.0111239 2.02775e+06 0 0 1.53439e+06 1.00893 -420.152 0 0.970625 1.00843 493359 0.973215 420.152 0.00128926 
0.1679 0.0111163 2.0277e+06 0 0 1.5356e+06 1.00975 -455.049 0 0.966888 1.00792 492103 0.970761 455.049 0.00138735 
0.17155 0.011108 2.02765e+06 0 0 1.5369e+06 1.01063 -492.397 0 0.96288 1.00737 490753 0.968122 492.397 0.0014921 
0.1752 0.0110992 2.0276e+06 0 0 1.53829e+06 1.01157 -532.398 0 0.958584 1.00677 489305 0.965289 532.398 0.00160425 
0.17885 0.0110897 2.02755e+06 0 0 1.5398e+06 1.01258 -575.27 0 0.953977 1.00612 487753 0.962251 575.27 0.00172462 
0.1825 0.0110796 2.0275e+06 0 0 1.54141e+06 1.01367 -621.252 0 0.954331 1.00543 486093 0.959 621.252 0.00172346 
0.18615 0.011077 2.02745e+06 0 0 1.54197e+06 1.01407 -639.848 0 1.00002 1.00517 485475 0.957804 639.848 0.000426437 
0.1898 0.0110742 2.0274e+06 0 0 1.54259e+06 1.0145 -660 0 1.00083 1.00489 484808 0.956512 660 0.00040294 
0.19345 0.0110712 2.02735e+06 0 0 1.54323e+06 1.01494 -681.187 0 1.00037 1.0046 484115 0.955169 681.187 0.000419635 
0.1971 0.011068 2.0273e+06 0 0 1.5439e+06 1.01541 -703.573 0 0.999881 1.0043 483395 0.953771 703.573 0.000438179 
0.20075 0.0110647 2.02725e+06 0 0 1.54461e+06 1.0159 -727.377 0 0.999353 1.00398 482643 0.952312 727.377 0.000459136 
0.2044 0.0110612 2.0272e+06 0 0 1.54534e+06 1.01641 -752.9 0 0.998776 1.00365 481857 0.950783 752.9 0.000483296 
0.20805 0.0110575 2.02715e+06 0 0 1.54612e+06 1.01694 -780.554 0 0.998139 1.0033 481030 0.949174 780.554 0.000511762 
0.2117 0.0110535 2.0271e+06 0 0 1.54695e+06 1.01751 -810.905 0 0.997421 1.00293 480154 0.947471 810.905 0.00054606 
0.21535 0.0110492 2.02705e+06 0 0 1.54783e+06 1.01812 -844.739 0 0.996597 1.00253 479221 0.945653 844.739 0.000588294 
0.219 0.0110445 2.027e+06 0 0 1.54878e+06 1.01877 -883.134 0 0.995633 1.0021 478217 0.943694 883.134 0.00064134 
0.22265 0.0110392 2.02695e+06 0 0 1.54983e+06 1.01948 -927.57 0 0.994481 1.00163 477123 0.941558 927.57 0.000709101 
0.2263 0.0110333 2.0269e+06 0 0 1.55099e+06 1.02027 -980.072 0 0.993076 1.00111 475914 0.939196 980.072 0.000796845 
0.22995 0.0110264 2.02685e+06 0 0 1.55229e+06 1.02115 -1043.4 0 0.991333 1.00052 474558 0.936543 1043.4 0.000911632 
0.2336 0.0110184 2.0268e+06 0 0 1.55379e+06 1.02216 -1121.27 0 0.989137 0.999844 473008 0.933507 1121.27 0.00106287 
0.23725 0.0110088 2.02675e+06 0 0 1.55555e+06 1.02334 -1218.74 0 0.986333 0.999054 471203 0.929968 1218.74 0.001263 
0.2409 0.0109972 2.0267e+06 0 0 1.55764e+06 1.02475 -1342.56 0 0.982718 0.99811 469062 0.925764 1342.56 0.00152844 
0.24455 0.0109828 2.02665e+06 0 0 1.56018e+06 1.02644 -1501.77 0 0.978025 0.996961 466473 0.920679 1501.77 0.00188064 
0.2482 0.0109648 2.0266e+06 0 0 1.56331e+06 1.02853 -1708.42 0 0.9719 0.995533 463291 0.914421 1708.42 0.00234751 
0.25185 0.0109419 2.02655e+06 0 0 1.56723e+06 1.03113 -1978.52 0 0.963884 0.99373 459321 0.906606 1978.52 0.00296501 
0.2555 0.0109128 2.0265e+06 0 0 1.5722e+06 1.03443 -2333.18 0 0.953378 0.991416 454302 0.896723 2333.18 0.00377907 
0.25915 0.0108753 2.02645e+06 0 0 1.57856e+06 1.03863 -2800.23 0 0.939612 0.988401 447894 0.884096 2800.23 0.00484752 
0.2628 0.0108269 2.0264e+06 0 0 1.58676e+06 1.04406 -3415.93 0 0.921599 0.98442 439644 0.867833 3415.93 0.00624185 
0.26645 0.0107645 2.02635e+06 0 0 1.59739e+06 1.05108 -4227.06 0 0.89809 0.979087 428962 0.846767 4227.06 0.00804781 
0.2701 0.010684 2.0263e+06 0 0 1.61122e+06 1.06021 -5292.56 0 0.867533 0.971838 415076 0.819377 5292.56 0.0103634 
0.27375 0.0105807 2.02625e+06 0 0 1.62925e+06 1.0721 -6683.3 0 0.828042 0.961821 396996 0.783706 6683.3 0.0132909 
0.2774 0.0104491 2.0262e+06 0 0 1.65272e+06 1.08757 -8475.75 0 0.777416 0.947699 373479 0.7373 8475.75 0.0169153 
0.28105 0.0102836 2.02615e+06 0 0 1.68311e+06 1.10759 -10728.3 0 0.713269 0.927306 343042 0.67723 10728.3 0.0212568 
0.2847 0.0100798 2.0261e+06 0 0 1.72199e+06 1.1332 -13413.4 0 0.633397 0.896988 304113 0.600391 13413.4 0.0261685 
0.28835 0.00983705 2.02605e+06 0 0 1.77049e+06 1.16515 -16248 0 0.53663 0.850436 255558 0.504545 16248 0.0311337 
0.292 0.00956437 2.026e+06 0 0 1.82797e+06 1.20301 -18372.1 0 0.424591 0.777056 198027 0.390972 18372.1 0.0349298 
0.29565 0.00928764 2.02595e+06 0 0 1.88959e+06 1.24359 -18167.1 0 0.304572 0.66226 136359 0.269225 18167.1 0.0353782 
0.2993 0.00904975 2.0259e+06 0 0 1.94513e+06 1.28018 -14481.5 0 0.191749 0.499244 80767.5 0.15947 14481.5 0.0303232 
0.30295 0.00888612 2.02585e+06 0 0 1.98467e+06 1.30623 -8976.21 0 0.104284 0.315884 41178.6 0.0813063 8976.21 0.0207945 
0.3066 0.00879568 2.0258e+06 0 0 2.00699e+06 1.32095 -4548.5 0 0.0499924 0.167063 18812.8 0.0371465 4548.5 0.0114724 
0.31025 0.00875287 2.02575e+06 0 0 2.01767e+06 1.32801 -2048.09 0 0.0220793 0.0776408 8081.83 0.0159582 2048.09 0.00543562 
0.3139 0.0087343 2.0257e+06 0 0 2.02233e+06 1.33111 -871.104 0 0.00934481 0.0336065 3372.58 0.00665959 871.104 0.00237161 
0.31755 0.00872662 2.02565e+06 0 0 2.02426e+06 1.33242 -361.413 0 0.00387999 0.0140724 1390.1 0.002745 361.413 0.000995985 
0.3212 0.00872357 2.0256e+06 0 0 2.02503e+06 1.33296 -148.426 0 0.00159841 0.0058105 570.19 0.00112597 148.426 0.000411544 
0.32485 0.00872245 2.02555e+06 0 0 2.02532e+06 1.33318 -60.716 0 0.000656626 0.00238592 233.495 0.0004611 60.716 0.000168956 
0.3285 0.00872212 2.0255e+06 0 0 2.0254e+06 1.33327 -24.8042 0 0.000269556 0.000977857 95.5898 0.000188773 24.8042 6.92032e-05 
0.33215 0.00872211 2.02545e+06 0 0 2.02541e+06 1.33331 -10.1309 0 0.000110683 0.000400623 39.1447 7.73057e-05 10.1309 2.83288e-05 
0.3358 0.00872223 2.0254e+06 0 0 2.02538e+06 1.33332 -4.13883 0 4.54776e-05 0.000164182 16.0391 3.1676e-05 4.13883 1.15984e-05 
0.33945 0.00872241 2.02535e+06 0 0 2.02534e+06 1.33333 -1.69161 0 1.87024e-05 6.73249e-05 6.57654 1.29885e-05 1.69161 4.75101e-06 
0.3431 0.00872261 2.0253e+06 0 0 2.0253e+06 1.33333 -0.69178 0 7.69901e-06 2.76284e-05 2.69876 5.3301e-06 0.69178 1.94743e-06 
0.34675 0.00872282 2.02525e+06 0 0 2.02525e+06 1.33333 -0.283079 0 3.17286e-06 1.13478e-05 1.10845 2.18925e-06 0.283079 7.98859e-07 
0.3504 0.00872303 2.0252e+06 0 0 2.0252e+06 1.33333 -0.115917 0 1.30905e-06 4.66523e-06 0.455694 9.00048e-07 0.115917 3.27983e-07 
0.35405 0.00872324 2.02515e+06 0 0 2.02515e+06 1.33333 -0.0475015 0 5.40639e-07 1.91979e-06 0.187523 3.70388e-07 0.0475015 1.34785e-07 
0.3577 0.00872346 2.0251e+06 0 0 2.0251e+06 1.33333 -0.0194813 0 2.23429e-07 7.90742e-07 0.0772385 1.52562e-07 0.0194813 5.54466e-08 
0.36135 0.00872367 2.02505e+06 0 0 2.02505e+06 1.33333 -0.00799657 0 9.22998e-08 3.25921e-07 0.0318354 6.28833e-08 0.00799657 2.28343e-08 
0.365 0.00872389 2.025e+06 0 0 2.025e+06 1.33333 -0.00328545 0 3.80193e-08 1.34337e-07 0.0131219 2.59197e-08 0.00328545 9.41482e-09 


0 0.0112 2.03e+06 0 0 1.5225e+06 1 0 0 1.015 1.01407 507500 1 0 1.36321e-08 
0.00365 0.0112003 2.02995e+06 0 0 1.52246e+06 1 -0.0971365 0 1.01496 1.01407 507485 0.999996 0.0971365 4.65528e-07 
0.0073 0.0112005 2.0299e+06 0 0 1.52243e+06 1 -0.231561 0 1.01493 1.01406 507470 0.999989 0.231561 1.08035e-06 
0.01095 0.0112008 2.02985e+06 0 0 1.5224e+06 1.00001 -0.411431 0 1.01488 1.01406 507453 0.999981 0.411431 1.88935e-06 
0.0146 0.011201 2.0298e+06 0 0 1.52237e+06 1.00001 -0.645965 0 1.01483 1.01405 507435 0.99997 0.645965 2.92699e-06 
0.01825 0.0112012 2.02975e+06 0 0 1.52233e+06 1.00001 -0.9455 0 1.01478 1.01404 507415 0.999956 0.9455 4.23107e-06 
0.0219 0.0112014 2.0297e+06 0 0 1.52231e+06 1.00002 -1.32155 0 1.01471 1.01403 507394 0.999938 1.32155 5.84279e-06 
0.02555 0.0112016 2.02965e+06 0 0 1.52228e+06 1.00003 -1.78687 0 1.01464 1.01402 507370 0.999916 1.78687 7.80685e-06 
0.0292 0.0112018 2.0296e+06 0 0 1.52226e+06 1.00004 -2.3555 0 1.01456 1.01401 507344 0.999889 2.3555 1.01714e-05 
0.03285 0.011202 2.02955e+06 0 0 1.52224e+06 1.00005 -3.04281 0 1.01447 1.014 507314 0.999856 3.04281 1.29884e-05 
0.0365 0.0112021 2.0295e+06 0 0 1.52222e+06 1.00006 -3.86556 0 1.01436 1.01399 507282 0.999816 3.86556 1.6313e-05 
0.04015 0.0112022 2.02945e+06 0 0 1.52221e+06 1.00008 -4.84194 0 1.01424 1.01398 507245 0.999768 4.84194 2.02044e-05 
0.0438 0.0112023 2.0294e+06 0 0 1.5222e+06 1.0001 -5.99158 0 1.0141 1.01396 507203 0.999711 5.99158 2.47251e-05 
0.04745 0.0112023 2.02935e+06 0 0 1.52219e+06 1.00012 -7.33561 0 1.01394 1.01394 507157 0.999643 7.33561 2.99412e-05 
0.0511 0.0112023 2.0293e+06 0 0 1.5222e+06 1.00015 -8.8967 0 1.01376 1.01392 507104 0.999564 8.8967 3.59226e-05 
0.05475 0.0112023 2.02925e+06 0 0 1.52221e+06 1.00018 -10.699 0 1.01356 1.0139 507045 0.999472 10.699 4.27423e-05 
0.0584 0.0112022 2.0292e+06 0 0 1.52222e+06 1.00021 -12.7684 0 1.01333 1.01387 506978 0.999365 12.7684 5.0477e-05 
0.06205 0.0112021 2.02915e+06 0 0 1.52225e+06 1.00025 -15.132 0 1.01307 1.01384 506903 0.999242 15.132 5.92066e-05 
0.0657 0.0112018 2.0291e+06 0 0 1.52228e+06 1.0003 -17.8189 0 1.01278 1.01381 506819 0.999101 17.8189 6.90142e-05 
0.06935 0.0112016 2.02905e+06 0 0 1.52233e+06 1.00035 -20.8594 0 1.01245 1.01377 506724 0.998939 20.8594 7.9986e-05 
0.073 0.0112012 2.029e+06 0 0 1.52238e+06 1.00042 -24.2857 0 1.01209 1.01373 506618 0.998755 24.2857 9.22111e-05 
0.07665 0.0112008 2.02895e+06 0 0 1.52245e+06 1.00048 -28.1313 0 1.01168 1.01368 506500 0.998546 28.1313 0.000105782 
0.0803 0.0112003 2.0289e+06 0 0 1.52253e+06 1.00056 -32.4313 0 1.01123 1.01363 506368 0.99831 32.4313 0.000120792 
0.08395 0.0111996 2.02885e+06 0 0 1.52263e+06 1.00065 -37.2225 0 1.01073 1.01357 506221 0.998045 37.2225 0.000137339 
0.0876 0.0111989 2.0288e+06 0 0 1.52274e+06 1.00075 -42.543 0 1.01017 1.01351 506057 0.997747 42.543 0.000155523 
0.09125 0.011198 2.02875e+06 0 0 1.52287e+06 1.00086 -48.4326 0 1.00956 1.01344 505876 0.997414 48.4326 0.000175444 
0.0949 0.0111971 2.0287e+06 0 0 1.52303e+06 1.00099 -54.9323 0 1.00889 1.01336 505675 0.997042 54.9323 0.000197207 
0.09855 0.0111959 2.02865e+06 0 0 1.5232e+06 1.00112 -62.0849 0 1.00815 1.01327 505453 0.996629 62.0849 0.000220917 
0.1022 0.0111947 2.0286e+06 0 0 1.52339e+06 1.00128 -69.9344 0 1.00734 1.01318 505208 0.99617 69.9344 0.000246681 
0.10585 0.0111933 2.02855e+06 0 0 1.52361e+06 1.00145 -78.5265 0 1.00645 1.01307 504938 0.995663 78.5265 0.000274609 
0.1095 0.0111917 2.0285e+06 0 0 1.52386e+06 1.00163 -87.9081 0 1.00548 1.01295 504642 0.995103 87.9081 0.00030481 
0.11315 0.0111899 2.02845e+06 0 0 1.52413e+06 1.00184 -98.128 0 1.00442 1.01283 504317 0.994487 98.128 0.000337398 
0.1168 0.0111879 2.0284e+06 0 0 1.52444e+06 1.00206 -109.236 0 1.00327 1.01269 503961 0.99381 109.236 0.000372488 
0.12045 0.0111857 2.02835e+06 0 0 1.52478e+06 1.00231 -121.285 0 1.00202 1.01253 503572 0.993067 121.285 0.000410197 
0.1241 0.0111833 2.0283e+06 0 0 1.52515e+06 1.00258 -134.329 0 1.00067 1.01237 503148 0.992255 134.329 0.000450647 
0.12775 0.0111806 2.02825e+06 0 0 1.52556e+06 1.00288 -148.424 0 0.999206 1.01218 502685 0.991367 148.424 0.000493964 
0.1314 0.0111777 2.0282e+06 0 0 1.52602e+06 1.0032 -163.628 0 0.997622 1.01198 502182 0.9904 163.628 0.000540278 
0.13505 0.0111745 2.02815e+06 0 0 1.52651e+06 1.00355 -180.005 0 0.995912 1.01177 501636 0.989347 180.005 0.00058973 
0.1387 0.011171 2.0281e+06 0 0 1.52706e+06 1.00393 -197.619 0 0.994068 1.01153 501043 0.988202 197.619 0.00064247 
0.14235 0.0111672 2.02805e+06 0 0 1.52765e+06 1.00435 -216.541 0 0.992082 1.01127 500401 0.98696 216.541 0.000698662 
0.146 0.011163 2.028e+06 0 0 1.52829e+06 1.0048 -236.846 0 0.989945 1.011 499706 0.985614 236.846 0.000758487 
0.14965 0.0111585 2.02795e+06 0 0 1.52899e+06 1.00528 -258.617 0 0.987648 1.0107 498955 0.984156 258.617 0.000822149 
0.1533 0.0111536 2.0279e+06 0 0 1.52976e+06 1.00581 -281.943 0 0.98518 1.01037 498144 0.98258 281.943 0.000889884 
0.15695 0.0111483 2.02785e+06 0 0 1.53058e+06 1.00637 -306.925 0 0.98253 1.01002 497268 0.980878 306.925 0.000961963 
0.1606 0.0111426 2.0278e+06 0 0 1.53147e+06 1.00699 -333.672 0 0.979685 1.00964 496325 0.979042 333.672 0.0010387 
0.16425 0.0111365 2.02775e+06 0 0 1.53244e+06 1.00765 -362.306 0 0.976632 1.00923 495309 0.977062 362.306 0.00112047 
0.1679 0.0111298 2.0277e+06 0 0 1.53348e+06 1.00836 -392.965 0 0.973357 1.00878 494216 0.97493 392.965 0.00120772 
0.17155 0.0111227 2.02765e+06 0 0 1.53461e+06 1.00912 -425.801 0 0.969844 1.0083 493042 0.972637 425.801 0.00130095 
0.1752 0.011115 2.0276e+06 0 0 1.53582e+06 1.00994 -460.979 0 0.966076 1.00779 491781 0.970173 460.979 0.00140077 
0.17885 0.0111068 2.02755e+06 0 0 1.53712e+06 1.01082 -498.68 0 0.962037 1.00723 490430 0.967532 498.68 0.00150788 
0.1825 0.011098 2.0275e+06 0 0 1.53851e+06 1.01176 -539.093 0 0.96238 1.00664 488985 0.964706 539.093 0.00150491 
0.18615 0.0110958 2.02745e+06 0 0 1.539e+06 1.01211 -555.021 0 1.00199 1.00642 488453 0.96368 555.021 0.000365826 
0.1898 0.0110934 2.0274e+06 0 0 1.53952e+06 1.01248 -572.266 0 1.00269 1.00618 487879 0.962571 572.266 0.00034529 
0.19345 0.0110909 2.02735e+06 0 0 1.54007e+06 1.01286 -590.328 0 1.00231 1.00593 487284 0.961422 590.328 0.000358853 
0.1971 0.0110882 2.0273e+06 0 0 1.54063e+06 1.01326 -609.32 0 1.0019 1.00567 486667 0.960227 609.32 0.000373738 
0.20075 0.0110855 2.02725e+06 0 0 1.54122e+06 1.01367 -629.393 0 1.00147 1.0054 486025 0.958984 629.393 0.00039032 
0.2044 0.0110825 2.0272e+06 0 0 1.54184e+06 1.0141 -650.751 0 1.001 1.00512 485355 0.957685 650.751 0.000409126 
0.20805 0.0110795 2.02715e+06 0 0 1.5425e+06 1.01456 -673.673 0 1.00048 1.00483 484653 0.956325 673.673 0.000430888 
0.2117 0.0110762 2.0271e+06 0 0 1.54318e+06 1.01504 -698.539 0 0.999915 1.00452 483915 0.954892 698.539 0.000456618 
0.21535 0.0110726 2.02705e+06 0 0 1.54392e+06 1.01554 -725.873 0 0.999273 1.00419 483134 0.953374 725.873 0.000487714 
0.219 0.0110688 2.027e+06 0 0 1.5447e+06 1.01608 -756.392 0 0.998534 1.00384 482301 0.951753 756.392 0.000526084 
0.22265 0.0110646 2.02695e+06 0 0 1.54555e+06 1.01667 -791.081 0 0.997668 1.00346 481403 0.950004 791.081 0.000574325 
0.2263 0.0110599 2.0269e+06 0 0 1.54648e+06 1.0173 -831.284 0 0.996632 1.00304 480424 0.948096 831.284 0.000635946 
0.22995 0.0110546 2.02685e+06 0 0 1.54751e+06 1.01801 -878.828 0 0.995368 1.00258 479341 0.945983 878.828 0.000715657 
0.2336 0.0110485 2.0268e+06 0 0 1.54867e+06 1.0188 -936.192 0 0.993799 1.00206 478125 0.943606 936.192 0.000819754 
0.23725 0.0110413 2.02675e+06 0 0 1.55001e+06 1.0197 -1006.72 0 0.991824 1.00146 476735 0.940886 1006.72 0.000956597 
0.2409 0.0110327 2.0267e+06 0 0 1.55158e+06 1.02076 -1094.9 0 0.989307 1.00076 475116 0.937714 1094.9 0.00113724 
0.24455 0.0110222 2.02665e+06 0 0 1.55345e+06 1.02202 -1206.75 0 0.986067 0.999926 473196 0.933947 1206.75 0.00137622 
0.2482 0.0110093 2.0266e+06 0 0 1.55572e+06 1.02354 -1350.29 0 0.981869 0.998911 470876 0.929391 1350.29 0.00169255 
0.25185 0.0109931 2.02655e+06 0 0 1.55852e+06 1.0254 -1536.21 0 0.976401 0.997652 468028 0.923792 1536.21 0.00211096 
0.2555 0.0109727 2.0265e+06 0 0 1.56202e+06 1.02773 -1778.64 0 0.969258 0.996068 464478 0.916809 1778.64 0.00266338 
0.25915 0.0109465 2.02645e+06 0 0 1.56645e+06 1.03067 -2096.28 0 0.959912 0.99404 460000 0.907991 2096.28 0.0033907 
0.2628 0.0109129 2.0264e+06 0 0 1.57211e+06 1.03442 -2513.72 0 0.947683 0.991411 454291 0.896745 2513.72 0.00434469 
0.26645 0.0108696 2.02635e+06 0 0 1.57939e+06 1.03924 -3063.14 0 0.931697 0.987954 446955 0.882287 3063.14 0.00558984 
0.2701 0.0108138 2.0263e+06 0 0 1.58883e+06 1.04547 -3786.26 0 0.910844 0.983352 437472 0.863588 3786.26 0.00720467 
0.27375 0.0107417 2.02625e+06 0 0 1.60109e+06 1.05356 -4736.31 0 0.883731 0.977139 425161 0.839306 4736.31 0.00928122 
0.2774 0.0106491 2.0262e+06 0 0 1.61706e+06 1.0641 -5979.08 0 0.848648 0.968626 409142 0.807704 5979.08 0.0119205 
0.28105 0.0105308 2.02615e+06 0 0 1.63785e+06 1.07781 -7590.41 0 0.803558 0.956749 388298 0.766573 7590.41 0.0152188 
0.2847 0.0103811 2.0261e+06 0 0 1.66485e+06 1.0956 -9643.16 0 0.746157 0.939815 361253 0.713199 9643.16 0.0192357 
0.28835 0.0101948 2.02605e+06 0 0 1.69961e+06 1.1185 -12165.8 0 0.674106 0.915019 326441 0.644487 12165.8 0.0239225 
0.292 0.00996897 2.026e+06 0 0 1.7436e+06 1.14748 -15031.3 0 0.585593 0.877552 282403 0.557558 15031.3 0.028977 
0.29565 0.00970708 2.02595e+06 0 0 1.79728e+06 1.18284 -17707.2 0 0.480585 0.819122 228665 0.451472 17707.2 0.0335711 
0.2993 0.00942586 2.0259e+06 0 0 1.85823e+06 1.22298 -18908.3 0 0.363165 0.726633 167671 0.331055 18908.3 0.0359892 
0.30295 0.00916128 2.02585e+06 0 0 1.91866e+06 1.26279 -16925.1 0 0.244565 0.586534 107188 0.211641 16925.1 0.033776 
0.3066 0.00895738 2.0258e+06 0 0 1.96721e+06 1.29477 -11858.2 0 0.142791 0.406393 58594.5 0.115697 11858.2 0.0259476 
0.31025 0.00883266 2.02575e+06 0 0 1.99772e+06 1.31489 -6560.46 0 0.0723798 0.233716 28027.8 0.0553431 6560.46 0.0158288 
0.3139 0.00876965 2.0257e+06 0 0 2.01338e+06 1.32522 -3095.51 0 0.0330229 0.114661 12321.2 0.0243297 3095.51 0.00799143 
0.31755 0.00874138 2.02565e+06 0 0 2.02046e+06 1.32992 -1343.95 0 0.0141834 0.0509775 5189.35 0.0102473 1343.95 0.00359738 
0.3212 0.00872946 2.0256e+06 0 0 2.02346e+06 1.33192 -561.868 0 0.00591817 0.021577 2144.33 0.00423446 561.868 0.00153015 
0.32485 0.00872465 2.02555e+06 0 0 2.02467e+06 1.33275 -231.19 0 0.00243897 0.00893664 879.153 0.00173613 231.19 0.000634804 
0.3285 0.0087228 2.0255e+06 0 0 2.02514e+06 1.3331 -94.5214 0 0.00100025 0.00366849 359.379 0.000709709 94.5214 0.00026066 
0.33215 0.00872217 2.02545e+06 0 0 2.0253e+06 1.33324 -38.5533 0 0.000409543 0.00150083 146.774 0.00028986 38.5533 0.000106607 
0.3358 0.00872204 2.0254e+06 0 0 2.02534e+06 1.33329 -15.7139 0 0.000167638 0.000613366 59.9418 0.00011838 15.7139 4.35431e-05 
0.33945 0.00872211 2.02535e+06 0 0 2.02533e+06 1.33332 -6.40475 0 6.86415e-05 0.000250653 24.4882 4.83635e-05 6.40475 1.77811e-05 
0.3431 0.00872227 2.0253e+06 0 0 2.02529e+06 1.33333 -2.61121 0 2.81228e-05 0.000102465 10.0094 1.97688e-05 2.61121 7.26286e-06 
0.34675 0.00872246 2.02525e+06 0 0 2.02525e+06 1.33333 -1.06504 0 1.15306e-05 4.19095e-05 4.09379 8.0855e-06 1.06504 2.96797e-06 
0.3504 0.00872267 2.0252e+06 0 0 2.0252e+06 1.33333 -0.434614 0 4.73148e-06 1.71526e-05 1.67546 3.30923e-06 0.434614 1.21357e-06 
0.35405 0.00872288 2.02515e+06 0 0 2.02515e+06 1.33333 -0.17745 0 1.94316e-06 7.02514e-06 0.686209 1.35537e-06 0.17745 4.96538e-07 
0.3577 0.00872309 2.0251e+06 0 0 2.0251e+06 1.33333 -0.0724945 0 7.9866e-07 2.87939e-06 0.281255 5.55537e-07 0.0724945 2.03307e-07 
0.36135 0.00872331 2.02505e+06 0 0 2.02505e+06 1.33333 -0.029635 0 3.28437e-07 1.18101e-06 0.115359 2.27865e-07 0.029635 8.33082e-08 
0.365 0.00872352 2.025e+06 0 0 2.025e+06 1.33333 -0.0121226 0 1.35048e-07 4.84678e-07 0.0473426 9.35163e-08 0.0121226 3.41652e-08 


0 0.0112 2.03e+06 0 0 1.5225e+06 1 0 0 1.015 1.01407 507500 1 0 9.13786e-09 
0.00365 0.0112003 2.02995e+06 0 0 1.52246e+06 1 -0.0780691 0 1.01497 1.01407 507486 0.999996 0.0780691 3.69164e-07 
0.0073 0.0112005 2.0299e+06 0 0 1.52243e+06 1 -0.186223 0 1.01493 1.01406 507471 0.999991 0.186223 8.60372e-07 
0.01095 0.0112008 2.02985e+06 0 0 1.5224e+06 1.00001 -0.331147 0 1.01489 1.01406 507455 0.999985 0.331147 1.50855e-06 
0.0146 0.011201 2.0298e+06 0 0 1.52236e+06 1.00001 -0.520423 0 1.01485 1.01405 507438 0.999976 0.520423 2.34229e-06 
0.01825 0.0112013 2.02975e+06 0 0 1.52233e+06 1.00001 -0.762591 0 1.0148 1.01404 507419 0.999965 0.762591 3.3931e-06 
0.0219 0.0112015 2.0297e+06 0 0 1.5223e+06 1.00002 -1.0672 0 1.01474 1.01404 507400 0.99995 1.0672 4.69547e-06 
0.02555 0.0112017 2.02965e+06 0 0 1.52227e+06 1.00002 -1.44487 0 1.01468 1.01403 507378 0.999932 1.44487 6.287e-06 
0.0292 0.0112019 2.0296e+06 0 0 1.52225e+06 1.00003 -1.90732 0 1.01461 1.01402 507354 0.99991 1.90732 8.20842e-06 
0.03285 0.0112021 2.02955e+06 0 0 1.52222e+06 1.00004 -2.46747 0 1.01453 1.01401 507328 0.999883 2.46747 1.05037e-05 
0.0365 0.0112022 2.0295e+06 0 0 1.5222e+06 1.00005 -3.13942 0 1.01443 1.014 507299 0.99985 3.13942 1.32201e-05 
0.04015 0.0112024 2.02945e+06 0 0 1.52218e+06 1.00006 -3.93854 0 1.01433 1.01398 507266 0.999811 3.93854 1.64081e-05 
0.0438 0.0112025 2.0294e+06 0 0 1.52217e+06 1.00008 -4.88151 0 1.01421 1.01397 507230 0.999764 4.88151 2.01215e-05 
0.04745 0.0112026 2.02935e+06 0 0 1.52216e+06 1.0001 -5.98631 0 1.01407 1.01395 507190 0.999709 5.98631 2.44175e-05 
0.0511 0.0112026 2.0293e+06 0 0 1.52216e+06 1.00012 -7.27232 0 1.01392 1.01394 507144 0.999644 7.27232 2.93566e-05 
0.05475 0.0112026 2.02925e+06 0 0 1.52216e+06 1.00014 -8.76029 0 1.01375 1.01392 507093 0.999568 8.76029 3.50026e-05 
0.0584 0.0112026 2.0292e+06 0 0 1.52216e+06 1.00017 -10.4724 0 1.01355 1.01389 507036 0.999479 10.4724 4.14226e-05 
0.06205 0.0112025 2.02915e+06 0 0 1.52218e+06 1.00021 -12.4323 0 1.01334 1.01387 506972 0.999377 12.4323 4.86866e-05 
0.0657 0.0112024 2.0291e+06 0 0 1.5222e+06 1.00025 -14.665 0 1.01309 1.01384 506900 0.99926 14.665 5.68682e-05 
0.06935 0.0112022 2.02905e+06 0 0 1.52223e+06 1.00029 -17.197 0 1.01281 1.01381 506819 0.999126 17.197 6.60439e-05 
0.073 0.011202 2.029e+06 0 0 1.52227e+06 1.00034 -20.0564 0 1.01251 1.01377 506729 0.998972 20.0564 7.62929e-05 
0.07665 0.0112016 2.02895e+06 0 0 1.52232e+06 1.0004 -23.2727 0 1.01216 1.01373 506628 0.998798 23.2727 8.76978e-05 
0.0803 0.0112013 2.0289e+06 0 0 1.52238e+06 1.00047 -26.8767 0 1.01178 1.01369 506515 0.998601 26.8767 0.000100343 
0.08395 0.0112008 2.02885e+06 0 0 1.52246e+06 1.00054 -30.901 0 1.01135 1.01364 506390 0.998379 30.901 0.000114318 
0.0876 0.0112002 2.0288e+06 0 0 1.52255e+06 1.00062 -35.3793 0 1.01088 1.01359 506251 0.998129 35.3793 0.000129711 
0.09125 0.0111995 2.02875e+06 0 0 1.52265e+06 1.00072 -40.3471 0 1.01036 1.01353 506097 0.997849 40.3471 0.000146616 
0.0949 0.0111987 2.0287e+06 0 0 1.52277e+06 1.00082 -45.8411 0 1.00979 1.01346 505926 0.997537 45.8411 0.000165127 
0.09855 0.0111978 2.02865e+06 0 0 1.52291e+06 1.00094 -51.8997 0 1.00916 1.01338 505736 0.997188 51.8997 0.000185342 
0.1022 0.0111968 2.0286e+06 0 0 1.52307e+06 1.00107 -58.5625 0 1.00847 1.0133 505528 0.996801 58.5625 0.000207361 
0.10585 0.0111957 2.02855e+06 0 0 1.52325e+06 1.00121 -65.8707 0 1.00771 1.01321 505297 0.996372 65.8707 0.000231284 
0.1095 0.0111943 2.0285e+06 0 0 1.52346e+06 1.00137 -73.867 0 1.00688 1.01311 505044 0.995897 73.867 0.000257216 
0.11315 0.0111929 2.02845e+06 0 0 1.52368e+06 1.00154 -82.5958 0 1.00597 1.013 504767 0.995374 82.5958 0.000285262 
0.1168 0.0111912 2.0284e+06 0 0 1.52394e+06 1.00173 -92.1029 0 1.00499 1.01288 504462 0.994798 92.1029 0.000315532 
0.12045 0.0111894 2.02835e+06 0 0 1.52422e+06 1.00194 -102.436 0 1.00391 1.01275 504129 0.994166 102.436 0.000348137 
0.1241 0.0111873 2.0283e+06 0 0 1.52453e+06 1.00218 -113.645 0 1.00275 1.01261 503765 0.993473 113.645 0.000383193 
0.12775 0.0111851 2.02825e+06 0 0 1.52488e+06 1.00243 -125.781 0 1.00148 1.01245 503368 0.992714 125.781 0.000420819 
0.1314 0.0111826 2.0282e+06 0 0 1.52526e+06 1.0027 -138.899 0 1.00012 1.01228 502936 0.991886 138.899 0.000461141 
0.13505 0.0111799 2.02815e+06 0 0 1.52568e+06 1.00301 -153.055 0 0.998637 1.0121 502465 0.990983 153.055 0.000504291 
0.1387 0.0111769 2.0281e+06 0 0 1.52615e+06 1.00333 -168.311 0 0.99704 1.01189 501955 0.99 168.311 0.000550411 
0.14235 0.0111737 2.02805e+06 0 0 1.52665e+06 1.00369 -184.73 0 0.995317 1.01167 501401 0.988932 184.73 0.000599656 
0.146 0.0111702 2.028e+06 0 0 1.5272e+06 1.00408 -202.381 0 0.993461 1.01143 500800 0.987772 202.381 0.000652195 
0.14965 0.0111663 2.02795e+06 0 0 1.5278e+06 1.0045 -221.338 0 0.991462 1.01117 500151 0.986515 221.338 0.000708216 
0.1533 0.0111621 2.0279e+06 0 0 1.52845e+06 1.00495 -241.683 0 0.989312 1.01089 499448 0.985154 241.683 0.000767933 
0.15695 0.0111576 2.02785e+06 0 0 1.52916e+06 1.00544 -263.505 0 0.987 1.01059 498690 0.983682 263.505 0.000831588 
0.1606 0.0111526 2.0278e+06 0 0 1.52993e+06 1.00597 -286.9 0 0.984516 1.01026 497871 0.982092 286.9 0.000899464 
0.16425 0.0111473 2.02775e+06 0 0 1.53076e+06 1.00654 -311.975 0 0.981848 1.00991 496989 0.980376 311.975 0.000971884 
0.1679 0.0111416 2.0277e+06 0 0 1.53166e+06 1.00716 -338.849 0 0.978983 1.00952 496040 0.978527 338.849 0.00104923 
0.17155 0.0111354 2.02765e+06 0 0 1.53263e+06 1.00782 -367.649 0 0.975909 1.00911 495019 0.976537 367.649 0.00113193 
0.1752 0.0111288 2.0276e+06 0 0 1.53368e+06 1.00853 -398.514 0 0.972611 1.00866 493923 0.974399 398.514 0.00122049 
0.17885 0.0111216 2.02755e+06 0 0 1.5348e+06 1.0093 -431.592 0 0.969076 1.00818 492748 0.972106 431.592 0.00131549 
0.1825 0.011114 2.0275e+06 0 0 1.53601e+06 1.01012 -467.032 0 0.969401 1.00767 491493 0.969653 467.032 0.00131134 
0.18615 0.0111122 2.02745e+06 0 0 1.53642e+06 1.01041 -480.691 0 1.00369 1.00748 491035 0.968773 480.691 0.000313915 
0.1898 0.0111102 2.0274e+06 0 0 1.53686e+06 1.01073 -495.469 0 1.00429 1.00728 490540 0.967822 495.469 0.000296029 
0.19345 0.011108 2.02735e+06 0 0 1.53732e+06 1.01105 -510.897 0 1.00397 1.00707 490029 0.966837 510.897 0.000307135 
0.1971 0.0111058 2.0273e+06 0 0 1.5378e+06 1.01139 -527.055 0 1.00363 1.00685 489499 0.965815 527.055 0.000319196 
0.20075 0.0111035 2.02725e+06 0 0 1.5383e+06 1.01175 -544.049 0 1.00327 1.00662 488949 0.964754 544.049 0.000332463 
0.2044 0.0111011 2.0272e+06 0 0 1.53882e+06 1.01212 -562.017 0 1.00288 1.00638 488377 0.963649 562.017 0.000347285 
0.20805 0.0110985 2.02715e+06 0 0 1.53937e+06 1.0125 -581.148 0 1.00246 1.00614 487780 0.962495 581.148 0.00036415 
0.2117 0.0110958 2.0271e+06 0 0 1.53994e+06 1.01291 -601.699 0 1.00201 1.00588 487155 0.961285 601.699 0.000383729 
0.21535 0.0110929 2.02705e+06 0 0 1.54055e+06 1.01333 -624.019 0 1.0015 1.0056 486497 0.960011 624.019 0.000406948 
0.219 0.0110897 2.027e+06 0 0 1.5412e+06 1.01378 -648.587 0 1.00092 1.00531 485801 0.958659 648.587 0.000435073 
0.22265 0.0110864 2.02695e+06 0 0 1.54189e+06 1.01426 -676.057 0 1.00026 1.005 485057 0.957215 676.057 0.000469827 
0.2263 0.0110826 2.0269e+06 0 0 1.54264e+06 1.01478 -707.321 0 0.999486 1.00466 484255 0.955656 707.321 0.000513541 
0.22995 0.0110784 2.02685e+06 0 0 1.54347e+06 1.01535 -743.593 0 0.998555 1.00429 483380 0.953953 743.593 0.000569351 
0.2336 0.0110737 2.0268e+06 0 0 1.54439e+06 1.01598 -786.514 0 0.997421 1.00388 482412 0.952066 786.514 0.000641453 
0.23725 0.0110683 2.02675e+06 0 0 1.54543e+06 1.01669 -838.301 0 0.996014 1.00342 481324 0.949942 838.301 0.000735436 
0.2409 0.0110618 2.0267e+06 0 0 1.54662e+06 1.0175 -901.934 0 0.994244 1.00289 480079 0.94751 901.934 0.000858708 
0.24455 0.0110541 2.02665e+06 0 0 1.54802e+06 1.01844 -981.407 0 0.991992 1.00228 478630 0.944673 981.407 0.00102105 
0.2482 0.0110448 2.0266e+06 0 0 1.54969e+06 1.01956 -1082.05 0 0.989098 1.00154 476912 0.941305 1082.05 0.0012353 
0.25185 0.0110332 2.02655e+06 0 0 1.55171e+06 1.02092 -1210.96 0 0.985355 1.00064 474839 0.937236 1210.96 0.00151825 
0.2555 0.0110188 2.0265e+06 0 0 1.5542e+06 1.02259 -1377.56 0 0.980489 0.999533 472296 0.932239 1377.56 0.00189176 
0.25915 0.0110005 2.02645e+06 0 0 1.55732e+06 1.02466 -1594.32 0 0.974144 0.998142 469132 0.926017 1594.32 0.00238409 
0.2628 0.0109771 2.0264e+06 0 0 1.56125e+06 1.02728 -1877.71 0 0.965856 0.996367 465147 0.918173 1877.71 0.0030315 
0.26645 0.0109471 2.02635e+06 0 0 1.56627e+06 1.0306 -2249.4 0 0.955025 0.994075 460076 0.908186 2249.4 0.0038801 
0.2701 0.0109086 2.0263e+06 0 0 1.57273e+06 1.03488 -2737.78 0 0.940879 0.991076 453572 0.895369 2737.78 0.00498776 
0.27375 0.0108588 2.02625e+06 0 0 1.58107e+06 1.04039 -3379.82 0 0.922436 0.987103 445177 0.878819 3379.82 0.00642571 
0.2774 0.0107945 2.0262e+06 0 0 1.59191e+06 1.04755 -4223.11 0 0.898455 0.981775 434294 0.857358 4223.11 0.00827911 
0.28105 0.0107118 2.02615e+06 0 0 1.606e+06 1.05685 -5327.52 0 0.867396 0.974529 420148 0.829451 5327.52 0.0106449 
0.2847 0.0106059 2.0261e+06 0 0 1.62436e+06 1.06896 -6765.08 0 0.827394 0.964517 401741 0.793132 6765.08 0.0136236 
0.28835 0.0104714 2.02605e+06 0 0 1.64822e+06 1.08469 -8613.56 0 0.77628 0.950409 377825 0.745935 8613.56 0.0172979 
0.292 0.0103026 2.026e+06 0 0 1.67909e+06 1.10503 -10932.6 0 0.711706 0.930044 346910 0.684915 10932.6 0.0216846 
0.29565 0.0100951 2.02595e+06 0 0 1.71853e+06 1.13101 -13694.4 0 0.631512 0.899773 307416 0.606957 13694.4 0.0266328 
0.2993 0.00984854 2.0259e+06 0 0 1.7677e+06 1.1634 -16611 0 0.534573 0.853278 258204 0.509806 16611 0.0316204 
0.30295 0.00957205 2.02585e+06 0 0 1.82592e+06 1.20175 -18802.4 0 0.422533 0.779902 199930 0.394759 18802.4 0.035416 
0.3066 0.00929182 2.0258e+06 0 0 1.88831e+06 1.24284 -18602.6 0 0.302681 0.664859 137493 0.271483 18602.6 0.0358218 
0.31025 0.00905129 2.02575e+06 0 0 1.9445e+06 1.27985 -14817.7 0 0.190159 0.501055 81254 0.160442 14817.7 0.0306566 
0.3139 0.00888623 2.0257e+06 0 0 1.98441e+06 1.30616 -9161.69 0 0.103095 0.316516 41288.7 0.0815297 9161.69 0.0209707 
0.31755 0.00879533 2.02565e+06 0 0 2.00686e+06 1.32097 -4625.71 0 0.0492225 0.166876 18788.6 0.0371013 4625.71 0.0115273 
0.3212 0.00875249 2.0256e+06 0 0 2.01756e+06 1.32804 -2074.75 0 0.0216412 0.0772453 8037.98 0.0158728 2074.75 0.00543858 
0.32485 0.00873398 2.02555e+06 0 0 2.02221e+06 1.33113 -879.059 0 0.00911654 0.033293 3340.27 0.00659627 879.059 0.00236272 
0.3285 0.00872636 2.0255e+06 0 0 2.02413e+06 1.33243 -363.344 0 0.00376711 0.0138809 1370.97 0.00270741 363.344 0.000988052 
0.33215 0.00872335 2.02545e+06 0 0 2.02489e+06 1.33296 -148.66 0 0.0015443 0.00570629 559.917 0.00110576 148.66 0.000406547 
0.3358 0.00872225 2.0254e+06 0 0 2.02517e+06 1.33318 -60.5813 0 0.00063117 0.00233263 228.27 0.000450815 60.5813 0.000166193 
0.33945 0.00872193 2.02535e+06 0 0 2.02526e+06 1.33327 -24.6531 0 0.000257731 0.000951591 93.0202 0.000183712 24.6531 6.77739e-05 
0.3431 0.00872192 2.0253e+06 0 0 2.02526e+06 1.33331 -10.029 0 0.000105238 0.000387987 37.9096 7.48721e-05 10.029 2.76184e-05 
0.34675 0.00872205 2.02525e+06 0 0 2.02523e+06 1.33332 -4.08023 0 4.29865e-05 0.000158204 15.4551 3.05248e-05 4.08023 1.12545e-05 
0.3504 0.00872223 2.0252e+06 0 0 2.02519e+06 1.33333 -1.66051 0 1.75679e-05 6.45315e-05 6.30366 1.24505e-05 1.66051 4.58755e-06 
0.35405 0.00872243 2.02515e+06 0 0 2.02515e+06 1.33333 -0.676028 0 7.18408e-06 2.6335e-05 2.57242 5.08094e-06 0.676028 1.87078e-06 
0.3577 0.00872264 2.0251e+06 0 0 2.0251e+06 1.33333 -0.275345 0 2.9397e-06 1.07531e-05 1.05035 2.07466e-06 0.275345 7.63278e-07 
0.36135 0.00872285 2.02505e+06 0 0 2.02505e+06 1.33333 -0.1122 0 1.20366e-06 4.39319e-06 0.429121 8.47626e-07 0.1122 3.11592e-07 
0.365 0.00872307 2.025e+06 0 0 2.025e+06 1.33333 -0.0457433 0 4.93069e-07 1.79586e-06 0.175417 3.46503e-07 0.0457433 1.27277e-07 


0 0.0112 2.03e+06 0 0 1.5225e+06 1 0 0 1.015 1.01407 507500 1 0 6.12529e-09 
0.00365 0.0112003 2.02995e+06 0 0 1.52246e+06 1 -0.0628103 0 1.01497 1.01407 507486 0.999997 0.0628103 2.93383e-07 
0.0073 0.0112005 2.0299e+06 0 0 1.52243e+06 1 -0.14991 0 1.01493 1.01406 507471 0.999993 0.14991 6.86306e-07 
0.01095 0.0112008 2.02985e+06 0 0 1.52239e+06 1 -0.266774 0 1.0149 1.01406 507456 0.999988 0.266774 1.20615e-06 
0.0146 0.011201 2.0298e+06 0 0 1.52236e+06 1.00001 -0.419637 0 1.01486 1.01405 507440 0.99998 0.419637 1.87659e-06 
0.01825 0.0112013 2.02975e+06 0 0 1.52233e+06 1.00001 -0.615545 0 1.01481 1.01404 507423 0.999971 0.615545 2.72383e-06 
0.0219 0.0112015 2.0297e+06 0 0 1.5223e+06 1.00001 -0.86241 0 1.01476 1.01404 507404 0.99996 0.86241 3.77671e-06 
0.02555 0.0112017 2.02965e+06 0 0 1.52227e+06 1.00002 -1.16906 0 1.01471 1.01403 507385 0.999945 1.16906 5.06678e-06 
0.0292 0.0112019 2.0296e+06 0 0 1.52224e+06 1.00002 -1.54529 0 1.01464 1.01402 507363 0.999927 1.54529 6.62837e-06 
0.03285 0.0112021 2.02955e+06 0 0 1.52221e+06 1.00003 -2.0019 0 1.01457 1.01401 507339 0.999905 2.0019 8.49872e-06 
0.0365 0.0112023 2.0295e+06 0 0 1.52219e+06 1.00004 -2.55075 0 1.01449 1.014 507313 0.999878 2.55075 1.0718e-05 
0.04015 0.0112025 2.02945e+06 0 0 1.52217e+06 1.00005 -3.20483 0 1.0144 1.01399 507284 0.999846 3.20483 1.33293e-05 
0.0438 0.0112026 2.0294e+06 0 0 1.52215e+06 1.00006 -3.97823 0 1.0143 1.01398 507252 0.999807 3.97823 1.63787e-05 
0.04745 0.0112028 2.02935e+06 0 0 1.52213e+06 1.00008 -4.88627 0 1.01418 1.01396 507217 0.999762 4.88627 1.99156e-05 
0.0511 0.0112028 2.0293e+06 0 0 1.52212e+06 1.0001 -5.94545 0 1.01405 1.01395 507177 0.999708 5.94545 2.39922e-05 
0.05475 0.0112029 2.02925e+06 0 0 1.52212e+06 1.00012 -7.17354 0 1.01391 1.01393 507133 0.999646 7.17354 2.86639e-05 
0.0584 0.0112029 2.0292e+06 0 0 1.52212e+06 1.00014 -8.58959 0 1.01374 1.01391 507083 0.999573 8.58959 3.3989e-05 
0.06205 0.0112029 2.02915e+06 0 0 1.52212e+06 1.00017 -10.214 0 1.01356 1.01389 507028 0.999488 10.214 4.00292e-05 
0.0657 0.0112029 2.0291e+06 0 0 1.52213e+06 1.0002 -12.0683 0 1.01335 1.01387 506966 0.999391 12.0683 4.68488e-05 
0.06935 0.0112027 2.02905e+06 0 0 1.52215e+06 1.00024 -14.1757 0 1.01311 1.01384 506897 0.999279 14.1757 5.45154e-05 
0.073 0.0112026 2.029e+06 0 0 1.52218e+06 1.00028 -16.5606 0 1.01285 1.01381 506820 0.999152 16.5606 6.30995e-05 
0.07665 0.0112024 2.02895e+06 0 0 1.52222e+06 1.00033 -19.2486 0 1.01256 1.01378 506734 0.999007 19.2486 7.26743e-05 
0.0803 0.0112021 2.0289e+06 0 0 1.52226e+06 1.00039 -22.2669 0 1.01224 1.01374 506638 0.998842 22.2669 8.33158e-05 
0.08395 0.0112017 2.02885e+06 0 0 1.52232e+06 1.00045 -25.6442 0 1.01188 1.0137 506531 0.998656 25.6442 9.5103e-05 
0.0876 0.0112013 2.0288e+06 0 0 1.52239e+06 1.00052 -29.4103 0 1.01148 1.01365 506412 0.998447 29.4103 0.000108117 
0.09125 0.0112008 2.02875e+06 0 0 1.52247e+06 1.0006 -33.5966 0 1.01103 1.0136 506281 0.998212 33.5966 0.000122442 
0.0949 0.0112002 2.0287e+06 0 0 1.52257e+06 1.00068 -38.2358 0 1.01055 1.01354 506135 0.997949 38.2358 0.000138165 
0.09855 0.0111994 2.02865e+06 0 0 1.52268e+06 1.00078 -43.3621 0 1.01001 1.01348 505973 0.997656 43.3621 0.000155375 
0.1022 0.0111986 2.0286e+06 0 0 1.5228e+06 1.00089 -49.0111 0 1.00942 1.01341 505795 0.997329 49.0111 0.000174162 
0.10585 0.0111977 2.02855e+06 0 0 1.52295e+06 1.00101 -55.2198 0 1.00877 1.01333 505599 0.996966 55.2198 0.000194621 
0.1095 0.0111966 2.0285e+06 0 0 1.52312e+06 1.00115 -62.0268 0 1.00806 1.01325 505383 0.996565 62.0268 0.000216848 
0.11315 0.0111954 2.02845e+06 0 0 1.5233e+06 1.00129 -69.4722 0 1.00728 1.01315 505145 0.996121 69.4722 0.000240942 
0.1168 0.011194 2.0284e+06 0 0 1.52352e+06 1.00146 -77.5975 0 1.00644 1.01305 504885 0.995631 77.5975 0.000267004 
0.12045 0.0111925 2.02835e+06 0 0 1.52375e+06 1.00164 -86.4463 0 1.00552 1.01294 504599 0.995093 86.4463 0.000295139 
0.1241 0.0111908 2.0283e+06 0 0 1.52401e+06 1.00183 -96.0638 0 1.00451 1.01282 504287 0.994502 96.0638 0.000325456 
0.12775 0.0111889 2.02825e+06 0 0 1.5243e+06 1.00205 -106.497 0 1.00342 1.01268 503947 0.993855 106.497 0.000358068 
0.1314 0.0111868 2.0282e+06 0 0 1.52462e+06 1.00228 -117.796 0 1.00224 1.01253 503575 0.993147 117.796 0.000393092 
0.13505 0.0111846 2.02815e+06 0 0 1.52498e+06 1.00254 -130.012 0 1.00097 1.01237 503170 0.992373 130.012 0.000430654 
0.1387 0.011182 2.0281e+06 0 0 1.52537e+06 1.00282 -143.202 0 0.999584 1.0122 502731 0.99153 143.202 0.000470887 
0.14235 0.0111793 2.02805e+06 0 0 1.5258e+06 1.00313 -157.422 0 0.998092 1.01201 502253 0.990613 157.422 0.000513934 
0.146 0.0111763 2.028e+06 0 0 1.52627e+06 1.00346 -172.736 0 0.996481 1.01181 501735 0.989615 172.736 0.000559952 
0.14965 0.011173 2.02795e+06 0 0 1.52678e+06 1.00382 -189.212 0 0.994744 1.01158 501173 0.988532 189.212 0.000609114 
0.1533 0.0111694 2.0279e+06 0 0 1.52733e+06 1.00421 -206.921 0 0.992874 1.01134 500566 0.987358 206.921 0.000661613 
0.15695 0.0111655 2.02785e+06 0 0 1.52794e+06 1.00464 -225.943 0 0.990861 1.01108 499909 0.986087 225.943 0.000717668 
0.1606 0.0111613 2.0278e+06 0 0 1.5286e+06 1.0051 -246.362 0 0.988695 1.01079 499200 0.984713 246.362 0.000777526 
0.16425 0.0111567 2.02775e+06 0 0 1.52931e+06 1.00559 -268.274 0 0.986367 1.01049 498435 0.983228 268.274 0.000841471 
0.1679 0.0111517 2.0277e+06 0 0 1.53009e+06 1.00612 -291.778 0 0.983866 1.01016 497611 0.981627 291.778 0.000909828 
0.17155 0.0111464 2.02765e+06 0 0 1.53092e+06 1.0067 -316.984 0 0.981181 1.0098 496725 0.979903 316.984 0.000982967 
0.1752 0.0111407 2.0276e+06 0 0 1.53183e+06 1.00732 -344.008 0 0.978299 1.00941 495773 0.97805 344.008 0.00106131 
0.17885 0.0111345 2.02755e+06 0 0 1.5328e+06 1.00798 -372.968 0 0.975211 1.009 494754 0.976062 372.968 0.00114533 
0.1825 0.0111279 2.0275e+06 0 0 1.53384e+06 1.00869 -403.984 0 0.975513 1.00856 493664 0.973936 403.984 0.00114047 
0.18615 0.0111264 2.02745e+06 0 0 1.53418e+06 1.00894 -415.707 0 1.00514 1.0084 493269 0.973181 415.707 0.000269412 
0.1898 0.0111247 2.0274e+06 0 0 1.53456e+06 1.00921 -428.383 0 1.00566 1.00822 492843 0.972365 428.383 0.000253871 
0.19345 0.0111229 2.02735e+06 0 0 1.53495e+06 1.00949 -441.583 0 1.00539 1.00804 492403 0.97152 441.583 0.000263031 
0.1971 0.0111211 2.0273e+06 0 0 1.53535e+06 1.00978 -455.363 0 1.0051 1.00786 491948 0.970646 455.363 0.000272888 
0.20075 0.0111191 2.02725e+06 0 0 1.53577e+06 1.01009 -469.796 0 1.0048 1.00766 491476 0.969739 469.796 0.000283611 
0.2044 0.0111171 2.0272e+06 0 0 1.53621e+06 1.0104 -484.978 0 1.00448 1.00746 490986 0.968797 484.978 0.000295432 
0.20805 0.011115 2.02715e+06 0 0 1.53667e+06 1.01073 -501.037 0 1.00414 1.00725 490477 0.967816 501.037 0.000308676 
0.2117 0.0111127 2.0271e+06 0 0 1.53715e+06 1.01107 -518.148 0 1.00377 1.00703 489945 0.966791 518.148 0.000323788 
0.21535 0.0111103 2.02705e+06 0 0 1.53766e+06 1.01143 -536.544 0 1.00336 1.0068 489389 0.965716 536.544 0.000341381 
0.219 0.0111078 2.027e+06 0 0 1.5382e+06 1.01181 -556.545 0 1.00291 1.00656 488803 0.964584 556.545 0.000362294 
0.22265 0.011105 2.02695e+06 0 0 1.53877e+06 1.01221 -578.588 0 1.00239 1.0063 488182 0.963382 578.588 0.00038767 
0.2263 0.011102 2.0269e+06 0 0 1.53938e+06 1.01263 -603.264 0 1.0018 1.00603 487519 0.962097 603.264 0.000419054 
0.22995 0.0110987 2.02685e+06 0 0 1.54005e+06 1.0131 -631.377 0 1.00111 1.00573 486803 0.960709 631.377 0.000458528 
0.2336 0.011095 2.0268e+06 0 0 1.54078e+06 1.0136 -664.017 0 1.00027 1.0054 486022 0.959191 664.017 0.000508883 
0.23725 0.0110908 2.02675e+06 0 0 1.54159e+06 1.01416 -702.652 0 0.999259 1.00504 485157 0.957508 702.652 0.000573841 
0.2409 0.0110859 2.0267e+06 0 0 1.54251e+06 1.0148 -749.257 0 0.998 1.00463 484185 0.955613 749.257 0.000658349 
0.24455 0.0110802 2.02665e+06 0 0 1.54358e+06 1.01552 -806.478 0 0.996419 1.00416 483073 0.953443 806.478 0.00076895 
0.2482 0.0110734 2.0266e+06 0 0 1.54482e+06 1.01636 -877.853 0 0.994409 1.00362 481779 0.950912 877.853 0.000914266 
0.25185 0.011065 2.02655e+06 0 0 1.5463e+06 1.01736 -968.09 0 0.991832 1.00297 480246 0.947908 968.09 0.00110562 
0.2555 0.0110547 2.0265e+06 0 0 1.5481e+06 1.01857 -1083.45 0 0.988505 1.00218 478397 0.944281 1083.45 0.0013578 
0.25915 0.0110418 2.02645e+06 0 0 1.55032e+06 1.02006 -1232.22 0 0.984187 1.0012 476132 0.939835 1232.22 0.00169006 
0.2628 0.0110255 2.0264e+06 0 0 1.55308e+06 1.0219 -1425.36 0 0.978567 0.99998 473319 0.934305 1425.36 0.00212734 
0.26645 0.0110047 2.02635e+06 0 0 1.55657e+06 1.02422 -1677.34 0 0.971237 0.998428 469781 0.927345 1677.34 0.00270169 
0.2701 0.0109781 2.0263e+06 0 0 1.56101e+06 1.02717 -2007.18 0 0.961669 0.996431 465289 0.918499 2007.18 0.00345404 
0.27375 0.0109438 2.02625e+06 0 0 1.56671e+06 1.03094 -2439.85 0 0.949186 0.993829 459536 0.907166 2439.85 0.004436 
0.2774 0.0108996 2.0262e+06 0 0 1.57408e+06 1.03581 -3007.93 0 0.932919 0.990399 452124 0.892556 3007.93 0.00571174 
0.28105 0.0108425 2.02615e+06 0 0 1.58362e+06 1.04212 -3753.58 0 0.911767 0.985825 442529 0.873636 3753.58 0.00735915 
0.2847 0.010769 2.0261e+06 0 0 1.59603e+06 1.05031 -4730.6 0 0.884353 0.97965 430070 0.849061 4730.6 0.0094693 
0.28835 0.0106746 2.02605e+06 0 0 1.61218e+06 1.06097 -6005.46 0 0.848989 0.97119 413867 0.817092 6005.46 0.0121419 
0.292 0.0105543 2.026e+06 0 0 1.6332e+06 1.07483 -7654.98 0 0.803664 0.959395 392800 0.775518 7654.98 0.0154718 
0.29565 0.0104024 2.02595e+06 0 0 1.66046e+06 1.09279 -9753.51 0 0.74611 0.942595 365494 0.721624 9753.51 0.0195171 
0.2993 0.0102137 2.0259e+06 0 0 1.69552e+06 1.1159 -12331.8 0 0.674021 0.918014 330378 0.652308 12331.8 0.0242291 
0.30295 0.00998533 2.02585e+06 0 0 1.73987e+06 1.14511 -15266 0 0.585608 0.880895 285979 0.56466 15266 0.0293082 
0.3066 0.00972059 2.0258e+06 0 0 1.79401e+06 1.18078 -18024.8 0 0.48082 0.823003 231789 0.457674 18024.8 0.0339339 
0.31025 0.00943617 2.02575e+06 0 0 1.85556e+06 1.22131 -19309.7 0 0.363639 0.731222 170194 0.336062 19309.7 0.036398 
0.3139 0.00916805 2.0257e+06 0 0 1.91675e+06 1.26162 -17354.9 0 0.245126 0.591637 108946 0.215128 17354.9 0.0342254 
0.31755 0.00896089 2.02565e+06 0 0 1.96607e+06 1.29412 -12200.3 0 0.143191 0.410984 59576.9 0.117645 12200.3 0.0263596 
0.3212 0.00883399 2.0256e+06 0 0 1.99714e+06 1.3146 -6756.42 0 0.0725243 0.236665 28463.2 0.0562071 6756.42 0.0161024 
0.32485 0.00876992 2.02555e+06 0 0 2.01307e+06 1.32512 -3184.12 0 0.0330138 0.116018 12481.8 0.0246487 3184.12 0.00812389 
0.3285 0.00874123 2.0255e+06 0 0 2.02026e+06 1.32988 -1379.12 0 0.0141333 0.0514593 5240.49 0.010349 1379.12 0.00364869 
0.33215 0.00872918 2.02545e+06 0 0 2.02329e+06 1.33191 -574.895 0 0.00587498 0.0217118 2157.96 0.0042617 574.895 0.00154722 
0.3358 0.00872432 2.0254e+06 0 0 2.02452e+06 1.33275 -235.81 0 0.00241133 0.0089605 881.517 0.00174092 235.81 0.000639694 
0.33945 0.00872246 2.02535e+06 0 0 2.02499e+06 1.3331 -96.0974 0 0.000984693 0.00366443 358.98 0.000708973 96.0974 0.000261723 
0.3431 0.00872183 2.0253e+06 0 0 2.02515e+06 1.33324 -39.0647 0 0.000401376 0.00149329 146.035 0.000288421 39.0647 0.000106642 
0.34675 0.0087217 2.02525e+06 0 0 2.02519e+06 1.33329 -15.8674 0 0.00016353 0.00060779 59.3967 0.000117312 15.8674 4.33892e-05 
0.3504 0.00872178 2.0252e+06 0 0 2.02518e+06 1.33332 -6.44423 0 6.66326e-05 0.00024732 24.1626 4.77238e-05 6.44423 1.76473e-05 
0.35405 0.00872193 2.02515e+06 0 0 2.02514e+06 1.33333 -2.61762 0 2.71598e-05 0.000100655 9.83257 1.94209e-05 2.61762 7.17823e-06 
0.3577 0.00872213 2.0251e+06 0 0 2.0251e+06 1.33333 -1.06357 0 1.10755e-05 4.09784e-05 4.00284 7.90645e-06 1.06357 2.92068e-06 
0.36135 0.00872233 2.02505e+06 0 0 2.02505e+06 1.33333 -0.432294 0 4.51875e-06 1.66901e-05 1.63028 3.22024e-06 0.432294 1.18883e-06 
0.365 0.00872254 2.025e+06 0 0 2.025e+06 1.33333 -0.175775 0 1.84454e-06 6.8008e-06 0.664295 1.31219e-06 0.175775 4.84114e-07 


0 0.0112 2.03e+06 0 0 1.5225e+06 1 0 0 1.015 1.01407 507500 1 0 4.1059e-09 
0.00365 0.0112003 2.02995e+06 0 0 1.52246e+06 1 -0.0505841 0 1.01497 1.01407 507486 0.999998 0.0505841 2.33629e-07 
0.0073 0.0112005 2.0299e+06 0 0 1.52243e+06 1 -0.120792 0 1.01494 1.01406 507472 0.999994 0.120792 5.48301e-07 
0.01095 0.0112008 2.02985e+06 0 0 1.52239e+06 1 -0.215105 0 1.0149 1.01406 507457 0.99999 0.215105 9.65619e-07 
0.0146 0.011201 2.0298e+06 0 0 1.52236e+06 1.00001 -0.338646 0 1.01487 1.01405 507442 0.999984 0.338646 1.50516e-06 
0.01825 0.0112013 2.02975e+06 0 0 1.52232e+06 1.00001 -0.497227 0 1.01482 1.01405 507426 0.999977 0.497227 2.1887e-06 
0.0219 0.0112015 2.0297e+06 0 0 1.52229e+06 1.00001 -0.697395 0 1.01478 1.01404 507408 0.999967 0.697395 3.04028e-06 
0.02555 0.0112018 2.02965e+06 0 0 1.52226e+06 1.00001 -0.946484 0 1.01473 1.01403 507390 0.999955 0.946484 4.08633e-06 
0.0292 0.011202 2.0296e+06 0 0 1.52223e+06 1.00002 -1.25266 0 1.01467 1.01402 507370 0.999941 1.25266 5.35574e-06 
0.03285 0.0112022 2.02955e+06 0 0 1.5222e+06 1.00003 -1.62495 0 1.01461 1.01402 507348 0.999923 1.62495 6.87995e-06 
0.0365 0.0112024 2.0295e+06 0 0 1.52218e+06 1.00003 -2.07333 0 1.01454 1.01401 507325 0.999901 2.07333 8.69301e-06 
0.04015 0.0112026 2.02945e+06 0 0 1.52215e+06 1.00004 -2.60871 0 1.01446 1.014 507299 0.999874 2.60871 1.08316e-05 
0.0438 0.0112028 2.0294e+06 0 0 1.52213e+06 1.00005 -3.24303 0 1.01437 1.01399 507270 0.999843 3.24303 1.33353e-05 
0.04745 0.0112029 2.02935e+06 0 0 1.52211e+06 1.00006 -3.98926 0 1.01427 1.01397 507239 0.999805 3.98926 1.62463e-05 
0.0511 0.011203 2.0293e+06 0 0 1.5221e+06 1.00008 -4.86146 0 1.01416 1.01396 507204 0.999761 4.86146 1.96095e-05 
0.05475 0.0112031 2.02925e+06 0 0 1.52208e+06 1.0001 -5.8748 0 1.01404 1.01394 507165 0.99971 5.8748 2.3473e-05 
0.0584 0.0112032 2.0292e+06 0 0 1.52208e+06 1.00012 -7.0456 0 1.0139 1.01393 507122 0.999649 7.0456 2.78875e-05 
0.06205 0.0112032 2.02915e+06 0 0 1.52208e+06 1.00014 -8.39137 0 1.01374 1.01391 507074 0.99958 8.39137 3.29066e-05 
0.0657 0.0112032 2.0291e+06 0 0 1.52208e+06 1.00017 -9.93081 0 1.01356 1.01389 507021 0.999499 9.93081 3.85868e-05 
0.06935 0.0112032 2.02905e+06 0 0 1.52209e+06 1.0002 -11.6839 0 1.01336 1.01386 506961 0.999406 11.6839 4.49873e-05 
0.073 0.0112031 2.029e+06 0 0 1.5221e+06 1.00023 -13.6717 0 1.01314 1.01384 506895 0.9993 13.6717 5.21703e-05 
0.07665 0.011203 2.02895e+06 0 0 1.52213e+06 1.00027 -15.9168 0 1.01289 1.01381 506821 0.999179 15.9168 6.02009e-05 
0.0803 0.0112028 2.0289e+06 0 0 1.52216e+06 1.00032 -18.4428 0 1.01262 1.01378 506739 0.999042 18.4428 6.91465e-05 
0.08395 0.0112025 2.02885e+06 0 0 1.5222e+06 1.00037 -21.2749 0 1.01231 1.01374 506648 0.998887 21.2749 7.90777e-05 
0.0876 0.0112022 2.0288e+06 0 0 1.52225e+06 1.00043 -24.4394 0 1.01197 1.0137 506546 0.998711 24.4394 9.00675e-05 
0.09125 0.0112018 2.02875e+06 0 0 1.52232e+06 1.0005 -27.964 0 1.01159 1.01366 506434 0.998514 27.964 0.000102192 
0.0949 0.0112013 2.0287e+06 0 0 1.52239e+06 1.00057 -31.8776 0 1.01118 1.01361 506309 0.998293 31.8776 0.000115528 
0.09855 0.0112008 2.02865e+06 0 0 1.52248e+06 1.00065 -36.2107 0 1.01072 1.01356 506172 0.998046 36.2107 0.000130158 
0.1022 0.0112001 2.0286e+06 0 0 1.52258e+06 1.00074 -40.9951 0 1.01021 1.0135 506019 0.997771 40.9951 0.000146165 
0.10585 0.0111994 2.02855e+06 0 0 1.5227e+06 1.00085 -46.2638 0 1.00966 1.01343 505852 0.997464 46.2638 0.000163634 
0.1095 0.0111985 2.0285e+06 0 0 1.52283e+06 1.00096 -52.0515 0 1.00905 1.01336 505667 0.997124 52.0515 0.000182654 
0.11315 0.0111975 2.02845e+06 0 0 1.52299e+06 1.00108 -58.3942 0 1.00839 1.01328 505464 0.996748 58.3942 0.000203317 
0.1168 0.0111964 2.0284e+06 0 0 1.52316e+06 1.00122 -65.3296 0 1.00766 1.01319 505241 0.996333 65.3296 0.000225717 
0.12045 0.0111951 2.02835e+06 0 0 1.52335e+06 1.00137 -72.897 0 1.00687 1.01309 504996 0.995876 72.897 0.00024995 
0.1241 0.0111937 2.0283e+06 0 0 1.52357e+06 1.00154 -81.1373 0 1.00601 1.01299 504728 0.995373 81.1373 0.000276118 
0.12775 0.0111922 2.02825e+06 0 0 1.52381e+06 1.00173 -90.0935 0 1.00507 1.01287 504436 0.99482 90.0935 0.000304327 
0.1314 0.0111904 2.0282e+06 0 0 1.52408e+06 1.00193 -99.8106 0 1.00406 1.01275 504117 0.994215 99.8106 0.000334686 
0.13505 0.0111885 2.02815e+06 0 0 1.52438e+06 1.00215 -110.336 0 1.00295 1.01261 503769 0.993554 110.336 0.000367312 
0.1387 0.0111864 2.0281e+06 0 0 1.52471e+06 1.00239 -121.72 0 1.00176 1.01246 503390 0.992832 121.72 0.000402329 
0.14235 0.0111841 2.02805e+06 0 0 1.52507e+06 1.00265 -134.015 0 1.00047 1.0123 502979 0.992044 134.015 0.00043987 
0.146 0.0111815 2.028e+06 0 0 1.52547e+06 1.00294 -147.279 0 0.999072 1.01212 502532 0.991187 147.279 0.000480079 
0.14965 0.0111787 2.02795e+06 0 0 1.5259e+06 1.00325 -161.571 0 0.997566 1.01193 502047 0.990256 161.571 0.000523113 
0.1533 0.0111756 2.0279e+06 0 0 1.52638e+06 1.00359 -176.956 0 0.995941 1.01172 501522 0.989245 176.956 0.000569148 
0.15695 0.0111723 2.02785e+06 0 0 1.5269e+06 1.00395 -193.505 0 0.99419 1.0115 500954 0.988149 193.505 0.000618378 
0.1606 0.0111687 2.0278e+06 0 0 1.52746e+06 1.00435 -211.294 0 0.992305 1.01125 500340 0.986962 211.294 0.000671023 
0.16425 0.0111648 2.02775e+06 0 0 1.52807e+06 1.00477 -230.402 0 0.990277 1.01099 499678 0.985679 230.402 0.00072733 
0.1679 0.0111605 2.0277e+06 0 0 1.52874e+06 1.00524 -250.919 0 0.988097 1.0107 498964 0.984295 250.919 0.000787578 
0.17155 0.0111559 2.02765e+06 0 0 1.52945e+06 1.00573 -272.935 0 0.985755 1.01039 498195 0.982803 272.935 0.000852081 
0.1752 0.011151 2.0276e+06 0 0 1.53023e+06 1.00627 -296.547 0 0.983241 1.01006 497370 0.981199 296.547 0.000921192 
0.17885 0.0111457 2.02755e+06 0 0 1.53106e+06 1.00684 -321.853 0 0.980547 1.0097 496485 0.979478 321.853 0.000995297 
0.1825 0.01114 2.0275e+06 0 0 1.53196e+06 1.00745 -348.944 0 0.980824 1.00932 495540 0.977638 348.944 0.000990096 
0.18615 0.0111387 2.02745e+06 0 0 1.53225e+06 1.00767 -359.013 0 1.00639 1.00918 495199 0.97699 359.013 0.000231227 
0.1898 0.0111373 2.0274e+06 0 0 1.53257e+06 1.0079 -369.895 0 1.00684 1.00903 494832 0.97629 369.895 0.000217749 
0.19345 0.0111358 2.02735e+06 0 0 1.5329e+06 1.00814 -381.202 0 1.00661 1.00888 494453 0.975566 381.202 0.000225351 
0.1971 0.0111343 2.0273e+06 0 0 1.53324e+06 1.00839 -392.975 0 1.00637 1.00872 494062 0.974817 392.975 0.000233469 
0.20075 0.0111326 2.02725e+06 0 0 1.53359e+06 1.00865 -405.264 0 1.00611 1.00855 493656 0.974042 405.264 0.000242215 
0.2044 0.011131 2.0272e+06 0 0 1.53396e+06 1.00892 -418.138 0 1.00584 1.00838 493237 0.973238 418.138 0.000251746 
0.20805 0.0111292 2.02715e+06 0 0 1.53435e+06 1.0092 -431.684 0 1.00556 1.00821 492801 0.972402 431.684 0.000262277 
0.2117 0.0111273 2.0271e+06 0 0 1.53475e+06 1.00949 -446.018 0 1.00526 1.00802 492348 0.971532 446.018 0.000274104 
0.21535 0.0111253 2.02705e+06 0 0 1.53517e+06 1.00979 -461.301 0 1.00493 1.00783 491875 0.970622 461.301 0.000287632 
0.219 0.0111233 2.027e+06 0 0 1.53562e+06 1.01011 -477.745 0 1.00456 1.00762 491379 0.969669 477.745 0.000303419 
0.22265 0.011121 2.02695e+06 0 0 1.53609e+06 1.01045 -495.642 0 1.00416 1.00741 490858 0.968663 495.642 0.00032222 
0.2263 0.0111186 2.0269e+06 0 0 1.53659e+06 1.0108 -515.385 0 1.0037 1.00718 490305 0.967595 515.385 0.000345058 
0.22995 0.011116 2.02685e+06 0 0 1.53714e+06 1.01118 -537.508 0 1.00317 1.00694 489714 0.966453 537.508 0.000373315 
0.2336 0.011113 2.0268e+06 0 0 1.53772e+06 1.01159 -562.733 0 1.00255 1.00667 489076 0.965218 562.733 0.000408842 
0.23725 0.0111098 2.02675e+06 0 0 1.53837e+06 1.01204 -592.033 0 1.00181 1.00638 488379 0.963867 592.033 0.000454113 
0.2409 0.0111061 2.0267e+06 0 0 1.53909e+06 1.01254 -626.717 0 1.0009 1.00606 487608 0.962369 626.717 0.000512421 
0.24455 0.0111017 2.02665e+06 0 0 1.53991e+06 1.01311 -668.536 0 0.999778 1.0057 486741 0.960681 668.536 0.000588128 
0.2482 0.0110967 2.0266e+06 0 0 1.54085e+06 1.01375 -719.834 0 0.998369 1.00529 485749 0.958747 719.834 0.000686998 
0.25185 0.0110906 2.02655e+06 0 0 1.54195e+06 1.0145 -783.732 0 0.996581 1.00481 484595 0.956493 783.732 0.000816617 
0.2555 0.0110831 2.0265e+06 0 0 1.54327e+06 1.01539 -864.38 0 0.994292 1.00423 483229 0.95382 864.38 0.000986935 
0.25915 0.011074 2.02645e+06 0 0 1.54487e+06 1.01647 -967.28 0 0.991342 1.00353 481584 0.950596 967.28 0.00121095 
0.2628 0.0110625 2.0264e+06 0 0 1.54683e+06 1.01778 -1099.71 0 0.987521 1.00268 479571 0.946647 1099.71 0.0015056 
0.26645 0.011048 2.02635e+06 0 0 1.54927e+06 1.01942 -1271.28 0 0.982556 1.00161 477076 0.941744 1271.28 0.0018928 
0.2701 0.0110296 2.0263e+06 0 0 1.55236e+06 1.02147 -1494.66 0 0.976088 1.00025 473943 0.935583 1494.66 0.00240083 
0.27375 0.011006 2.02625e+06 0 0 1.55628e+06 1.02408 -1786.52 0 0.967658 0.998512 469971 0.927766 1786.52 0.00306585 
0.2774 0.0109756 2.0262e+06 0 0 1.5613e+06 1.02741 -2168.71 0 0.956668 0.996255 464895 0.917768 2168.71 0.00393372 
0.28105 0.0109364 2.02615e+06 0 0 1.56778e+06 1.0317 -2669.83 0 0.942354 0.993293 458365 0.904899 2669.83 0.00506186 
0.2847 0.0108859 2.0261e+06 0 0 1.57617e+06 1.03725 -3327.04 0 0.923744 0.989364 449925 0.888258 3327.04 0.00652083 
0.28835 0.0108208 2.02605e+06 0 0 1.58707e+06 1.04444 -4188.13 0 0.899613 0.984093 438978 0.866669 4188.13 0.00839483 
0.292 0.010737 2.026e+06 0 0 1.60125e+06 1.0538 -5313.3 0 0.868444 0.976928 424752 0.838602 5313.3 0.0107797 
0.29565 0.0106299 2.02595e+06 0 0 1.6197e+06 1.06597 -6775.09 0 0.828399 0.967035 406253 0.802099 6775.09 0.0137746 
0.2993 0.0104941 2.0259e+06 0 0 1.64366e+06 1.08177 -8652.36 0 0.777341 0.953112 382237 0.754702 8652.36 0.0174616 
0.30295 0.0103239 2.02585e+06 0 0 1.67463e+06 1.10218 -11007.1 0 0.712956 0.933041 351217 0.693472 11007.1 0.0218588 
0.3066 0.010115 2.0258e+06 0 0 1.71419e+06 1.12824 -13816.9 0 0.633102 0.903245 311605 0.615273 13816.9 0.0268206 
0.31025 0.00986673 2.02575e+06 0 0 1.76353e+06 1.16074 -16803.8 0 0.536625 0.857522 262224 0.517781 16803.8 0.0318392 
0.3139 0.00958795 2.0257e+06 0 0 1.82207e+06 1.1993 -19100 0 0.425051 0.785345 203634 0.402102 19100 0.0357081 
0.31755 0.0093044 2.02565e+06 0 0 1.88507e+06 1.2408 -19022.1 0 0.305404 0.671837 140584 0.277608 19022.1 0.0362454 
0.3212 0.00905958 2.0256e+06 0 0 1.9422e+06 1.27843 -15277.2 0 0.192542 0.508958 83404.2 0.1647 15277.2 0.0312031 
0.32485 0.00889049 2.02555e+06 0 0 1.98307e+06 1.30537 -9508.34 0 0.104668 0.323282 42475.9 0.0838802 9508.34 0.0214812 
0.3285 0.00879699 2.0255e+06 0 0 2.00617e+06 1.32061 -4814.48 0 0.0500072 0.171013 19327.5 0.0381684 4814.48 0.011855 
0.33215 0.00875287 2.02545e+06 0 0 2.0172e+06 1.3279 -2159.15 0 0.021957 0.0791943 8254.39 0.0163014 2159.15 0.00559758 
0.3358 0.00873384 2.0254e+06 0 0 2.02198e+06 1.33108 -913.272 0 0.00922577 0.0340794 3421.37 0.00675692 913.272 0.00242849 
0.33945 0.00872602 2.02535e+06 0 0 2.02395e+06 1.33241 -376.582 0 0.00380001 0.0141721 1400.06 0.00276507 376.582 0.0010131 
0.3431 0.00872294 2.0253e+06 0 0 2.02473e+06 1.33296 -153.659 0 0.00155226 0.0058082 569.963 0.00112569 153.659 0.00041564 
0.34675 0.00872181 2.02525e+06 0 0 2.02502e+06 1.33318 -62.4389 0 0.000632045 0.00236644 231.585 0.000457396 62.4389 0.000169375 
0.3504 0.00872148 2.0252e+06 0 0 2.02511e+06 1.33327 -25.3332 0 0.000257074 0.000962033 94.0417 0.000185743 25.3332 6.88434e-05 
0.35405 0.00872147 2.02515e+06 0 0 2.02511e+06 1.33331 -10.2738 0 0.000104539 0.000390826 38.1871 7.54258e-05 10.2738 2.79578e-05 
0.3577 0.0087216 2.0251e+06 0 0 2.02508e+06 1.33332 -4.16652 0 4.25179e-05 0.000158763 15.5097 3.06349e-05 4.16652 1.13523e-05 
0.36135 0.00872178 2.02505e+06 0 0 2.02504e+06 1.33333 -1.69004 0 1.72984e-05 6.45062e-05 6.30118 1.24465e-05 1.69004 4.61032e-06 
0.365 0.00872198 2.025e+06 0 0 2.025e+06 1.33333 -0.685708 0 7.04057e-06 2.62174e-05 2.56093 5.05862e-06 0.685708 1.87285e-06 


0 0.0112 2.03e+06 0 0 1.5225e+06 1 0 0 1.015 1.01407 507500 1 0 2.75227e-09 
0.00365 0.0112003 2.02995e+06 0 0 1.52246e+06 1 -0.0407763 0 1.01497 1.01407 507487 0.999998 0.0407763 1.86393e-07 
0.0073 0.0112005 2.0299e+06 0 0 1.52243e+06 1 -0.0974167 0 1.01494 1.01406 507473 0.999995 0.0974167 4.38683e-07 
0.01095 0.0112008 2.02985e+06 0 0 1.52239e+06 1 -0.173589 0 1.01491 1.01406 507458 0.999992 0.173589 7.74013e-07 
0.0146 0.0112011 2.0298e+06 0 0 1.52236e+06 1 -0.273501 0 1.01487 1.01405 507444 0.999987 0.273501 1.20855e-06 
0.01825 0.0112013 2.02975e+06 0 0 1.52232e+06 1.00001 -0.401942 0 1.01483 1.01405 507428 0.999981 0.401942 1.76035e-06 
0.0219 0.0112016 2.0297e+06 0 0 1.52229e+06 1.00001 -0.564328 0 1.01479 1.01404 507412 0.999973 0.564328 2.44945e-06 
0.02555 0.0112018 2.02965e+06 0 0 1.52226e+06 1.00001 -0.766742 0 1.01475 1.01403 507394 0.999964 0.766742 3.29793e-06 
0.0292 0.011202 2.0296e+06 0 0 1.52222e+06 1.00002 -1.01598 0 1.0147 1.01403 507375 0.999952 1.01598 4.33005e-06 
0.03285 0.0112023 2.02955e+06 0 0 1.52219e+06 1.00002 -1.3196 0 1.01464 1.01402 507356 0.999937 1.3196 5.57232e-06 
0.0365 0.0112025 2.0295e+06 0 0 1.52217e+06 1.00003 -1.68594 0 1.01458 1.01401 507334 0.999919 1.68594 7.05354e-06 
0.04015 0.0112027 2.02945e+06 0 0 1.52214e+06 1.00003 -2.12421 0 1.01451 1.014 507310 0.999897 2.12421 8.8049e-06 
0.0438 0.0112029 2.0294e+06 0 0 1.52212e+06 1.00004 -2.64445 0 1.01443 1.01399 507285 0.999872 2.64445 1.08601e-05 
0.04745 0.011203 2.02935e+06 0 0 1.52209e+06 1.00005 -3.25766 0 1.01435 1.01398 507257 0.999841 3.25766 1.32552e-05 
0.0511 0.0112032 2.0293e+06 0 0 1.52207e+06 1.00007 -3.97578 0 1.01425 1.01397 507226 0.999805 3.97578 1.60289e-05 
0.05475 0.0112033 2.02925e+06 0 0 1.52206e+06 1.00008 -4.81173 0 1.01414 1.01395 507192 0.999762 4.81173 1.92226e-05 
0.0584 0.0112034 2.0292e+06 0 0 1.52205e+06 1.0001 -5.77948 0 1.01402 1.01394 507154 0.999712 5.77948 2.28803e-05 
0.06205 0.0112035 2.02915e+06 0 0 1.52204e+06 1.00012 -6.89403 0 1.01389 1.01392 507112 0.999654 6.89403 2.70483e-05 
0.0657 0.0112035 2.0291e+06 0 0 1.52203e+06 1.00014 -8.17148 0 1.01374 1.01391 507066 0.999588 8.17148 3.17761e-05 
0.06935 0.0112035 2.02905e+06 0 0 1.52204e+06 1.00016 -9.62904 0 1.01357 1.01389 507014 0.999511 9.62904 3.71156e-05 
0.073 0.0112035 2.029e+06 0 0 1.52204e+06 1.00019 -11.2851 0 1.01338 1.01386 506957 0.999423 11.2851 4.31213e-05 
0.07665 0.0112035 2.02895e+06 0 0 1.52206e+06 1.00023 -13.159 0 1.01317 1.01384 506894 0.999322 13.159 4.98505e-05 
0.0803 0.0112033 2.0289e+06 0 0 1.52208e+06 1.00026 -15.2717 0 1.01293 1.01381 506823 0.999207 15.2717 5.73633e-05 
0.08395 0.0112032 2.02885e+06 0 0 1.52211e+06 1.00031 -17.6449 0 1.01267 1.01378 506745 0.999078 17.6449 6.5722e-05 
0.0876 0.0112029 2.0288e+06 0 0 1.52214e+06 1.00036 -20.3018 0 1.01238 1.01375 506658 0.998931 20.3018 7.49921e-05 
0.09125 0.0112027 2.02875e+06 0 0 1.52219e+06 1.00041 -23.2668 0 1.01206 1.01371 506561 0.998766 23.2668 8.52411e-05 
0.0949 0.0112023 2.0287e+06 0 0 1.52225e+06 1.00047 -26.5654 0 1.0117 1.01367 506455 0.99858 26.5654 9.65396e-05 
0.09855 0.0112019 2.02865e+06 0 0 1.52231e+06 1.00054 -30.2246 0 1.01131 1.01362 506337 0.998372 30.2246 0.00010896 
0.1022 0.0112014 2.0286e+06 0 0 1.52239e+06 1.00062 -34.2725 0 1.01088 1.01357 506207 0.99814 34.2725 0.000122579 
0.10585 0.0112008 2.02855e+06 0 0 1.52249e+06 1.00071 -38.7388 0 1.01041 1.01351 506063 0.997882 38.7388 0.000137474 
0.1095 0.0112001 2.0285e+06 0 0 1.52259e+06 1.0008 -43.6544 0 1.00989 1.01345 505905 0.997594 43.6544 0.000153726 
0.11315 0.0111993 2.02845e+06 0 0 1.52272e+06 1.00091 -49.0515 0 1.00932 1.01338 505731 0.997276 49.0515 0.000171418 
0.1168 0.0111984 2.0284e+06 0 0 1.52286e+06 1.00103 -54.964 0 1.0087 1.01331 505540 0.996924 54.964 0.000190638 
0.12045 0.0111974 2.02835e+06 0 0 1.52302e+06 1.00115 -61.4272 0 1.00802 1.01323 505331 0.996535 61.4272 0.000211474 
0.1241 0.0111962 2.0283e+06 0 0 1.5232e+06 1.0013 -68.4781 0 1.00728 1.01314 505101 0.996107 68.4781 0.000234021 
0.12775 0.0111949 2.02825e+06 0 0 1.5234e+06 1.00145 -76.1557 0 1.00648 1.01304 504850 0.995637 76.1557 0.000258375 
0.1314 0.0111935 2.0282e+06 0 0 1.52362e+06 1.00163 -84.5005 0 1.0056 1.01293 504576 0.995121 84.5005 0.00028464 
0.13505 0.0111919 2.02815e+06 0 0 1.52387e+06 1.00181 -93.5554 0 1.00465 1.01281 504277 0.994555 93.5554 0.000312921 
0.1387 0.0111901 2.0281e+06 0 0 1.52415e+06 1.00202 -103.366 0 1.00362 1.01268 503951 0.993937 103.366 0.000343335 
0.14235 0.0111881 2.02805e+06 0 0 1.52445e+06 1.00225 -113.98 0 1.0025 1.01254 503596 0.993263 113.98 0.000376002 
0.146 0.011186 2.028e+06 0 0 1.52479e+06 1.00249 -125.448 0 1.00129 1.01239 503211 0.992527 125.448 0.000411056 
0.14965 0.0111836 2.02795e+06 0 0 1.52516e+06 1.00276 -137.825 0 0.999987 1.01223 502793 0.991727 137.825 0.000448639 
0.1533 0.011181 2.0279e+06 0 0 1.52556e+06 1.00305 -151.168 0 0.998577 1.01205 502340 0.990857 151.168 0.000488909 
0.15695 0.0111782 2.02785e+06 0 0 1.526e+06 1.00336 -165.54 0 0.997057 1.01185 501849 0.989913 165.54 0.00053204 
0.1606 0.0111751 2.0278e+06 0 0 1.52648e+06 1.0037 -181.008 0 0.995418 1.01164 501318 0.98889 181.008 0.000578226 
0.16425 0.0111717 2.02775e+06 0 0 1.52701e+06 1.00407 -197.641 0 0.993654 1.01141 500744 0.987783 197.641 0.000627681 
0.1679 0.0111681 2.0277e+06 0 0 1.52757e+06 1.00447 -215.516 0 0.991756 1.01116 500126 0.986588 215.516 0.000680648 
0.17155 0.0111641 2.02765e+06 0 0 1.52819e+06 1.0049 -234.71 0 0.989716 1.0109 499460 0.985298 234.71 0.000737391 
0.1752 0.0111599 2.0276e+06 0 0 1.52885e+06 1.00536 -255.303 0 0.987526 1.01061 498745 0.983912 255.303 0.000798204 
0.17885 0.0111553 2.02755e+06 0 0 1.52957e+06 1.00586 -277.374 0 0.98518 1.0103 497978 0.982424 277.374 0.000863405 
0.1825 0.0111504 2.0275e+06 0 0 1.53034e+06 1.00639 -300.996 0 0.985431 1.00997 497160 0.980834 300.996 0.000858115 
0.18615 0.0111494 2.02745e+06 0 0 1.53058e+06 1.00657 -309.647 0 1.00746 1.00986 496866 0.980277 309.647 0.000198443 
0.1898 0.0111482 2.0274e+06 0 0 1.53085e+06 1.00677 -318.994 0 1.00784 1.00973 496549 0.979677 318.994 0.000186769 
0.19345 0.011147 2.02735e+06 0 0 1.53113e+06 1.00698 -328.689 0 1.00765 1.0096 496222 0.979056 328.689 0.000193113 
0.1971 0.0111457 2.0273e+06 0 0 1.53141e+06 1.0072 -338.761 0 1.00744 1.00946 495885 0.978415 338.761 0.000199843 
0.20075 0.0111443 2.02725e+06 0 0 1.53171e+06 1.00742 -349.247 0 1.00723 1.00932 495537 0.977752 349.247 0.000207035 
0.2044 0.0111429 2.0272e+06 0 0 1.53202e+06 1.00765 -360.194 0 1.00701 1.00917 495176 0.977064 360.194 0.000214795 
0.20805 0.0111415 2.02715e+06 0 0 1.53235e+06 1.00788 -371.663 0 1.00677 1.00902 494803 0.976352 371.663 0.000223265 
0.2117 0.0111399 2.0271e+06 0 0 1.53268e+06 1.00813 -383.734 0 1.00652 1.00886 494415 0.975611 383.734 0.000232643 
0.21535 0.0111383 2.02705e+06 0 0 1.53304e+06 1.00839 -396.514 0 1.00625 1.0087 494012 0.97484 396.514 0.000243197 
0.219 0.0111366 2.027e+06 0 0 1.53341e+06 1.00866 -410.147 0 1.00595 1.00853 493592 0.974034 410.147 0.000255296 
0.22265 0.0111348 2.02695e+06 0 0 1.5338e+06 1.00894 -424.827 0 1.00563 1.00835 493151 0.973188 424.827 0.000269441 
0.2263 0.0111328 2.0269e+06 0 0 1.53421e+06 1.00923 -440.818 0 1.00527 1.00816 492686 0.972296 440.818 0.000286308 
0.22995 0.0111307 2.02685e+06 0 0 1.53466e+06 1.00955 -458.473 0 1.00486 1.00796 492194 0.971348 458.473 0.000306813 
0.2336 0.0111284 2.0268e+06 0 0 1.53513e+06 1.00989 -478.272 0 1.00439 1.00774 491668 0.970334 478.272 0.000332182 
0.23725 0.0111258 2.02675e+06 0 0 1.53565e+06 1.01025 -500.859 0 1.00384 1.00751 491100 0.969237 500.859 0.000364056 
0.2409 0.0111229 2.0267e+06 0 0 1.53622e+06 1.01065 -527.101 0 1.00317 1.00725 490479 0.968036 527.101 0.000404623 
0.24455 0.0111196 2.02665e+06 0 0 1.53686e+06 1.0111 -558.159 0 1.00237 1.00697 489792 0.966703 558.159 0.000456784 
0.2482 0.0111158 2.0266e+06 0 0 1.53758e+06 1.0116 -595.583 0 1.00137 1.00665 489020 0.965202 595.583 0.000524379 
0.25185 0.0111113 2.02655e+06 0 0 1.53841e+06 1.01217 -641.441 0 1.00011 1.00628 488136 0.963483 641.441 0.000612472 
0.2555 0.0111059 2.0265e+06 0 0 1.53939e+06 1.01284 -698.482 0 0.998528 1.00586 487109 0.961479 698.482 0.000727722 
0.25915 0.0110993 2.02645e+06 0 0 1.54056e+06 1.01363 -770.352 0 0.9965 1.00535 485894 0.959105 770.352 0.000878856 
0.2628 0.0110912 2.0264e+06 0 0 1.54197e+06 1.01459 -861.876 0 0.993891 1.00474 484433 0.956244 861.876 0.00107728 
0.26645 0.0110811 2.02635e+06 0 0 1.5437e+06 1.01575 -979.432 0 0.990518 1.00399 482649 0.952745 979.432 0.00133783 
0.2701 0.0110682 2.0263e+06 0 0 1.54586e+06 1.0172 -1131.43 0 0.98614 1.00305 480439 0.948407 1131.43 0.00167976 
0.27375 0.0110519 2.02625e+06 0 0 1.54858e+06 1.01901 -1328.93 0 0.980447 1.00186 477670 0.942965 1328.93 0.00212792 
0.2774 0.0110311 2.0262e+06 0 0 1.55203e+06 1.02131 -1586.51 0 0.973034 1.00035 474166 0.936071 1586.51 0.00271418 
0.28105 0.0110042 2.02615e+06 0 0 1.55645e+06 1.02424 -1923.25 0 0.963379 0.998391 469696 0.927268 1923.25 0.00347912 
0.2847 0.0109696 2.0261e+06 0 0 1.56215e+06 1.02801 -2364.17 0 0.950812 0.995832 463954 0.915956 2364.17 0.00447385 
0.28835 0.010925 2.02605e+06 0 0 1.56951e+06 1.03288 -2941.84 0 0.934475 0.992455 456544 0.901349 2941.84 0.00576178 
0.292 0.0108675 2.026e+06 0 0 1.57905e+06 1.03919 -3698.41 0 0.913284 0.98795 446946 0.88242 3698.41 0.00741982 
0.29565 0.0107934 2.02595e+06 0 0 1.59147e+06 1.04739 -4687.66 0 0.885885 0.981868 434482 0.857834 4687.66 0.00953788 
0.2993 0.0106985 2.0259e+06 0 0 1.60762e+06 1.05804 -5976.16 0 0.850617 0.973544 418281 0.825867 5976.16 0.0122145 
0.30295 0.0105776 2.02585e+06 0 0 1.62862e+06 1.07189 -7641.27 0 0.805503 0.961955 397231 0.784324 7641.27 0.0155439 
0.3066 0.0104252 2.0258e+06 0 0 1.65583e+06 1.08983 -9759.04 0 0.748307 0.945473 369965 0.730507 9759.04 0.0195854 
0.31025 0.010236 2.02575e+06 0 0 1.69084e+06 1.1129 -12364.9 0 0.676746 0.921401 334914 0.661313 12364.9 0.0242957 
0.3139 0.0100069 2.0257e+06 0 0 1.73512e+06 1.14207 -15346.1 0 0.589014 0.885112 290580 0.573788 15346.1 0.0293902 
0.31755 0.00974105 2.02565e+06 0 0 1.78928e+06 1.17775 -18193.9 0 0.484951 0.828571 236369 0.466752 18193.9 0.0340787 
0.3212 0.00945431 2.0256e+06 0 0 1.85113e+06 1.21849 -19630.3 0 0.368272 0.738825 174473 0.344536 19630.3 0.0366956 
0.32485 0.00918203 2.02555e+06 0 0 1.91313e+06 1.25933 -17836.5 0 0.249612 0.601483 112415 0.221995 17836.5 0.0347593 
0.3285 0.0089695 2.0255e+06 0 0 1.96367e+06 1.29263 -12689.2 0 0.146658 0.421349 61834.5 0.122112 12689.2 0.0270417 
0.33215 0.00883811 2.02545e+06 0 0 1.99582e+06 1.31383 -7085.46 0 0.0745848 0.244513 29634.5 0.0585242 7085.46 0.0166708 
0.3358 0.00877143 2.0254e+06 0 0 2.0124e+06 1.32478 -3350.49 0 0.0339957 0.120373 12999.7 0.0256734 3350.49 0.00845349 
0.33945 0.00874152 2.02535e+06 0 0 2.0199e+06 1.32975 -1451.42 0 0.0145398 0.0534327 5450.35 0.0107643 1451.42 0.00380139 
0.3431 0.00872896 2.0253e+06 0 0 2.02306e+06 1.33186 -604.192 0 0.00603062 0.022516 2239.34 0.00442274 604.192 0.00161033 
0.34675 0.00872391 2.02525e+06 0 0 2.02434e+06 1.33273 -247.31 0 0.00246823 0.00927153 912.342 0.00180194 247.31 0.000664403 
0.3504 0.00872197 2.0252e+06 0 0 2.02483e+06 1.33309 -100.542 0 0.00100477 0.00378139 370.472 0.000731725 100.542 0.000271137 
0.35405 0.00872132 2.02515e+06 0 0 2.025e+06 1.33323 -40.7667 0 0.000408198 0.00153643 150.259 0.000296786 40.7667 0.000110168 
0.3577 0.00872118 2.0251e+06 0 0 2.02504e+06 1.33329 -16.5144 0 0.00016573 0.000623418 60.9247 0.000120339 16.5144 4.4692e-05 
0.36135 0.00872125 2.02505e+06 0 0 2.02502e+06 1.33332 -6.68848 0 6.72843e-05 0.000252864 24.7043 4.87974e-05 6.68848 1.81215e-05 
0.365 0.0087214 2.025e+06 0 0 2.02499e+06 1.33333 -2.70908 0 2.73218e-05 0.000102568 10.0195 1.97915e-05 2.70908 7.34774e-06 


0 0.0112 2.03e+06 0 0 1.5225e+06 1 0 0 1.015 1.01407 507500 1 0 1.8449e-09 
0.00365 0.0112003 2.02995e+06 0 0 1.52246e+06 1 -0.0328996 0 1.01497 1.01407 507487 0.999998 0.0328996 1.48966e-07 
0.0073 0.0112005 2.0299e+06 0 0 1.52243e+06 1 -0.0786324 0 1.01494 1.01406 507473 0.999996 0.0786324 3.51462e-07 
0.01095 0.0112008 2.02985e+06 0 0 1.52239e+06 1 -0.1402 0 1.01491 1.01406 507459 0.999993 0.1402 6.21158e-07 
0.0146 0.0112011 2.0298e+06 0 0 1.52236e+06 1 -0.221055 0 1.01488 1.01405 507445 0.99999 0.221055 9.71392e-07 
0.01825 0.0112013 2.02975e+06 0 0 1.52232e+06 1.00001 -0.325144 0 1.01484 1.01405 507430 0.999985 0.325144 1.41712e-06 
0.0219 0.0112016 2.0297e+06 0 0 1.52229e+06 1.00001 -0.456942 0 1.0148 1.01404 507414 0.999978 0.456942 1.97499e-06 
0.02555 0.0112018 2.02965e+06 0 0 1.52225e+06 1.00001 -0.621494 0 1.01476 1.01403 507398 0.999971 0.621494 2.66347e-06 
0.0292 0.0112021 2.0296e+06 0 0 1.52222e+06 1.00001 -0.824454 0 1.01472 1.01403 507380 0.999961 0.824454 3.50286e-06 
0.03285 0.0112023 2.02955e+06 0 0 1.52219e+06 1.00002 -1.07212 0 1.01467 1.01402 507361 0.999949 1.07212 4.51548e-06 
0.0365 0.0112025 2.0295e+06 0 0 1.52216e+06 1.00002 -1.37149 0 1.01461 1.01401 507342 0.999934 1.37149 5.72563e-06 
0.04015 0.0112027 2.02945e+06 0 0 1.52213e+06 1.00003 -1.73028 0 1.01455 1.014 507320 0.999916 1.73028 7.15976e-06 
0.0438 0.0112029 2.0294e+06 0 0 1.5221e+06 1.00003 -2.15697 0 1.01448 1.014 507297 0.999895 2.15697 8.84649e-06 
0.04745 0.0112031 2.02935e+06 0 0 1.52208e+06 1.00004 -2.66084 0 1.01441 1.01399 507271 0.99987 2.66084 1.08167e-05 
0.0511 0.0112033 2.0293e+06 0 0 1.52206e+06 1.00005 -3.25202 0 1.01432 1.01397 507244 0.99984 3.25202 1.31035e-05 
0.05475 0.0112035 2.02925e+06 0 0 1.52204e+06 1.00007 -3.9415 0 1.01423 1.01396 507214 0.999805 3.9415 1.57425e-05 
0.0584 0.0112036 2.0292e+06 0 0 1.52202e+06 1.00008 -4.7412 0 1.01413 1.01395 507180 0.999764 4.7412 1.87715e-05 
0.06205 0.0112037 2.02915e+06 0 0 1.52201e+06 1.00009 -5.66396 0 1.01401 1.01394 507143 0.999716 5.66396 2.2231e-05 
0.0657 0.0112038 2.0291e+06 0 0 1.522e+06 1.00011 -6.7236 0 1.01388 1.01392 507103 0.999661 6.7236 2.61636e-05 
0.06935 0.0112038 2.02905e+06 0 0 1.52199e+06 1.00013 -7.93494 0 1.01373 1.0139 507058 0.999597 7.93494 3.06148e-05 
0.073 0.0112039 2.029e+06 0 0 1.52199e+06 1.00016 -9.31383 0 1.01357 1.01388 507008 0.999524 9.31383 3.56323e-05 
0.07665 0.0112039 2.02895e+06 0 0 1.522e+06 1.00019 -10.8772 0 1.01339 1.01386 506953 0.99944 10.8772 4.12664e-05 
0.0803 0.0112038 2.0289e+06 0 0 1.52201e+06 1.00022 -12.643 0 1.01319 1.01384 506892 0.999344 12.643 4.757e-05 
0.08395 0.0112037 2.02885e+06 0 0 1.52203e+06 1.00025 -14.6303 0 1.01297 1.01381 506825 0.999236 14.6303 5.45986e-05 
0.0876 0.0112036 2.0288e+06 0 0 1.52205e+06 1.0003 -16.8594 0 1.01272 1.01378 506750 0.999113 16.8594 6.24099e-05 
0.09125 0.0112034 2.02875e+06 0 0 1.52208e+06 1.00034 -19.3516 0 1.01245 1.01375 506667 0.998975 19.3516 7.10644e-05 
0.0949 0.0112031 2.0287e+06 0 0 1.52212e+06 1.00039 -22.1296 0 1.01215 1.01371 506576 0.998819 22.1296 8.06251e-05 
0.09855 0.0112028 2.02865e+06 0 0 1.52218e+06 1.00045 -25.2169 0 1.01181 1.01367 506475 0.998644 25.2169 9.11576e-05 
0.1022 0.0112024 2.0286e+06 0 0 1.52224e+06 1.00052 -28.6386 0 1.01144 1.01363 506363 0.998449 28.6386 0.00010273 
0.10585 0.011202 2.02855e+06 0 0 1.52231e+06 1.00059 -32.4209 0 1.01104 1.01358 506240 0.998231 32.4209 0.000115413 
0.1095 0.0112014 2.0285e+06 0 0 1.5224e+06 1.00067 -36.5914 0 1.0106 1.01353 506105 0.997988 36.5914 0.000129279 
0.11315 0.0112008 2.02845e+06 0 0 1.52249e+06 1.00076 -41.1788 0 1.01011 1.01347 505956 0.997719 41.1788 0.000144406 
0.1168 0.0112001 2.0284e+06 0 0 1.52261e+06 1.00086 -46.2134 0 1.00958 1.01341 505792 0.997421 46.2134 0.000160871 
0.12045 0.0111992 2.02835e+06 0 0 1.52274e+06 1.00097 -51.727 0 1.00899 1.01334 505612 0.997091 51.727 0.000178758 
0.1241 0.0111983 2.0283e+06 0 0 1.52288e+06 1.00109 -57.7527 0 1.00836 1.01326 505415 0.996727 57.7527 0.000198152 
0.12775 0.0111972 2.02825e+06 0 0 1.52305e+06 1.00122 -64.3255 0 1.00766 1.01317 505200 0.996327 64.3255 0.000219142 
0.1314 0.011196 2.0282e+06 0 0 1.52324e+06 1.00137 -71.482 0 1.00691 1.01308 504964 0.995887 71.482 0.000241823 
0.13505 0.0111947 2.02815e+06 0 0 1.52344e+06 1.00153 -79.261 0 1.00609 1.01298 504707 0.995404 79.261 0.000266292 
0.1387 0.0111932 2.0281e+06 0 0 1.52367e+06 1.00171 -87.7031 0 1.0052 1.01287 504427 0.994876 87.7031 0.000292656 
0.14235 0.0111916 2.02805e+06 0 0 1.52393e+06 1.0019 -96.8515 0 1.00424 1.01275 504122 0.994298 96.8515 0.000321026 
0.146 0.0111898 2.028e+06 0 0 1.52421e+06 1.00211 -106.752 0 1.00319 1.01262 503790 0.993668 106.752 0.000351521 
0.14965 0.0111878 2.02795e+06 0 0 1.52452e+06 1.00234 -117.453 0 1.00206 1.01248 503429 0.992981 117.453 0.000384273 
0.1533 0.0111856 2.0279e+06 0 0 1.52486e+06 1.00259 -129.006 0 1.00084 1.01232 503038 0.992234 129.006 0.000419423 
0.15695 0.0111832 2.02785e+06 0 0 1.52524e+06 1.00286 -141.467 0 0.999522 1.01215 502613 0.991422 141.467 0.000457125 
0.1606 0.0111805 2.0278e+06 0 0 1.52565e+06 1.00315 -154.893 0 0.998099 1.01197 502155 0.990541 154.893 0.000497551 
0.16425 0.0111777 2.02775e+06 0 0 1.52609e+06 1.00347 -169.347 0 0.996566 1.01178 501659 0.989587 169.347 0.000540888 
0.1679 0.0111746 2.0277e+06 0 0 1.52658e+06 1.00381 -184.893 0 0.994916 1.01156 501123 0.988556 184.893 0.000587343 
0.17155 0.0111712 2.02765e+06 0 0 1.5271e+06 1.00419 -201.597 0 0.993142 1.01133 500547 0.987443 201.597 0.000637142 
0.1752 0.0111676 2.0276e+06 0 0 1.52767e+06 1.00458 -219.526 0 0.991237 1.01109 499928 0.986246 219.526 0.00069053 
0.17885 0.0111636 2.02755e+06 0 0 1.52829e+06 1.00501 -238.744 0 0.989195 1.01082 499265 0.984961 238.744 0.000747765 
0.1825 0.0111595 2.0275e+06 0 0 1.52894e+06 1.00547 -259.305 0 0.98942 1.01054 498556 0.983588 259.305 0.00074257 
0.18615 0.0111586 2.02745e+06 0 0 1.52915e+06 1.00563 -266.74 0 1.00838 1.01043 498302 0.983111 266.74 0.000170281 
0.1898 0.0111576 2.0274e+06 0 0 1.52937e+06 1.0058 -274.771 0 1.00871 1.01032 498029 0.982596 274.771 0.000160181 
0.19345 0.0111566 2.02735e+06 0 0 1.5296e+06 1.00598 -283.089 0 1.00854 1.01021 497747 0.982064 283.089 0.0001655 
0.1971 0.0111555 2.0273e+06 0 0 1.52984e+06 1.00616 -291.715 0 1.00837 1.01009 497456 0.981515 291.715 0.000171111 
0.20075 0.0111544 2.02725e+06 0 0 1.53009e+06 1.00635 -300.677 0 1.00819 1.00997 497156 0.980947 300.677 0.000177068 
0.2044 0.0111533 2.0272e+06 0 0 1.53035e+06 1.00655 -310.006 0 1.008 1.00985 496846 0.98036 310.006 0.00018344 
0.20805 0.0111521 2.02715e+06 0 0 1.53062e+06 1.00675 -319.747 0 1.0078 1.00972 496526 0.979751 319.747 0.000190323 
0.2117 0.0111508 2.0271e+06 0 0 1.53091e+06 1.00696 -329.953 0 1.00759 1.00958 496194 0.97912 329.953 0.000197849 
0.21535 0.0111495 2.02705e+06 0 0 1.5312e+06 1.00718 -340.698 0 1.00737 1.00945 495849 0.978464 340.698 0.000206196 
0.219 0.0111481 2.027e+06 0 0 1.53151e+06 1.00741 -352.079 0 1.00713 1.0093 495491 0.977781 352.079 0.000215608 
0.22265 0.0111466 2.02695e+06 0 0 1.53183e+06 1.00764 -364.227 0 1.00687 1.00915 495116 0.977067 364.227 0.000226416 
0.2263 0.011145 2.0269e+06 0 0 1.53218e+06 1.00789 -377.316 0 1.00658 1.00899 494724 0.976318 377.316 0.000239069 
0.22995 0.0111433 2.02685e+06 0 0 1.53254e+06 1.00816 -391.585 0 1.00626 1.00882 494311 0.975527 391.585 0.000254172 
0.2336 0.0111414 2.0268e+06 0 0 1.53293e+06 1.00844 -407.349 0 1.0059 1.00864 493873 0.974686 407.349 0.000272537 
0.23725 0.0111394 2.02675e+06 0 0 1.53334e+06 1.00874 -425.038 0 1.00548 1.00845 493405 0.973786 425.038 0.000295251 
0.2409 0.0111371 2.0267e+06 0 0 1.5338e+06 1.00906 -445.224 0 1.00498 1.00825 492900 0.972812 445.224 0.000323765 
0.24455 0.0111346 2.02665e+06 0 0 1.5343e+06 1.00942 -468.677 0 1.00439 1.00802 492347 0.971746 468.677 0.000360005 
0.2482 0.0111317 2.0266e+06 0 0 1.53486e+06 1.00981 -496.424 0 1.00367 1.00777 491736 0.970563 496.424 0.000406523 
0.25185 0.0111283 2.02655e+06 0 0 1.5355e+06 1.01026 -529.832 0 1.00278 1.00749 491048 0.96923 529.832 0.000466691 
0.2555 0.0111244 2.0265e+06 0 0 1.53624e+06 1.01077 -570.722 0 1.00167 1.00716 490263 0.967703 570.722 0.00054495 
0.25915 0.0111196 2.02645e+06 0 0 1.5371e+06 1.01136 -621.509 0 1.00027 1.00679 489350 0.965926 621.509 0.000647131 
0.2628 0.0111138 2.0264e+06 0 0 1.53813e+06 1.01206 -685.388 0 0.998477 1.00634 488271 0.96382 685.388 0.000780874 
0.26645 0.0111066 2.02635e+06 0 0 1.53937e+06 1.0129 -766.586 0 0.996175 1.0058 486976 0.961287 766.586 0.00095616 
0.2701 0.0110976 2.0263e+06 0 0 1.5409e+06 1.01394 -870.675 0 0.993202 1.00514 485396 0.958192 870.675 0.00118598 
0.27375 0.0110863 2.02625e+06 0 0 1.54281e+06 1.01521 -1005 0 0.989351 1.00432 483443 0.954361 1005 0.0014872 
0.2774 0.0110719 2.0262e+06 0 0 1.5452e+06 1.01681 -1179.22 0 0.984349 1.00329 481001 0.949563 1179.22 0.0018816 
0.28105 0.0110535 2.02615e+06 0 0 1.54823e+06 1.01884 -1406.02 0 0.977844 1.00197 477915 0.943494 1406.02 0.0023972 
0.2847 0.0110299 2.0261e+06 0 0 1.55212e+06 1.02141 -1702.06 0 0.969378 1.00027 473985 0.935758 1702.06 0.00306977 
0.28835 0.0109994 2.02605e+06 0 0 1.5571e+06 1.02472 -2089.13 0 0.958365 0.998059 468945 0.925831 2089.13 0.0039446 
0.292 0.0109601 2.026e+06 0 0 1.56355e+06 1.02899 -2595.7 0 0.944052 0.995154 462451 0.913032 2595.7 0.00507833 
0.29565 0.0109094 2.02595e+06 0 0 1.5719e+06 1.03451 -3258.73 0 0.925483 0.991298 454049 0.896467 3258.73 0.00654048 
0.2993 0.0108441 2.0259e+06 0 0 1.58275e+06 1.04168 -4125.79 0 0.901456 0.986126 443151 0.874971 4125.79 0.00841407 
0.30295 0.0107603 2.02585e+06 0 0 1.59686e+06 1.05099 -5256.82 0 0.87048 0.979102 428991 0.847034 5256.82 0.0107936 
0.3066 0.0106532 2.0258e+06 0 0 1.61521e+06 1.06309 -6724.4 0 0.830753 0.969416 410590 0.810722 6724.4 0.0137776 
0.31025 0.0105174 2.02575e+06 0 0 1.63903e+06 1.0788 -8608.22 0 0.780172 0.955808 386716 0.7636 8608.22 0.0174488 
0.3139 0.0103475 2.0257e+06 0 0 1.66981e+06 1.09908 -10973.5 0 0.71645 0.93623 355890 0.702749 10973.5 0.0218294 
0.31755 0.0101388 2.02565e+06 0 0 1.70913e+06 1.12499 -13806.9 0 0.637442 0.907231 316517 0.625017 13806.9 0.0267866 
0.3212 0.00989053 2.0256e+06 0 0 1.75824e+06 1.15735 -16852.2 0 0.541923 0.862817 267361 0.527964 16852.2 0.0318411 
0.32485 0.00961074 2.02555e+06 0 0 1.81674e+06 1.19588 -19279.7 0 0.431187 0.792751 208813 0.412358 19279.7 0.0358375 
0.3285 0.00932412 2.0255e+06 0 0 1.88019e+06 1.23768 -19417.7 0 0.311809 0.682185 145306 0.286953 19417.7 0.0366408 
0.33215 0.00907374 2.02545e+06 0 0 1.93848e+06 1.27608 -15836.2 0 0.198146 0.521711 86970.8 0.171756 15836.2 0.0319139 
0.3358 0.00889845 2.0254e+06 0 0 1.9808e+06 1.30398 -9996.56 0 0.108519 0.335129 44596.4 0.0880742 9996.56 0.02227 
0.33945 0.00880049 2.02535e+06 0 0 2.00499e+06 1.31993 -5104.11 0 0.0520852 0.178833 20357.4 0.0402053 5104.11 0.0124179 
0.3431 0.00875404 2.0253e+06 0 0 2.0166e+06 1.32761 -2296.08 0 0.0228994 0.0831591 8696.84 0.0171764 2296.08 0.00589281 
0.34675 0.00873396 2.02525e+06 0 0 2.02165e+06 1.33096 -971.28 0 0.00961328 0.0358095 3600.13 0.00711049 971.28 0.00255938 
0.3504 0.00872571 2.0252e+06 0 0 2.02373e+06 1.33237 -399.988 0 0.00395172 0.014874 1470.22 0.00290386 399.988 0.00106669 
0.35405 0.00872247 2.02515e+06 0 0 2.02455e+06 1.33294 -162.902 0 0.00161016 0.00608349 597.108 0.00117939 162.902 0.000436803 
0.3577 0.00872127 2.0251e+06 0 0 2.02486e+06 1.33317 -66.052 0 0.000653785 0.0024726 241.995 0.000477991 66.052 0.00017759 
0.36135 0.00872092 2.02505e+06 0 0 2.02495e+06 1.33327 -26.7374 0 0.000265128 0.00100255 98.0058 0.000193587 26.7374 7.20016e-05 
0.365 0.0087209 2.025e+06 0 0 2.02496e+06 1.33331 -10.8173 0 0.000107481 0.000406165 39.6863 7.83928e-05 10.8173 2.91634e-05 


0 0.0112 2.03e+06 0 0 1.5225e+06 1 0 0 1.015 1.01407 507500 1 0 1.23668e-09 
0.00365 0.0112003 2.02995e+06 0 0 1.52246e+06 1 -0.0265672 0 1.01497 1.01407 507487 0.999999 0.0265672 1.19245e-07 
0.0073 0.0112005 2.0299e+06 0 0 1.52243e+06 1 -0.0635221 0 1.01494 1.01406 507473 0.999997 0.0635221 2.81947e-07 
0.01095 0.0112008 2.02985e+06 0 0 1.52239e+06 1 -0.11332 0 1.01491 1.01406 507460 0.999995 0.11332 4.99047e-07 
0.0146 0.0112011 2.0298e+06 0 0 1.52235e+06 1 -0.178796 0 1.01488 1.01405 507446 0.999992 0.178796 7.81542e-07 
0.01825 0.0112013 2.02975e+06 0 0 1.52232e+06 1 -0.263197 0 1.01485 1.01405 507431 0.999988 0.263197 1.1418e-06 
0.0219 0.0112016 2.0297e+06 0 0 1.52228e+06 1.00001 -0.37022 0 1.01481 1.01404 507416 0.999982 0.37022 1.59366e-06 
0.02555 0.0112018 2.02965e+06 0 0 1.52225e+06 1.00001 -0.504045 0 1.01477 1.01404 507400 0.999976 0.504045 2.15251e-06 
0.0292 0.0112021 2.0296e+06 0 0 1.52222e+06 1.00001 -0.669371 0 1.01473 1.01403 507384 0.999968 0.669371 2.83534e-06 
0.03285 0.0112023 2.02955e+06 0 0 1.52218e+06 1.00001 -0.871451 0 1.01469 1.01402 507366 0.999958 0.871451 3.66088e-06 
0.0365 0.0112026 2.0295e+06 0 0 1.52215e+06 1.00002 -1.11613 0 1.01464 1.01402 507348 0.999946 1.11613 4.64962e-06 
0.04015 0.0112028 2.02945e+06 0 0 1.52212e+06 1.00002 -1.40988 0 1.01458 1.01401 507328 0.999932 1.40988 5.82394e-06 
0.0438 0.011203 2.0294e+06 0 0 1.52209e+06 1.00003 -1.75985 0 1.01452 1.014 507307 0.999914 1.75985 7.20812e-06 
0.04745 0.0112032 2.02935e+06 0 0 1.52207e+06 1.00004 -2.17386 0 1.01446 1.01399 507283 0.999894 2.17386 8.82846e-06 
0.0511 0.0112034 2.0293e+06 0 0 1.52204e+06 1.00004 -2.66049 0 1.01438 1.01398 507259 0.999869 2.66049 1.07133e-05 
0.05475 0.0112036 2.02925e+06 0 0 1.52202e+06 1.00005 -3.22907 0 1.0143 1.01397 507231 0.99984 3.22907 1.28931e-05 
0.0584 0.0112037 2.0292e+06 0 0 1.522e+06 1.00006 -3.88974 0 1.01421 1.01396 507202 0.999806 3.88974 1.54005e-05 
0.06205 0.0112039 2.02915e+06 0 0 1.52198e+06 1.00008 -4.65349 0 1.01411 1.01395 507169 0.999767 4.65349 1.82703e-05 
0.0657 0.011204 2.0291e+06 0 0 1.52197e+06 1.00009 -5.53214 0 1.014 1.01393 507133 0.999721 5.53214 2.15396e-05 
0.06935 0.0112041 2.02905e+06 0 0 1.52196e+06 1.00011 -6.53843 0 1.01387 1.01392 507094 0.999668 6.53843 2.52479e-05 
0.073 0.0112042 2.029e+06 0 0 1.52195e+06 1.00013 -7.68603 0 1.01373 1.0139 507051 0.999607 7.68603 2.94368e-05 
0.07665 0.0112042 2.02895e+06 0 0 1.52195e+06 1.00015 -8.98955 0 1.01358 1.01388 507003 0.999537 8.98955 3.41504e-05 
0.0803 0.0112042 2.0289e+06 0 0 1.52195e+06 1.00018 -10.4646 0 1.01341 1.01386 506950 0.999458 10.4646 3.94351e-05 
0.08395 0.0112042 2.02885e+06 0 0 1.52196e+06 1.00021 -12.1277 0 1.01322 1.01384 506891 0.999367 12.1277 4.53397e-05 
0.0876 0.0112041 2.0288e+06 0 0 1.52197e+06 1.00025 -13.9966 0 1.01301 1.01381 506827 0.999264 13.9966 5.19155e-05 
0.09125 0.011204 2.02875e+06 0 0 1.52199e+06 1.00028 -16.09 0 1.01277 1.01378 506756 0.999149 16.09 5.92161e-05 
0.0949 0.0112038 2.0287e+06 0 0 1.52202e+06 1.00033 -18.4275 0 1.01251 1.01375 506677 0.999018 18.4275 6.72977e-05 
0.09855 0.0112036 2.02865e+06 0 0 1.52206e+06 1.00038 -21.0302 0 1.01223 1.01372 506590 0.998871 21.0302 7.62186e-05 
0.1022 0.0112033 2.0286e+06 0 0 1.52211e+06 1.00043 -23.9199 0 1.01191 1.01368 506494 0.998707 23.9199 8.60401e-05 
0.10585 0.011203 2.02855e+06 0 0 1.52216e+06 1.00049 -27.12 0 1.01157 1.01364 506388 0.998523 27.12 9.68256e-05 
0.1095 0.0112025 2.0285e+06 0 0 1.52223e+06 1.00056 -30.6548 0 1.01119 1.01359 506272 0.998318 30.6548 0.000108641 
0.11315 0.0112021 2.02845e+06 0 0 1.52231e+06 1.00064 -34.55 0 1.01077 1.01354 506144 0.998091 34.55 0.000121556 
0.1168 0.0112015 2.0284e+06 0 0 1.5224e+06 1.00072 -38.8325 0 1.01031 1.01349 506004 0.997838 38.8325 0.000135642 
0.12045 0.0112008 2.02835e+06 0 0 1.5225e+06 1.00081 -43.5306 0 1.00981 1.01343 505849 0.997558 43.5306 0.000150974 
0.1241 0.0112001 2.0283e+06 0 0 1.52262e+06 1.00092 -48.6741 0 1.00927 1.01336 505680 0.99725 48.6741 0.00016763 
0.12775 0.0111992 2.02825e+06 0 0 1.52275e+06 1.00103 -54.2942 0 1.00867 1.01329 505495 0.996909 54.2942 0.000185691 
0.1314 0.0111982 2.0282e+06 0 0 1.52291e+06 1.00116 -60.4239 0 1.00802 1.01321 505293 0.996534 60.4239 0.000205244 
0.13505 0.0111971 2.02815e+06 0 0 1.52308e+06 1.00129 -67.0978 0 1.00732 1.01312 505072 0.996123 67.0978 0.000226378 
0.1387 0.0111959 2.0281e+06 0 0 1.52327e+06 1.00144 -74.3525 0 1.00655 1.01303 504830 0.995672 74.3525 0.00024919 
0.14235 0.0111945 2.02805e+06 0 0 1.52348e+06 1.00161 -82.2267 0 1.00572 1.01293 504568 0.995178 82.2267 0.000273781 
0.146 0.011193 2.028e+06 0 0 1.52372e+06 1.00179 -90.7612 0 1.00482 1.01281 504282 0.994638 90.7612 0.00030026 
0.14965 0.0111913 2.02795e+06 0 0 1.52398e+06 1.00198 -99.9995 0 1.00384 1.01269 503971 0.994049 99.9995 0.000328745 
0.1533 0.0111895 2.0279e+06 0 0 1.52427e+06 1.0022 -109.988 0 1.00278 1.01256 503633 0.993408 109.988 0.000359362 
0.15695 0.0111875 2.02785e+06 0 0 1.52458e+06 1.00243 -120.774 0 1.00164 1.01241 503267 0.99271 120.774 0.00039225 
0.1606 0.0111852 2.0278e+06 0 0 1.52493e+06 1.00268 -132.41 0 1.0004 1.01226 502870 0.991953 132.41 0.000427558 
0.16425 0.0111828 2.02775e+06 0 0 1.52531e+06 1.00296 -144.949 0 0.999074 1.01209 502442 0.991131 144.949 0.000465451 
0.1679 0.0111801 2.0277e+06 0 0 1.52572e+06 1.00325 -158.447 0 0.997641 1.0119 501979 0.990243 158.447 0.000506107 
0.17155 0.0111773 2.02765e+06 0 0 1.52617e+06 1.00357 -172.96 0 0.9961 1.0117 501480 0.989284 172.96 0.000549716 
0.1752 0.0111742 2.0276e+06 0 0 1.52666e+06 1.00392 -188.544 0 0.994444 1.01149 500945 0.988252 188.544 0.000596484 
0.17885 0.0111708 2.02755e+06 0 0 1.52718e+06 1.00429 -205.25 0 0.992671 1.01126 500371 0.987144 205.25 0.00064662 
0.1825 0.0111672 2.0275e+06 0 0 1.52774e+06 1.00468 -223.119 0 0.99287 1.01102 499758 0.98596 223.119 0.000641644 
0.18615 0.0111666 2.02745e+06 0 0 1.52791e+06 1.00482 -229.51 0 1.00916 1.01093 499539 0.985551 229.51 0.000146081 
0.1898 0.0111658 2.0274e+06 0 0 1.5281e+06 1.00496 -236.411 0 1.00945 1.01084 499302 0.985109 236.411 0.000137351 
0.19345 0.0111649 2.02735e+06 0 0 1.52829e+06 1.00512 -243.55 0 1.00931 1.01074 499059 0.984653 243.55 0.000141828 
0.1971 0.0111641 2.0273e+06 0 0 1.52849e+06 1.00527 -250.944 0 1.00916 1.01064 498808 0.984183 250.944 0.00014653 
0.20075 0.0111631 2.02725e+06 0 0 1.5287e+06 1.00543 -258.611 0 1.00901 1.01053 498550 0.983697 258.611 0.000151493 
0.2044 0.0111622 2.0272e+06 0 0 1.52892e+06 1.0056 -266.576 0 1.00885 1.01043 498283 0.983194 266.576 0.000156765 
0.20805 0.0111612 2.02715e+06 0 0 1.52914e+06 1.00578 -274.868 0 1.00868 1.01032 498007 0.982675 274.868 0.00016241 
0.2117 0.0111602 2.0271e+06 0 0 1.52938e+06 1.00595 -283.526 0 1.0085 1.0102 497722 0.982136 283.526 0.000168514 
0.21535 0.0111591 2.02705e+06 0 0 1.52962e+06 1.00614 -292.6 0 1.00832 1.01008 497427 0.981578 292.6 0.000175199 
0.219 0.0111579 2.027e+06 0 0 1.52988e+06 1.00633 -302.155 0 1.00812 1.00996 497120 0.980998 302.155 0.000182624 
0.22265 0.0111567 2.02695e+06 0 0 1.53015e+06 1.00654 -312.28 0 1.0079 1.00983 496802 0.980393 312.28 0.00019101 
0.2263 0.0111554 2.0269e+06 0 0 1.53043e+06 1.00675 -323.093 0 1.00767 1.0097 496469 0.979761 323.093 0.000200653 
0.22995 0.011154 2.02685e+06 0 0 1.53073e+06 1.00697 -334.752 0 1.00742 1.00956 496121 0.979097 334.752 0.000211953 
0.2336 0.0111526 2.0268e+06 0 0 1.53105e+06 1.0072 -347.467 0 1.00713 1.00941 495753 0.978396 347.467 0.000225449 
0.23725 0.0111509 2.02675e+06 0 0 1.53139e+06 1.00745 -361.523 0 1.00681 1.00925 495364 0.977652 361.523 0.00024186 
0.2409 0.0111492 2.0267e+06 0 0 1.53175e+06 1.00772 -377.301 0 1.00644 1.00908 494947 0.976854 377.301 0.000262146 
0.24455 0.0111472 2.02665e+06 0 0 1.53215e+06 1.008 -395.309 0 1.006 1.0089 494498 0.97599 395.309 0.000287584 
0.2482 0.011145 2.0266e+06 0 0 1.53259e+06 1.00832 -416.228 0 1.00547 1.0087 494006 0.975045 416.228 0.000319868 
0.25185 0.0111424 2.02655e+06 0 0 1.53309e+06 1.00867 -440.963 0 1.00484 1.00848 493462 0.973995 440.963 0.000361238 
0.2555 0.0111395 2.0265e+06 0 0 1.53365e+06 1.00906 -470.718 0 1.00405 1.00823 492851 0.972813 470.718 0.000414647 
0.25915 0.011136 2.02645e+06 0 0 1.5343e+06 1.00951 -507.093 0 1.00307 1.00794 492154 0.97146 507.093 0.000483983 
0.2628 0.0111318 2.0264e+06 0 0 1.53506e+06 1.01004 -552.204 0 1.00182 1.00761 491344 0.969885 552.204 0.000574343 
0.26645 0.0111267 2.02635e+06 0 0 1.53596e+06 1.01066 -608.848 0 1.00024 1.00721 490387 0.968021 608.848 0.000692406 
0.2701 0.0111203 2.0263e+06 0 0 1.53706e+06 1.01141 -680.717 0 0.998215 1.00674 489241 0.965782 680.717 0.00084689 
0.27375 0.0111124 2.02625e+06 0 0 1.53841e+06 1.01232 -772.676 0 0.995601 1.00616 487845 0.963049 772.676 0.00104915 
0.2774 0.0111025 2.0262e+06 0 0 1.54008e+06 1.01344 -891.126 0 0.99222 1.00544 486122 0.959672 891.126 0.00131392 
0.28105 0.0110898 2.02615e+06 0 0 1.54218e+06 1.01485 -1044.48 0 0.987833 1.00454 483970 0.955448 1044.48 0.00166026 
0.2847 0.0110736 2.0261e+06 0 0 1.54484e+06 1.01663 -1243.78 0 0.982134 1.0034 481257 0.950115 1243.78 0.00211275 
0.28835 0.0110528 2.02605e+06 0 0 1.54824e+06 1.01889 -1503.52 0 0.974724 1.00192 477807 0.943327 1503.52 0.00270281 
0.292 0.0110261 2.026e+06 0 0 1.55261e+06 1.02179 -1842.66 0 0.965089 1.00001 473390 0.93463 1842.66 0.00347043 
0.29565 0.0109915 2.02595e+06 0 0 1.55824e+06 1.02552 -2285.99 0 0.952572 0.99751 467707 0.923432 2285.99 0.00446592 
0.2993 0.010947 2.0259e+06 0 0 1.56554e+06 1.03035 -2865.8 0 0.936331 0.994206 460364 0.908957 2865.8 0.00575163 
0.30295 0.0108896 2.02585e+06 0 0 1.575e+06 1.0366 -3623.83 0 0.915304 0.9898 450849 0.890193 3623.83 0.00740323 
0.3066 0.0108157 2.0258e+06 0 0 1.5873e+06 1.04473 -4613.4 0 0.888164 0.983856 438496 0.865824 4613.4 0.0095093 
0.31025 0.0107212 2.02575e+06 0 0 1.6033e+06 1.05528 -5900.71 0 0.853283 0.975731 422445 0.834151 5900.71 0.0121673 
0.3139 0.0106009 2.0257e+06 0 0 1.6241e+06 1.069 -7563.2 0 0.80872 0.964439 401602 0.793015 7563.2 0.0154715 
0.31755 0.0104492 2.02565e+06 0 0 1.65103e+06 1.08675 -9678.68 0 0.752273 0.948412 374615 0.739744 9678.68 0.019484 
0.3212 0.010261 2.0256e+06 0 0 1.68568e+06 1.10958 -12288.7 0 0.681671 0.925063 339921 0.671249 12288.7 0.0241712 
0.32485 0.0100328 2.02555e+06 0 0 1.72956e+06 1.13849 -15297.6 0 0.595068 0.889954 295992 0.584518 15297.6 0.0292715 
0.3285 0.00976726 2.0255e+06 0 0 1.78338e+06 1.17396 -18234.1 0 0.492137 0.835359 242115 0.478133 18234.1 0.0340423 
0.33215 0.00947903 2.02545e+06 0 0 1.84526e+06 1.21472 -19870.5 0 0.3762 0.748647 180188 0.355848 19870.5 0.0368884 
0.3358 0.00920223 2.0254e+06 0 0 1.90807e+06 1.25609 -18347.1 0 0.257274 0.614953 117333 0.231723 18347.1 0.0353404 
0.33945 0.00898271 2.02535e+06 0 0 1.96014e+06 1.2904 -13300.8 0 0.152682 0.436388 65210.7 0.128789 13300.8 0.0279355 
0.3431 0.00884484 2.0253e+06 0 0 1.99383e+06 1.31262 -7535.07 0 0.0782849 0.256553 31466.7 0.0621473 7535.07 0.0174915 
0.34675 0.00877415 2.02525e+06 0 0 2.01141e+06 1.32422 -3589.5 0 0.0358368 0.127378 13841.4 0.0273377 3589.5 0.00895913 
0.3504 0.0087423 2.0252e+06 0 0 2.0194e+06 1.32951 -1558.71 0 0.0153426 0.0567405 5803.68 0.0114629 1558.71 0.004046 
0.35405 0.00872892 2.02515e+06 0 0 2.02277e+06 1.33177 -648.775 0 0.00635764 0.0239184 2381.52 0.00470389 648.775 0.0017152 
0.3577 0.00872352 2.0251e+06 0 0 2.02413e+06 1.3327 -265.23 0 0.00259725 0.00983739 968.462 0.00191292 265.23 0.000706972 
0.36135 0.00872145 2.02505e+06 0 0 2.02466e+06 1.33307 -107.641 0 0.00105488 0.00400467 392.418 0.000775127 107.641 0.000288007 
0.365 0.00872074 2.025e+06 0 0 2.02484e+06 1.33323 -43.5601 0 0.000427479 0.00162359 158.794 0.000313668 43.5601 0.00011678 


0 0.0112 2.03e+06 0 0 1.5225e+06 1 0 0 1.015 1.01407 507500 1 0 8.28969e-10 
0.00365 0.0112003 2.02995e+06 0 0 1.52246e+06 1 -0.0214711 0 1.01497 1.01407 507487 0.999999 0.0214711 9.55978e-08 
0.0073 0.0112005 2.0299e+06 0 0 1.52243e+06 1 -0.0513555 0 1.01494 1.01406 507474 0.999998 0.0513555 2.26457e-07 
0.01095 0.0112008 2.02985e+06 0 0 1.52239e+06 1 -0.0916618 0 1.01492 1.01406 507460 0.999996 0.0916618 4.0137e-07 
0.0146 0.0112011 2.0298e+06 0 0 1.52235e+06 1 -0.144716 0 1.01489 1.01405 507447 0.999993 0.144716 6.29391e-07 
0.01825 0.0112013 2.02975e+06 0 0 1.52232e+06 1 -0.21319 0 1.01485 1.01405 507432 0.99999 0.21319 9.20748e-07 
0.0219 0.0112016 2.0297e+06 0 0 1.52228e+06 1 -0.300137 0 1.01482 1.01404 507418 0.999986 0.300137 1.28692e-06 
0.02555 0.0112019 2.02965e+06 0 0 1.52225e+06 1.00001 -0.409015 0 1.01478 1.01404 507403 0.999981 0.409015 1.7407e-06 
0.0292 0.0112021 2.0296e+06 0 0 1.52221e+06 1.00001 -0.543728 0 1.01474 1.01403 507387 0.999974 0.543728 2.29632e-06 
0.03285 0.0112024 2.02955e+06 0 0 1.52218e+06 1.00001 -0.708651 0 1.0147 1.01402 507370 0.999966 0.708651 2.96946e-06 
0.0365 0.0112026 2.0295e+06 0 0 1.52215e+06 1.00001 -0.908668 0 1.01466 1.01402 507353 0.999956 0.908668 3.77737e-06 
0.04015 0.0112028 2.02945e+06 0 0 1.52212e+06 1.00002 -1.1492 0 1.01461 1.01401 507334 0.999944 1.1492 4.73893e-06 
0.0438 0.0112031 2.0294e+06 0 0 1.52209e+06 1.00002 -1.43625 0 1.01456 1.014 507314 0.99993 1.43625 5.87473e-06 
0.04745 0.0112033 2.02935e+06 0 0 1.52206e+06 1.00003 -1.77642 0 1.0145 1.01399 507293 0.999913 1.77642 7.2071e-06 
0.0511 0.0112035 2.0293e+06 0 0 1.52203e+06 1.00004 -2.17695 0 1.01443 1.01399 507271 0.999893 2.17695 8.76021e-06 
0.05475 0.0112037 2.02925e+06 0 0 1.522e+06 1.00004 -2.64575 0 1.01436 1.01398 507246 0.999869 2.64575 1.05601e-05 
0.0584 0.0112039 2.0292e+06 0 0 1.52198e+06 1.00005 -3.19146 0 1.01428 1.01397 507219 0.999841 3.19146 1.26349e-05 
0.06205 0.011204 2.02915e+06 0 0 1.52196e+06 1.00006 -3.82342 0 1.01419 1.01395 507190 0.999808 3.82342 1.50145e-05 
0.0657 0.0112042 2.0291e+06 0 0 1.52194e+06 1.00008 -4.55176 0 1.0141 1.01394 507158 0.99977 4.55176 1.7731e-05 
0.06935 0.0112043 2.02905e+06 0 0 1.52193e+06 1.00009 -5.3874 0 1.01399 1.01393 507124 0.999726 5.3874 2.08185e-05 
0.073 0.0112044 2.029e+06 0 0 1.52191e+06 1.00011 -6.34209 0 1.01387 1.01391 507086 0.999676 6.34209 2.43133e-05 
0.07665 0.0112045 2.02895e+06 0 0 1.52191e+06 1.00013 -7.42843 0 1.01373 1.0139 507044 0.999618 7.42843 2.82539e-05 
0.0803 0.0112045 2.0289e+06 0 0 1.5219e+06 1.00015 -8.65991 0 1.01359 1.01388 506997 0.999551 8.65991 3.26809e-05 
0.08395 0.0112045 2.02885e+06 0 0 1.5219e+06 1.00017 -10.0509 0 1.01342 1.01386 506947 0.999476 10.0509 3.76373e-05 
0.0876 0.0112045 2.0288e+06 0 0 1.52191e+06 1.0002 -11.6168 0 1.01324 1.01384 506891 0.99939 11.6168 4.3168e-05 
0.09125 0.0112045 2.02875e+06 0 0 1.52192e+06 1.00024 -13.3739 0 1.01304 1.01381 506829 0.999293 13.3739 4.93207e-05 
0.0949 0.0112044 2.0287e+06 0 0 1.52194e+06 1.00027 -15.3394 0 1.01282 1.01379 506761 0.999184 15.3394 5.61449e-05 
0.09855 0.0112042 2.02865e+06 0 0 1.52196e+06 1.00031 -17.5318 0 1.01258 1.01376 506686 0.99906 17.5318 6.36929e-05 
0.1022 0.011204 2.0286e+06 0 0 1.522e+06 1.00036 -19.9703 0 1.01231 1.01372 506603 0.998922 19.9703 7.2019e-05 
0.10585 0.0112038 2.02855e+06 0 0 1.52204e+06 1.00041 -22.6754 0 1.01201 1.01369 506512 0.998767 22.6754 8.11803e-05 
0.1095 0.0112035 2.0285e+06 0 0 1.52209e+06 1.00047 -25.6686 0 1.01169 1.01365 506412 0.998595 25.6686 9.12363e-05 
0.11315 0.0112031 2.02845e+06 0 0 1.52215e+06 1.00053 -28.9728 0 1.01133 1.01361 506302 0.998402 28.9728 0.000102249 
0.1168 0.0112027 2.0284e+06 0 0 1.52222e+06 1.0006 -32.6117 0 1.01094 1.01356 506181 0.998189 32.6117 0.000114283 
0.12045 0.0112021 2.02835e+06 0 0 1.5223e+06 1.00068 -36.6107 0 1.01051 1.01351 506049 0.997952 36.6107 0.000127406 
0.1241 0.0112015 2.0283e+06 0 0 1.5224e+06 1.00077 -40.9962 0 1.01004 1.01345 505904 0.99769 40.9962 0.000141689 
0.12775 0.0112009 2.02825e+06 0 0 1.52251e+06 1.00087 -45.7962 0 1.00953 1.01339 505744 0.997401 45.7962 0.000157207 
0.1314 0.0112001 2.0282e+06 0 0 1.52263e+06 1.00097 -51.04 0 1.00897 1.01332 505570 0.997082 51.04 0.000174036 
0.13505 0.0111992 2.02815e+06 0 0 1.52277e+06 1.00109 -56.7587 0 1.00836 1.01325 505380 0.996731 56.7587 0.00019226 
0.1387 0.0111982 2.0281e+06 0 0 1.52293e+06 1.00122 -62.9849 0 1.0077 1.01316 505172 0.996346 62.9849 0.000211965 
0.14235 0.011197 2.02805e+06 0 0 1.5231e+06 1.00136 -69.7533 0 1.00698 1.01307 504946 0.995924 69.7533 0.000233243 
0.146 0.0111958 2.028e+06 0 0 1.5233e+06 1.00151 -77.1003 0 1.0062 1.01298 504700 0.995463 77.1003 0.000256193 
0.14965 0.0111944 2.02795e+06 0 0 1.52352e+06 1.00168 -85.0645 0 1.00536 1.01287 504431 0.994958 85.0645 0.000280921 
0.1533 0.0111928 2.0279e+06 0 0 1.52376e+06 1.00186 -93.6866 0 1.00444 1.01276 504140 0.994408 93.6866 0.00030754 
0.15695 0.0111911 2.02785e+06 0 0 1.52403e+06 1.00206 -103.01 0 1.00345 1.01263 503824 0.99381 103.01 0.000336171 
0.1606 0.0111892 2.0278e+06 0 0 1.52432e+06 1.00228 -113.079 0 1.00238 1.0125 503482 0.993159 113.079 0.000366949 
0.16425 0.0111872 2.02775e+06 0 0 1.52464e+06 1.00252 -123.94 0 1.00123 1.01235 503111 0.992453 123.94 0.000400015 
0.1679 0.0111849 2.0277e+06 0 0 1.52499e+06 1.00277 -135.642 0 0.999987 1.01219 502712 0.991688 135.642 0.000435523 
0.17155 0.0111825 2.02765e+06 0 0 1.52537e+06 1.00305 -148.232 0 0.99865 1.01202 502281 0.990863 148.232 0.000473635 
0.1752 0.0111799 2.0276e+06 0 0 1.52578e+06 1.00334 -161.757 0 0.997213 1.01184 501818 0.989974 161.757 0.000514521 
0.17885 0.011177 2.02755e+06 0 0 1.52623e+06 1.00366 -176.257 0 0.995674 1.01164 501321 0.989019 176.257 0.000558352 
0.1825 0.011174 2.0275e+06 0 0 1.52671e+06 1.004 -191.762 0 0.995849 1.01143 500792 0.987999 191.762 0.000553674 
0.18615 0.0111734 2.02745e+06 0 0 1.52685e+06 1.00412 -197.256 0 1.00984 1.01135 500602 0.987648 197.256 0.000125284 
0.1898 0.0111728 2.0274e+06 0 0 1.527e+06 1.00424 -203.186 0 1.01009 1.01127 500398 0.98727 203.186 0.000117742 
0.19345 0.0111721 2.02735e+06 0 0 1.52716e+06 1.00437 -209.315 0 1.00996 1.01119 500187 0.98688 209.315 0.000121523 
0.1971 0.0111714 2.0273e+06 0 0 1.52733e+06 1.00451 -215.656 0 1.00984 1.0111 499971 0.986477 215.656 0.000125479 
0.20075 0.0111707 2.02725e+06 0 0 1.5275e+06 1.00465 -222.222 0 1.00971 1.01101 499748 0.986061 222.222 0.000129636 
0.2044 0.0111699 2.0272e+06 0 0 1.52768e+06 1.00479 -229.03 0 1.00957 1.01092 499518 0.985631 229.03 0.000134025 
0.20805 0.0111691 2.02715e+06 0 0 1.52787e+06 1.00494 -236.102 0 1.00943 1.01083 499280 0.985187 236.102 0.00013869 
0.2117 0.0111682 2.0271e+06 0 0 1.52806e+06 1.00509 -243.465 0 1.00928 1.01073 499035 0.984727 243.465 0.00014369 
0.21535 0.0111673 2.02705e+06 0 0 1.52827e+06 1.00525 -251.154 0 1.00912 1.01063 498782 0.984251 251.154 0.000149103 
0.219 0.0111664 2.027e+06 0 0 1.52848e+06 1.00541 -259.213 0 1.00896 1.01052 498519 0.983758 259.213 0.000155037 
0.22265 0.0111654 2.02695e+06 0 0 1.5287e+06 1.00559 -267.703 0 1.00878 1.01041 498247 0.983244 267.703 0.000161638 
0.2263 0.0111644 2.0269e+06 0 0 1.52894e+06 1.00576 -276.703 0 1.00859 1.0103 497963 0.982709 276.703 0.000169103 
0.22995 0.0111633 2.02685e+06 0 0 1.52918e+06 1.00595 -286.318 0 1.00839 1.01018 497668 0.98215 286.318 0.000177696 
0.2336 0.0111621 2.0268e+06 0 0 1.52944e+06 1.00615 -296.69 0 1.00816 1.01005 497358 0.981563 296.69 0.000187772 
0.23725 0.0111608 2.02675e+06 0 0 1.52972e+06 1.00635 -308.008 0 1.00791 1.00992 497031 0.980943 308.008 0.000199809 
0.2409 0.0111594 2.0267e+06 0 0 1.53001e+06 1.00657 -320.524 0 1.00762 1.00978 496685 0.980283 320.524 0.000214441 
0.24455 0.0111579 2.02665e+06 0 0 1.53033e+06 1.00681 -334.575 0 1.00729 1.00963 496315 0.979577 334.575 0.000232514 
0.2482 0.0111561 2.0266e+06 0 0 1.53068e+06 1.00706 -350.613 0 1.0069 1.00947 495915 0.978812 350.613 0.000255151 
0.25185 0.0111542 2.02655e+06 0 0 1.53107e+06 1.00734 -369.237 0 1.00643 1.0093 495478 0.977974 369.237 0.000283838 
0.2555 0.011152 2.0265e+06 0 0 1.5315e+06 1.00765 -391.244 0 1.00587 1.0091 494995 0.977044 391.244 0.000320535 
0.25915 0.0111494 2.02645e+06 0 0 1.532e+06 1.008 -417.691 0 1.00517 1.00888 494452 0.975997 417.691 0.000367827 
0.2628 0.0111463 2.0264e+06 0 0 1.53257e+06 1.0084 -449.98 0 1.0043 1.00863 493833 0.974799 449.98 0.000429108 
0.26645 0.0111426 2.02635e+06 0 0 1.53323e+06 1.00886 -489.963 0 1.00321 1.00833 493115 0.973406 489.963 0.000508831 
0.2701 0.0111381 2.0263e+06 0 0 1.53403e+06 1.00941 -540.084 0 1.00182 1.00799 492269 0.971759 540.084 0.000612821 
0.27375 0.0111326 2.02625e+06 0 0 1.53499e+06 1.01007 -603.564 0 1.00003 1.00757 491255 0.969782 603.564 0.000748682 
0.2774 0.0111256 2.0262e+06 0 0 1.53618e+06 1.01088 -684.641 0 0.99774 1.00706 490023 0.967373 684.641 0.000926319 
0.28105 0.0111169 2.02615e+06 0 0 1.53764e+06 1.01187 -788.889 0 0.994775 1.00644 488505 0.9644 788.889 0.00115859 
0.2847 0.0111057 2.0261e+06 0 0 1.53949e+06 1.0131 -923.624 0 0.990934 1.00565 486612 0.960688 923.624 0.00146216 
0.28835 0.0110915 2.02605e+06 0 0 1.54182e+06 1.01466 -1098.45 0 0.985949 1.00465 484230 0.956008 1098.45 0.00185849 
0.292 0.0110733 2.026e+06 0 0 1.54479e+06 1.01665 -1325.94 0 0.979473 1.00337 481206 0.950061 1325.94 0.00237516 
0.29565 0.0110498 2.02595e+06 0 0 1.54861e+06 1.01918 -1622.57 0 0.971058 1.00172 477340 0.942452 1622.57 0.00304733 
0.2993 0.0110196 2.0259e+06 0 0 1.55353e+06 1.02244 -2009.89 0 0.960128 0.999567 472373 0.932669 2009.89 0.00391949 
0.30295 0.0109805 2.02585e+06 0 0 1.55989e+06 1.02665 -2515.99 0 0.945947 0.996734 465964 0.920038 2515.99 0.00504721 
0.3066 0.0109301 2.0258e+06 0 0 1.56813e+06 1.03211 -3177.35 0 0.92758 0.992973 457669 0.903681 3177.35 0.00649877 
0.31025 0.0108653 2.02575e+06 0 0 1.57884e+06 1.03918 -4040.91 0 0.903851 0.987932 446908 0.882455 4040.91 0.00835576 
0.3139 0.0107821 2.0257e+06 0 0 1.59277e+06 1.04837 -5165.98 0 0.873301 0.981093 432932 0.854878 5165.98 0.0107114 
0.31755 0.0106759 2.02565e+06 0 0 1.61087e+06 1.06032 -6624.7 0 0.834166 0.971678 414776 0.819049 6624.7 0.0136636 
0.3212 0.0105413 2.0256e+06 0 0 1.63437e+06 1.07581 -8497.32 0 0.784379 0.958478 391231 0.772573 8497.32 0.0172966 
0.32485 0.0103728 2.02555e+06 0 0 1.66472e+06 1.09581 -10852.6 0 0.721679 0.939537 360832 0.712561 10852.6 0.0216393 
0.3285 0.0101658 2.0255e+06 0 0 1.70352e+06 1.12138 -13688.7 0 0.643909 0.91156 321979 0.635851 13688.7 0.0265759 
0.33215 0.00991887 2.02545e+06 0 0 1.75208e+06 1.15338 -16779 0 0.549734 0.868835 273367 0.539865 16779 0.0316655 
0.3358 0.00963921 2.0254e+06 0 0 1.81023e+06 1.19169 -19351 0 0.440156 0.80153 215168 0.42494 19351 0.0358231 
0.33945 0.00934991 2.02535e+06 0 0 1.87397e+06 1.23368 -19774 0 0.321162 0.694972 151379 0.298969 19774 0.0369879 
0.3431 0.00909315 2.0253e+06 0 0 1.93353e+06 1.27292 -16466.1 0 0.206424 0.53821 91772.1 0.181251 16466.1 0.0327336 
0.34675 0.00890988 2.02525e+06 0 0 1.97768e+06 1.30202 -10608.7 0 0.114341 0.351229 47566.9 0.0939477 10608.7 0.0232858 
0.3504 0.00880582 2.0252e+06 0 0 2.00335e+06 1.31895 -5488.67 0 0.0553172 0.189934 21845.5 0.0431474 5488.67 0.0131906 
0.35405 0.00875602 2.02515e+06 0 0 2.0158e+06 1.32718 -2483.8 0 0.0244083 0.0889804 9351.9 0.0184715 2483.8 0.00631456 
0.3577 0.00873441 2.0251e+06 0 0 2.02123e+06 1.33078 -1052.45 0 0.0102526 0.0384175 3870.58 0.00764521 1052.45 0.00275154 
0.36135 0.00872553 2.02505e+06 0 0 2.02347e+06 1.33229 -433.27 0 0.00421027 0.0159575 1578.7 0.00311835 433.27 0.00114714 
0.365 0.00872202 2.025e+06 0 0 2.02436e+06 1.33291 -176.244 0 0.00171252 0.00651886 640.064 0.00126432 176.244 0.000469265 


0 0.0112 2.03e+06 0 0 1.5225e+06 1 0 0 1.015 1.01407 507500 1 0 5.55674e-10 
0.00365 0.0112003 2.02995e+06 0 0 1.52246e+06 1 -0.017366 0 1.01497 1.01407 507487 0.999999 0.017366 7.67465e-08 
0.0073 0.0112005 2.0299e+06 0 0 1.52243e+06 1 -0.0415503 0 1.01495 1.01406 507474 0.999998 0.0415503 1.82098e-07 
0.01095 0.0112008 2.02985e+06 0 0 1.52239e+06 1 -0.0741958 0 1.01492 1.01406 507461 0.999996 0.0741958 3.23138e-07 
0.0146 0.0112011 2.0298e+06 0 0 1.52235e+06 1 -0.11721 0 1.01489 1.01405 507447 0.999994 0.11721 5.07321e-07 
0.01825 0.0112014 2.02975e+06 0 0 1.52232e+06 1 -0.172793 0 1.01486 1.01405 507433 0.999992 0.172793 7.43091e-07 
0.0219 0.0112016 2.0297e+06 0 0 1.52228e+06 1 -0.243461 0 1.01483 1.01404 507419 0.999988 0.243461 1.03996e-06 
0.02555 0.0112019 2.02965e+06 0 0 1.52225e+06 1.00001 -0.332078 0 1.01479 1.01404 507404 0.999984 0.332078 1.40858e-06 
0.0292 0.0112021 2.0296e+06 0 0 1.52221e+06 1.00001 -0.441881 0 1.01476 1.01403 507389 0.999979 0.441881 1.8608e-06 
0.03285 0.0112024 2.02955e+06 0 0 1.52218e+06 1.00001 -0.576513 0 1.01472 1.01403 507373 0.999972 0.576513 2.40978e-06 
0.0365 0.0112026 2.0295e+06 0 0 1.52214e+06 1.00001 -0.740049 0 1.01468 1.01402 507357 0.999964 0.740049 3.06999e-06 
0.04015 0.0112029 2.02945e+06 0 0 1.52211e+06 1.00002 -0.937028 0 1.01463 1.01401 507339 0.999954 0.937028 3.85735e-06 
0.0438 0.0112031 2.0294e+06 0 0 1.52208e+06 1.00002 -1.17248 0 1.01458 1.014 507321 0.999943 1.17248 4.78927e-06 
0.04745 0.0112033 2.02935e+06 0 0 1.52205e+06 1.00002 -1.45198 0 1.01453 1.014 507301 0.999929 1.45198 5.88469e-06 
0.0511 0.0112036 2.0293e+06 0 0 1.52202e+06 1.00003 -1.78162 0 1.01447 1.01399 507280 0.999912 1.78162 7.16419e-06 
0.05475 0.0112038 2.02925e+06 0 0 1.52199e+06 1.00004 -2.16811 0 1.01441 1.01398 507258 0.999892 2.16811 8.65002e-06 
0.0584 0.011204 2.0292e+06 0 0 1.52197e+06 1.00004 -2.61877 0 1.01434 1.01397 507234 0.999869 2.61877 1.03662e-05 
0.06205 0.0112041 2.02915e+06 0 0 1.52194e+06 1.00005 -3.14156 0 1.01426 1.01396 507207 0.999842 3.14156 1.23384e-05 
0.0657 0.0112043 2.0291e+06 0 0 1.52192e+06 1.00006 -3.74512 0 1.01418 1.01395 507179 0.999811 3.74512 1.45944e-05 
0.06935 0.0112045 2.02905e+06 0 0 1.5219e+06 1.00008 -4.4388 0 1.01408 1.01394 507148 0.999775 4.4388 1.71637e-05 
0.073 0.0112046 2.029e+06 0 0 1.52189e+06 1.00009 -5.23268 0 1.01398 1.01392 507114 0.999733 5.23268 2.00777e-05 
0.07665 0.0112047 2.02895e+06 0 0 1.52187e+06 1.00011 -6.13762 0 1.01386 1.01391 507077 0.999684 6.13762 2.33699e-05 
0.0803 0.0112048 2.0289e+06 0 0 1.52186e+06 1.00012 -7.16524 0 1.01374 1.01389 507037 0.999629 7.16524 2.70757e-05 
0.08395 0.0112049 2.02885e+06 0 0 1.52186e+06 1.00014 -8.32801 0 1.0136 1.01388 506992 0.999566 8.32801 3.12328e-05 
0.0876 0.0112049 2.0288e+06 0 0 1.52186e+06 1.00017 -9.63924 0 1.01344 1.01386 506944 0.999494 9.63924 3.58807e-05 
0.09125 0.0112049 2.02875e+06 0 0 1.52186e+06 1.0002 -11.1131 0 1.01327 1.01384 506890 0.999413 11.1131 4.10612e-05 
0.0949 0.0112048 2.0287e+06 0 0 1.52187e+06 1.00023 -12.7647 0 1.01308 1.01381 506831 0.999321 12.7647 4.68183e-05 
0.09855 0.0112048 2.02865e+06 0 0 1.52188e+06 1.00026 -14.61 0 1.01287 1.01379 506766 0.999218 14.61 5.31982e-05 
0.1022 0.0112047 2.0286e+06 0 0 1.52191e+06 1.0003 -16.6661 0 1.01264 1.01376 506694 0.999102 16.6661 6.02493e-05 
0.10585 0.0112045 2.02855e+06 0 0 1.52193e+06 1.00034 -18.9508 0 1.01238 1.01373 506616 0.998972 18.9508 6.80224e-05 
0.1095 0.0112043 2.0285e+06 0 0 1.52197e+06 1.00039 -21.4833 0 1.0121 1.0137 506530 0.998826 21.4833 7.65706e-05 
0.11315 0.011204 2.02845e+06 0 0 1.52201e+06 1.00045 -24.2835 0 1.0118 1.01366 506435 0.998664 24.2835 8.59496e-05 
0.1168 0.0112037 2.0284e+06 0 0 1.52207e+06 1.00051 -27.3727 0 1.01146 1.01362 506331 0.998483 27.3727 9.62176e-05 
0.12045 0.0112033 2.02835e+06 0 0 1.52213e+06 1.00057 -30.7731 0 1.01109 1.01357 506217 0.998283 30.7731 0.000107436 
0.1241 0.0112028 2.0283e+06 0 0 1.52221e+06 1.00065 -34.5084 0 1.01069 1.01352 506092 0.998061 34.5084 0.000119667 
0.12775 0.0112023 2.02825e+06 0 0 1.5223e+06 1.00073 -38.6034 0 1.01025 1.01347 505955 0.997815 38.6034 0.00013298 
0.1314 0.0112016 2.0282e+06 0 0 1.5224e+06 1.00082 -43.0843 0 1.00977 1.01341 505805 0.997544 43.0843 0.000147444 
0.13505 0.0112009 2.02815e+06 0 0 1.52251e+06 1.00092 -47.9786 0 1.00925 1.01335 505641 0.997246 47.9786 0.000163134 
0.1387 0.0112001 2.0281e+06 0 0 1.52264e+06 1.00103 -53.3157 0 1.00868 1.01328 505462 0.996918 53.3157 0.000180128 
0.14235 0.0111992 2.02805e+06 0 0 1.52278e+06 1.00115 -59.1262 0 1.00806 1.0132 505267 0.996557 59.1262 0.00019851 
0.146 0.0111981 2.028e+06 0 0 1.52295e+06 1.00128 -65.4426 0 1.00738 1.01312 505055 0.996163 65.4426 0.000218368 
0.14965 0.011197 2.02795e+06 0 0 1.52313e+06 1.00142 -72.2992 0 1.00665 1.01303 504823 0.995732 72.2992 0.000239797 
0.1533 0.0111957 2.0279e+06 0 0 1.52333e+06 1.00158 -79.7321 0 1.00586 1.01293 504572 0.99526 79.7321 0.000262898 
0.15695 0.0111942 2.02785e+06 0 0 1.52355e+06 1.00175 -87.779 0 1.00501 1.01282 504299 0.994747 87.779 0.000287779 
0.1606 0.0111927 2.0278e+06 0 0 1.5238e+06 1.00194 -96.4795 0 1.00408 1.0127 504004 0.994189 96.4795 0.000314558 
0.16425 0.0111909 2.02775e+06 0 0 1.52407e+06 1.00214 -105.874 0 1.00308 1.01258 503684 0.993582 105.874 0.000343358 
0.1679 0.011189 2.0277e+06 0 0 1.52436e+06 1.00236 -116.004 0 1.00201 1.01244 503338 0.992925 116.004 0.000374311 
0.17155 0.011187 2.02765e+06 0 0 1.52468e+06 1.0026 -126.91 0 1.00085 1.01229 502966 0.992215 126.91 0.000407555 
0.1752 0.0111847 2.0276e+06 0 0 1.52503e+06 1.00285 -138.63 0 0.9996 1.01214 502566 0.99145 138.63 0.000443231 
0.17885 0.0111823 2.02755e+06 0 0 1.52541e+06 1.00312 -151.197 0 0.998265 1.01197 502137 0.990629 151.197 0.000481479 
0.1825 0.0111797 2.0275e+06 0 0 1.52582e+06 1.00342 -164.633 0 0.998418 1.01178 501680 0.989751 164.633 0.000477145 
0.18615 0.0111793 2.02745e+06 0 0 1.52593e+06 1.00352 -169.354 0 1.01042 1.01172 501515 0.989451 169.354 0.000107408 
0.1898 0.0111788 2.0274e+06 0 0 1.52606e+06 1.00362 -174.449 0 1.01063 1.01165 501339 0.989126 174.449 0.000100897 
0.19345 0.0111783 2.02735e+06 0 0 1.52619e+06 1.00374 -179.712 0 1.01053 1.01158 501157 0.988792 179.712 0.000104099 
0.1971 0.0111777 2.0273e+06 0 0 1.52633e+06 1.00385 -185.151 0 1.01042 1.0115 500970 0.988447 185.151 0.00010744 
0.20075 0.0111771 2.02725e+06 0 0 1.52647e+06 1.00397 -190.776 0 1.01031 1.01142 500777 0.988091 190.776 0.000110936 
0.2044 0.0111765 2.0272e+06 0 0 1.52662e+06 1.00409 -196.602 0 1.01019 1.01135 500578 0.987723 196.602 0.00011461 
0.20805 0.0111758 2.02715e+06 0 0 1.52678e+06 1.00422 -202.642 0 1.01007 1.01126 500373 0.987344 202.642 0.000118491 
0.2117 0.0111752 2.0271e+06 0 0 1.52694e+06 1.00435 -208.916 0 1.00994 1.01118 500162 0.986951 208.916 0.000122618 
0.21535 0.0111744 2.02705e+06 0 0 1.52711e+06 1.00448 -215.449 0 1.00981 1.01109 499944 0.986545 215.449 0.000127046 
0.219 0.0111737 2.027e+06 0 0 1.52728e+06 1.00463 -222.271 0 1.00967 1.011 499719 0.986125 222.271 0.000131844 
0.22265 0.0111729 2.02695e+06 0 0 1.52746e+06 1.00477 -229.424 0 1.00953 1.01091 499485 0.985688 229.424 0.00013711 
0.2263 0.0111721 2.0269e+06 0 0 1.52766e+06 1.00492 -236.961 0 1.00937 1.01081 499243 0.985235 236.961 0.000142974 
0.22995 0.0111712 2.02685e+06 0 0 1.52786e+06 1.00508 -244.953 0 1.0092 1.01071 498991 0.984762 244.953 0.000149612 
0.2336 0.0111702 2.0268e+06 0 0 1.52807e+06 1.00524 -253.496 0 1.00902 1.01061 498728 0.984267 253.496 0.000157259 
0.23725 0.0111692 2.02675e+06 0 0 1.5283e+06 1.00542 -262.714 0 1.00882 1.01049 498453 0.983748 262.714 0.00016623 
0.2409 0.0111681 2.0267e+06 0 0 1.52854e+06 1.0056 -272.776 0 1.00859 1.01038 498162 0.983199 272.776 0.000176945 
0.24455 0.0111669 2.02665e+06 0 0 1.5288e+06 1.00579 -283.906 0 1.00834 1.01025 497855 0.982616 283.906 0.000189964 
0.2482 0.0111655 2.0266e+06 0 0 1.52907e+06 1.006 -296.402 0 1.00805 1.01012 497525 0.981991 296.402 0.00020603 
0.25185 0.0111641 2.02655e+06 0 0 1.52938e+06 1.00623 -310.663 0 1.0077 1.00998 497170 0.981314 310.663 0.000226128 
0.2555 0.0111624 2.0265e+06 0 0 1.52972e+06 1.00648 -327.214 0 1.00729 1.00982 496782 0.980572 327.214 0.000251558 
0.25915 0.0111604 2.02645e+06 0 0 1.5301e+06 1.00675 -346.758 0 1.00679 1.00965 496353 0.979749 346.758 0.000284035 
0.2628 0.0111582 2.0264e+06 0 0 1.53053e+06 1.00706 -370.22 0 1.00617 1.00945 495872 0.978823 370.22 0.000325816 
0.26645 0.0111555 2.02635e+06 0 0 1.53103e+06 1.00741 -398.827 0 1.00541 1.00923 495323 0.977764 398.827 0.000379861 
0.2701 0.0111522 2.0263e+06 0 0 1.53161e+06 1.00782 -434.196 0 1.00444 1.00897 494687 0.976533 434.196 0.000450051 
0.27375 0.0111483 2.02625e+06 0 0 1.53231e+06 1.00831 -478.459 0 1.00322 1.00867 493939 0.975079 478.459 0.000541463 
0.2774 0.0111434 2.0262e+06 0 0 1.53316e+06 1.00889 -534.423 0 1.00165 1.0083 493044 0.973337 534.423 0.000660719 
0.28105 0.0111373 2.02615e+06 0 0 1.53419e+06 1.00959 -605.777 0 0.999641 1.00786 491957 0.971216 605.777 0.000816447 
0.2847 0.0111297 2.0261e+06 0 0 1.53548e+06 1.01047 -697.365 0 0.997046 1.00731 490622 0.968603 697.365 0.00101985 
0.28835 0.0111199 2.02605e+06 0 0 1.53709e+06 1.01155 -815.543 0 0.993688 1.00662 488959 0.965345 815.543 0.00128546 
0.292 0.0111075 2.026e+06 0 0 1.53913e+06 1.01292 -968.644 0 0.989333 1.00576 486870 0.961244 968.644 0.00163201 
0.29565 0.0110915 2.02595e+06 0 0 1.54173e+06 1.01465 -1167.58 0 0.983681 1.00465 484222 0.95604 1167.58 0.00208362 
0.2993 0.011071 2.0259e+06 0 0 1.54506e+06 1.01687 -1426.65 0 0.976341 1.00322 480843 0.949392 1426.65 0.00267114 
0.30295 0.0110445 2.02585e+06 0 0 1.54934e+06 1.01972 -1764.52 0 0.966812 1.00136 476507 0.940855 1764.52 0.00343374 
0.3066 0.0110103 2.0258e+06 0 0 1.55488e+06 1.02338 -2205.6 0 0.954449 0.99893 470920 0.929845 2205.6 0.00442071 
0.31025 0.0109662 2.02575e+06 0 0 1.56205e+06 1.02813 -2781.63 0 0.938431 0.995716 463696 0.915604 2781.63 0.00569314 
0.3139 0.0109094 2.0257e+06 0 0 1.57137e+06 1.03429 -3533.67 0 0.917722 0.991431 454334 0.89714 3533.67 0.00732525 
0.31755 0.0108364 2.02565e+06 0 0 1.58347e+06 1.04228 -4514.22 0 0.891025 0.985656 442181 0.873164 4514.22 0.00940416 
0.3212 0.0107429 2.0256e+06 0 0 1.5992e+06 1.05266 -5788.69 0 0.856749 0.977775 426396 0.842014 5788.69 0.0120263 
0.32485 0.010624 2.02555e+06 0 0 1.61964e+06 1.06614 -7434.26 0 0.812994 0.966843 405905 0.801571 7434.26 0.0152862 
0.3285 0.0104742 2.0255e+06 0 0 1.64612e+06 1.0836 -9530.29 0 0.75759 0.951367 379380 0.749208 9530.29 0.0192501 
0.33215 0.0102881 2.02545e+06 0 0 1.68018e+06 1.10605 -12125.3 0 0.688275 0.928887 345267 0.681858 12125.3 0.0238962 
0.3358 0.0100622 2.0254e+06 0 0 1.72339e+06 1.13452 -15143.7 0 0.603148 0.895194 302012 0.59645 15143.7 0.0289915 
0.33945 0.00979809 2.02535e+06 0 0 1.77659e+06 1.16957 -18162.2 0 0.50168 0.84295 248762 0.491296 18162.2 0.0338522 
0.3431 0.00950921 2.0253e+06 0 0 1.83824e+06 1.21019 -20026.7 0 0.386725 0.759976 187059 0.369444 20026.7 0.0369745 
0.34675 0.00922787 2.02525e+06 0 0 1.90177e+06 1.25204 -18859.8 0 0.267533 0.631046 123484 0.24389 18859.8 0.0359264 
0.3504 0.00900017 2.0252e+06 0 0 1.9556e+06 1.28751 -14009.5 0 0.160906 0.455153 69600.6 0.137469 14009.5 0.0289825 
0.35405 0.00885414 2.02515e+06 0 0 1.99122e+06 1.311 -8095.86 0 0.0834658 0.272267 33925.4 0.0670082 8095.86 0.0185294 
0.3577 0.00877815 2.0251e+06 0 0 2.0101e+06 1.32346 -3899.53 0 0.0384774 0.136854 14996.5 0.0296213 3899.53 0.00962898 
0.36135 0.00874365 2.02505e+06 0 0 2.01875e+06 1.32919 -1700.91 0 0.016518 0.0613262 6296.72 0.0124377 1700.91 0.00437924 
0.365 0.00872911 2.025e+06 0 0 2.02242e+06 1.33163 -708.693 0 0.00684588 0.0258981 2582.77 0.00510177 708.693 0.00186074 


0 0.0112 2.03e+06 0 0 1.5225e+06 1 0 0 1.015 1.01407 507500 1 0 3.7248e-10 
0.00365 0.0112003 2.02995e+06 0 0 1.52246e+06 1 -0.0140562 0 1.01497 1.01407 507487 0.999999 0.0140562 6.16926e-08 
0.0073 0.0112005 2.0299e+06 0 0 1.52243e+06 1 -0.0336412 0 1.01495 1.01406 507474 0.999998 0.0336412 1.46587e-07 
0.01095 0.0112008 2.02985e+06 0 0 1.52239e+06 1 -0.0600989 0 1.01492 1.01406 507461 0.999997 0.0600989 2.60406e-07 
0.0146 0.0112011 2.0298e+06 0 0 1.52235e+06 1 -0.0949939 0 1.01489 1.01405 507448 0.999995 0.0949939 4.09281e-07 
0.01825 0.0112014 2.02975e+06 0 0 1.52232e+06 1 -0.140135 0 1.01486 1.01405 507434 0.999993 0.140135 6.0018e-07 
0.0219 0.0112016 2.0297e+06 0 0 1.52228e+06 1 -0.197598 0 1.01483 1.01404 507420 0.999991 0.197598 8.40979e-07 
0.02555 0.0112019 2.02965e+06 0 0 1.52224e+06 1 -0.269751 0 1.0148 1.01404 507406 0.999987 0.269751 1.14053e-06 
0.0292 0.0112021 2.0296e+06 0 0 1.52221e+06 1.00001 -0.35928 0 1.01476 1.01403 507391 0.999983 0.35928 1.50871e-06 
0.03285 0.0112024 2.02955e+06 0 0 1.52217e+06 1.00001 -0.469212 0 1.01473 1.01403 507376 0.999977 0.469212 1.9565e-06 
0.0365 0.0112027 2.0295e+06 0 0 1.52214e+06 1.00001 -0.602946 0 1.01469 1.01402 507360 0.999971 0.602946 2.49608e-06 
0.04015 0.0112029 2.02945e+06 0 0 1.52211e+06 1.00001 -0.764277 0 1.01465 1.01401 507344 0.999963 0.764277 3.14082e-06 
0.0438 0.0112031 2.0294e+06 0 0 1.52207e+06 1.00002 -0.957426 0 1.0146 1.01401 507326 0.999953 0.957426 3.90542e-06 
0.04745 0.0112034 2.02935e+06 0 0 1.52204e+06 1.00002 -1.18707 0 1.01456 1.014 507308 0.999942 1.18707 4.80592e-06 
0.0511 0.0112036 2.0293e+06 0 0 1.52201e+06 1.00002 -1.45835 0 1.0145 1.01399 507288 0.999928 1.45835 5.85981e-06 
0.05475 0.0112038 2.02925e+06 0 0 1.52198e+06 1.00003 -1.77694 0 1.01445 1.01398 507268 0.999912 1.77694 7.08604e-06 
0.0584 0.011204 2.0292e+06 0 0 1.52195e+06 1.00004 -2.14905 0 1.01439 1.01398 507246 0.999893 2.14905 8.50512e-06 
0.06205 0.0112042 2.02915e+06 0 0 1.52193e+06 1.00004 -2.58143 0 1.01432 1.01397 507222 0.99987 2.58143 1.01392e-05 
0.0657 0.0112044 2.0291e+06 0 0 1.5219e+06 1.00005 -3.08145 0 1.01424 1.01396 507196 0.999844 3.08145 1.20119e-05 
0.06935 0.0112046 2.02905e+06 0 0 1.52188e+06 1.00006 -3.65711 0 1.01416 1.01395 507168 0.999814 3.65711 1.41488e-05 
0.073 0.0112048 2.029e+06 0 0 1.52186e+06 1.00007 -4.31702 0 1.01407 1.01393 507138 0.999779 4.31702 1.65772e-05 
0.07665 0.0112049 2.02895e+06 0 0 1.52184e+06 1.00009 -5.07052 0 1.01397 1.01392 507105 0.999739 5.07052 1.93259e-05 
0.0803 0.011205 2.0289e+06 0 0 1.52183e+06 1.0001 -5.92763 0 1.01386 1.01391 507069 0.999693 5.92763 2.2426e-05 
0.08395 0.0112051 2.02885e+06 0 0 1.52182e+06 1.00012 -6.8991 0 1.01374 1.01389 507030 0.999641 6.8991 2.59101e-05 
0.0876 0.0112052 2.0288e+06 0 0 1.52181e+06 1.00014 -7.99646 0 1.0136 1.01387 506987 0.999581 7.99646 2.9813e-05 
0.09125 0.0112052 2.02875e+06 0 0 1.52181e+06 1.00016 -9.232 0 1.01345 1.01386 506940 0.999513 9.232 3.41714e-05 
0.0949 0.0112052 2.0287e+06 0 0 1.52181e+06 1.00019 -10.6189 0 1.01329 1.01384 506889 0.999436 10.6189 3.90239e-05 
0.09855 0.0112052 2.02865e+06 0 0 1.52182e+06 1.00022 -12.171 0 1.01311 1.01381 506833 0.999349 12.171 4.44114e-05 
0.1022 0.0112052 2.0286e+06 0 0 1.52183e+06 1.00025 -13.9033 0 1.01291 1.01379 506771 0.999252 13.9033 5.03768e-05 
0.10585 0.0112051 2.02855e+06 0 0 1.52185e+06 1.00029 -15.8315 0 1.01269 1.01376 506703 0.999142 15.8315 5.69652e-05 
0.1095 0.0112049 2.0285e+06 0 0 1.52187e+06 1.00033 -17.9723 0 1.01245 1.01373 506628 0.99902 17.9723 6.42238e-05 
0.11315 0.0112047 2.02845e+06 0 0 1.5219e+06 1.00037 -20.3434 0 1.01219 1.0137 506546 0.998883 20.3434 7.22024e-05 
0.1168 0.0112045 2.0284e+06 0 0 1.52194e+06 1.00042 -22.9634 0 1.0119 1.01367 506456 0.99873 22.9634 8.09531e-05 
0.12045 0.0112042 2.02835e+06 0 0 1.52199e+06 1.00048 -25.8522 0 1.01159 1.01363 506358 0.998561 25.8522 9.05305e-05 
0.1241 0.0112039 2.0283e+06 0 0 1.52205e+06 1.00054 -29.0305 0 1.01124 1.01359 506250 0.998373 29.0305 0.000100992 
0.12775 0.0112034 2.02825e+06 0 0 1.52212e+06 1.00061 -32.5204 0 1.01086 1.01354 506132 0.998164 32.5204 0.000112398 
0.1314 0.0112029 2.0282e+06 0 0 1.5222e+06 1.00069 -36.3452 0 1.01045 1.01349 506002 0.997934 36.3452 0.000124812 
0.13505 0.0112024 2.02815e+06 0 0 1.52229e+06 1.00077 -40.5294 0 1.01 1.01343 505861 0.99768 40.5294 0.000138301 
0.1387 0.0112017 2.0281e+06 0 0 1.52239e+06 1.00087 -45.0989 0 1.00951 1.01337 505707 0.997401 45.0989 0.000152936 
0.14235 0.011201 2.02805e+06 0 0 1.52251e+06 1.00097 -50.0811 0 1.00897 1.01331 505539 0.997094 50.0811 0.00016879 
0.146 0.0112001 2.028e+06 0 0 1.52264e+06 1.00108 -55.5048 0 1.00839 1.01324 505356 0.996757 55.5048 0.000185945 
0.14965 0.0111992 2.02795e+06 0 0 1.52279e+06 1.0012 -61.4004 0 1.00776 1.01316 505156 0.996388 61.4004 0.000204485 
0.1533 0.0111981 2.0279e+06 0 0 1.52296e+06 1.00134 -67.7997 0 1.00708 1.01307 504940 0.995985 67.7997 0.0002245 
0.15695 0.0111969 2.02785e+06 0 0 1.52315e+06 1.00148 -74.736 0 1.00634 1.01298 504704 0.995546 74.736 0.000246085 
0.1606 0.0111956 2.0278e+06 0 0 1.52335e+06 1.00164 -82.2439 0 1.00554 1.01288 504449 0.995067 82.2439 0.000269344 
0.16425 0.0111942 2.02775e+06 0 0 1.52358e+06 1.00182 -90.3587 0 1.00467 1.01277 504173 0.994546 90.3587 0.000294384 
0.1679 0.0111926 2.0277e+06 0 0 1.52383e+06 1.00201 -99.1158 0 1.00374 1.01265 503874 0.993982 99.1158 0.000321318 
0.17155 0.0111908 2.02765e+06 0 0 1.5241e+06 1.00221 -108.55 0 1.00273 1.01253 503553 0.993372 108.55 0.000350265 
0.1752 0.0111889 2.0276e+06 0 0 1.52439e+06 1.00243 -118.692 0 1.00165 1.01239 503207 0.992715 118.692 0.000381341 
0.17885 0.0111869 2.02755e+06 0 0 1.52471e+06 1.00266 -129.568 0 1.0005 1.01224 502837 0.992009 129.568 0.000414658 
0.1825 0.0111847 2.0275e+06 0 0 1.52506e+06 1.00292 -141.195 0 1.00063 1.01209 502442 0.991254 141.195 0.00041069 
0.18615 0.0111844 2.02745e+06 0 0 1.52515e+06 1.003 -145.251 0 1.01092 1.01203 502299 0.990997 145.251 9.20452e-05 
0.1898 0.011184 2.0274e+06 0 0 1.52525e+06 1.00309 -149.628 0 1.0111 1.01197 502146 0.990719 149.628 8.64268e-05 
0.19345 0.0111836 2.02735e+06 0 0 1.52536e+06 1.00319 -154.146 0 1.01101 1.01191 501989 0.990433 154.146 8.91447e-05 
0.1971 0.0111831 2.0273e+06 0 0 1.52547e+06 1.00329 -158.812 0 1.01091 1.01184 501827 0.990138 158.812 9.19734e-05 
0.20075 0.0111826 2.02725e+06 0 0 1.52559e+06 1.00339 -163.634 0 1.01082 1.01178 501660 0.989833 163.634 9.49245e-05 
0.2044 0.0111822 2.0272e+06 0 0 1.52571e+06 1.00349 -168.621 0 1.01072 1.01171 501488 0.989519 168.621 9.80134e-05 
0.20805 0.0111816 2.02715e+06 0 0 1.52584e+06 1.0036 -173.785 0 1.01062 1.01164 501311 0.989194 173.785 0.00010126 
0.2117 0.0111811 2.0271e+06 0 0 1.52597e+06 1.00371 -179.139 0 1.01051 1.01156 501129 0.988859 179.139 0.000104691 
0.21535 0.0111805 2.02705e+06 0 0 1.52611e+06 1.00383 -184.701 0 1.0104 1.01149 500941 0.988513 184.701 0.000108343 
0.219 0.0111799 2.027e+06 0 0 1.52625e+06 1.00395 -190.493 0 1.01028 1.01141 500747 0.988154 190.493 0.000112262 
0.22265 0.0111793 2.02695e+06 0 0 1.5264e+06 1.00407 -196.542 0 1.01016 1.01133 500546 0.987783 196.542 0.000116514 
0.2263 0.0111786 2.0269e+06 0 0 1.52656e+06 1.0042 -202.885 0 1.01003 1.01125 500339 0.987397 202.885 0.000121185 
0.22995 0.0111779 2.02685e+06 0 0 1.52673e+06 1.00433 -209.571 0 1.00989 1.01116 500123 0.986996 209.571 0.00012639 
0.2336 0.0111772 2.0268e+06 0 0 1.5269e+06 1.00447 -216.663 0 1.00974 1.01107 499899 0.986579 216.663 0.000132287 
0.23725 0.0111764 2.02675e+06 0 0 1.52708e+06 1.00462 -224.245 0 1.00958 1.01098 499666 0.986142 224.245 0.000139083 
0.2409 0.0111755 2.0267e+06 0 0 1.52728e+06 1.00477 -232.43 0 1.0094 1.01088 499421 0.985683 232.43 0.000147057 
0.24455 0.0111745 2.02665e+06 0 0 1.52749e+06 1.00493 -241.366 0 1.0092 1.01078 499163 0.985198 241.366 0.000156578 
0.2482 0.0111735 2.0266e+06 0 0 1.52771e+06 1.00511 -251.251 0 1.00897 1.01067 498889 0.984682 251.251 0.00016814 
0.25185 0.0111724 2.02655e+06 0 0 1.52795e+06 1.00529 -262.35 0 1.00871 1.01055 498596 0.984129 262.35 0.000182392 
0.2555 0.0111711 2.0265e+06 0 0 1.52822e+06 1.00549 -275.011 0 1.00841 1.01043 498281 0.98353 275.011 0.000200198 
0.25915 0.0111696 2.02645e+06 0 0 1.52851e+06 1.00571 -289.698 0 1.00804 1.01029 497936 0.982874 289.698 0.000222694 
0.2628 0.0111679 2.0264e+06 0 0 1.52884e+06 1.00595 -307.025 0 1.0076 1.01013 497556 0.982147 307.025 0.000251376 
0.26645 0.0111659 2.02635e+06 0 0 1.52922e+06 1.00622 -327.803 0 1.00706 1.00996 497129 0.981328 327.803 0.000288211 
0.2701 0.0111636 2.0263e+06 0 0 1.52966e+06 1.00654 -353.102 0 1.00638 1.00977 496642 0.980393 353.102 0.000335781 
0.27375 0.0111608 2.02625e+06 0 0 1.53017e+06 1.0069 -384.334 0 1.00554 1.00954 496080 0.979307 384.334 0.000397463 
0.2774 0.0111573 2.0262e+06 0 0 1.53078e+06 1.00732 -423.356 0 1.00446 1.00927 495419 0.978026 423.356 0.000477673 
0.28105 0.0111531 2.02615e+06 0 0 1.53152e+06 1.00784 -472.61 0 1.00309 1.00895 494630 0.976492 472.61 0.000582174 
0.2847 0.0111477 2.0261e+06 0 0 1.53243e+06 1.00846 -535.303 0 1.00133 1.00856 493673 0.974628 535.303 0.00071847 
0.28835 0.011141 2.02605e+06 0 0 1.53355e+06 1.00922 -615.642 0 0.99906 1.00808 492499 0.972334 615.642 0.000896311 
0.292 0.0111325 2.026e+06 0 0 1.53496e+06 1.01017 -719.142 0 0.996128 1.00748 491041 0.969478 719.142 0.00112834 
0.29565 0.0111216 2.02595e+06 0 0 1.53674e+06 1.01137 -853.029 0 0.992329 1.00673 489211 0.965889 853.029 0.00143089 
0.2993 0.0111077 2.0259e+06 0 0 1.539e+06 1.01289 -1026.76 0 0.987402 1.00577 486895 0.96134 1026.76 0.00182502 
0.30295 0.0110898 2.02585e+06 0 0 1.54191e+06 1.01482 -1252.72 0 0.981008 1.00453 483944 0.955538 1252.72 0.00233771 
0.3066 0.0110666 2.0258e+06 0 0 1.54564e+06 1.0173 -1547.07 0 0.97271 1.00293 480163 0.948096 1547.07 0.00300336 
0.31025 0.0110368 2.02575e+06 0 0 1.55045e+06 1.0205 -1930.97 0 0.961946 1.00084 475297 0.938511 1930.97 0.00386545 
0.3139 0.0109983 2.0257e+06 0 0 1.55669e+06 1.02463 -2431.96 0 0.947997 0.998089 469012 0.926124 2431.96 0.00497835 
0.31755 0.0109486 2.02565e+06 0 0 1.56477e+06 1.02997 -3085.8 0 0.929953 0.994439 460875 0.910079 3085.8 0.00640886 
0.3212 0.0108847 2.0256e+06 0 0 1.57528e+06 1.03691 -3938.53 0 0.906667 0.989551 450321 0.889259 3938.53 0.00823702 
0.32485 0.0108027 2.02555e+06 0 0 1.58893e+06 1.04593 -5048.5 0 0.876717 0.982928 436615 0.862216 5048.5 0.0105547 
0.3285 0.010698 2.0255e+06 0 0 1.60668e+06 1.05764 -6487.01 0 0.838378 0.973829 418819 0.827092 6487.01 0.0134592 
0.33215 0.0105655 2.02545e+06 0 0 1.62971e+06 1.07282 -8334.53 0 0.789622 0.961101 395744 0.781542 8334.53 0.0170369 
0.3358 0.0103995 2.0254e+06 0 0 1.65945e+06 1.09243 -10663.4 0 0.728213 0.94289 365949 0.722719 10663.4 0.0213241 
0.33945 0.0101952 2.02535e+06 0 0 1.69752e+06 1.11751 -13484.1 0 0.651977 0.916084 327832 0.647458 13484.1 0.0262253 
0.3431 0.00995077 2.0253e+06 0 0 1.74528e+06 1.14899 -16604.2 0 0.559456 0.87529 280019 0.553042 16604.2 0.031344 
0.34675 0.00967227 2.02525e+06 0 0 1.80281e+06 1.18689 -19321.7 0 0.451316 0.811174 222436 0.439326 19321.7 0.0356779 
0.3504 0.00938085 2.0252e+06 0 0 1.86663e+06 1.22894 -20073.9 0 0.332875 0.709389 158565 0.313185 20073.9 0.0372643 
0.35405 0.0091173 2.02515e+06 0 0 1.92748e+06 1.26903 -17136 0 0.21696 0.557484 97666.5 0.192907 17136 0.0336069 
0.3577 0.00892467 2.0251e+06 0 0 1.97376e+06 1.29953 -11327.9 0 0.121933 0.370893 51340.9 0.101409 11327.9 0.0244806 
0.36135 0.008813 2.02505e+06 0 0 2.00127e+06 1.31767 -5965.08 0 0.0596374 0.204062 23784.4 0.0469804 5965.08 0.0141545 
0.365 0.00875889 2.025e+06 0 0 2.01478e+06 1.3266 -2722.9 0 0.0264652 0.0966041 10219.7 0.020187 2722.9 0.00685939 


0 0.0112 2.03e+06 0 0 1.5225e+06 1 0 0 1.015 1.01407 507500 1 0 2.49681e-10 
0.00365 0.0112003 2.02995e+06 0 0 1.52246e+06 1 -0.0113853 0 1.01497 1.01407 507487 0.999999 0.0113853 4.96515e-08 
0.0073 0.0112005 2.0299e+06 0 0 1.52243e+06 1 -0.0272563 0 1.01495 1.01406 507474 0.999999 0.0272563 1.18122e-07 
0.01095 0.0112008 2.02985e+06 0 0 1.52239e+06 1 -0.0487122 0 1.01492 1.01406 507461 0.999998 0.0487122 2.10046e-07 
0.0146 0.0112011 2.0298e+06 0 0 1.52235e+06 1 -0.0770364 0 1.01489 1.01405 507448 0.999996 0.0770364 3.30462e-07 
0.01825 0.0112014 2.02975e+06 0 0 1.52232e+06 1 -0.113716 0 1.01486 1.01405 507435 0.999995 0.113716 4.85117e-07 
0.0219 0.0112016 2.0297e+06 0 0 1.52228e+06 1 -0.160462 0 1.01483 1.01404 507421 0.999992 0.160462 6.80528e-07 
0.02555 0.0112019 2.02965e+06 0 0 1.52224e+06 1 -0.219232 0 1.0148 1.01404 507407 0.999989 0.219232 9.24039e-07 
0.0292 0.0112022 2.0296e+06 0 0 1.52221e+06 1 -0.292252 0 1.01477 1.01403 507393 0.999986 0.292252 1.22388e-06 
0.03285 0.0112024 2.02955e+06 0 0 1.52217e+06 1.00001 -0.382039 0 1.01474 1.01403 507378 0.999982 0.382039 1.58922e-06 
0.0365 0.0112027 2.0295e+06 0 0 1.52214e+06 1.00001 -0.491422 0 1.0147 1.01402 507363 0.999976 0.491422 2.03026e-06 
0.04015 0.0112029 2.02945e+06 0 0 1.5221e+06 1.00001 -0.623575 0 1.01466 1.01402 507347 0.99997 0.623575 2.55824e-06 
0.0438 0.0112032 2.0294e+06 0 0 1.52207e+06 1.00001 -0.78203 0 1.01462 1.01401 507331 0.999962 0.78203 3.18554e-06 
0.04745 0.0112034 2.02935e+06 0 0 1.52204e+06 1.00002 -0.970713 0 1.01458 1.014 507313 0.999952 0.970713 3.92574e-06 
0.0511 0.0112037 2.0293e+06 0 0 1.522e+06 1.00002 -1.19396 0 1.01453 1.01399 507295 0.999941 1.19396 4.79366e-06 
0.05475 0.0112039 2.02925e+06 0 0 1.52197e+06 1.00002 -1.45656 0 1.01448 1.01399 507276 0.999928 1.45656 5.80542e-06 
0.0584 0.0112041 2.0292e+06 0 0 1.52194e+06 1.00003 -1.76376 0 1.01442 1.01398 507255 0.999912 1.76376 6.97851e-06 
0.06205 0.0112043 2.02915e+06 0 0 1.52192e+06 1.00004 -2.1213 0 1.01436 1.01397 507233 0.999893 2.1213 8.33184e-06 
0.0657 0.0112045 2.0291e+06 0 0 1.52189e+06 1.00004 -2.53544 0 1.0143 1.01396 507210 0.999872 2.53544 9.8858e-06 
0.06935 0.0112047 2.02905e+06 0 0 1.52187e+06 1.00005 -3.013 0 1.01422 1.01395 507185 0.999847 3.013 1.16623e-05 
0.073 0.0112049 2.029e+06 0 0 1.52184e+06 1.00006 -3.56137 0 1.01414 1.01394 507158 0.999818 3.56137 1.36848e-05 
0.07665 0.011205 2.02895e+06 0 0 1.52182e+06 1.00007 -4.18853 0 1.01406 1.01393 507128 0.999785 4.18853 1.59785e-05 
0.0803 0.0112052 2.0289e+06 0 0 1.5218e+06 1.00008 -4.9031 0 1.01396 1.01392 507096 0.999746 4.9031 1.85702e-05 
0.08395 0.0112053 2.02885e+06 0 0 1.52179e+06 1.0001 -5.71435 0 1.01386 1.0139 507062 0.999703 5.71435 2.14883e-05 
0.0876 0.0112054 2.0288e+06 0 0 1.52178e+06 1.00012 -6.63222 0 1.01374 1.01389 507024 0.999653 6.63222 2.47632e-05 
0.09125 0.0112055 2.02875e+06 0 0 1.52177e+06 1.00013 -7.66739 0 1.01361 1.01387 506983 0.999596 7.66739 2.84271e-05 
0.0949 0.0112056 2.0287e+06 0 0 1.52176e+06 1.00016 -8.83125 0 1.01347 1.01386 506937 0.999532 8.83125 3.25138e-05 
0.09855 0.0112056 2.02865e+06 0 0 1.52176e+06 1.00018 -10.136 0 1.01331 1.01384 506888 0.999459 10.136 3.70593e-05 
0.1022 0.0112056 2.0286e+06 0 0 1.52177e+06 1.00021 -11.5945 0 1.01314 1.01381 506834 0.999377 11.5945 4.21014e-05 
0.10585 0.0112056 2.02855e+06 0 0 1.52178e+06 1.00024 -13.2205 0 1.01295 1.01379 506775 0.999285 13.2205 4.76801e-05 
0.1095 0.0112055 2.0285e+06 0 0 1.52179e+06 1.00027 -15.0288 0 1.01275 1.01377 506710 0.999182 15.0288 5.38374e-05 
0.11315 0.0112054 2.02845e+06 0 0 1.52181e+06 1.00031 -17.0349 0 1.01252 1.01374 506639 0.999066 17.0349 6.06174e-05 
0.1168 0.0112052 2.0284e+06 0 0 1.52184e+06 1.00035 -19.2551 0 1.01227 1.01371 506561 0.998938 19.2551 6.80666e-05 
0.12045 0.011205 2.02835e+06 0 0 1.52187e+06 1.0004 -21.7069 0 1.012 1.01367 506476 0.998794 21.7069 7.62338e-05 
0.1241 0.0112047 2.0283e+06 0 0 1.52192e+06 1.00046 -24.4087 0 1.0117 1.01364 506383 0.998635 24.4087 8.51705e-05 
0.12775 0.0112044 2.02825e+06 0 0 1.52197e+06 1.00051 -27.38 0 1.01138 1.0136 506281 0.998458 27.38 9.49306e-05 
0.1314 0.011204 2.0282e+06 0 0 1.52203e+06 1.00058 -30.6415 0 1.01102 1.01355 506169 0.998263 30.6415 0.000105571 
0.13505 0.0112036 2.02815e+06 0 0 1.5221e+06 1.00065 -34.2147 0 1.01063 1.01351 506047 0.998047 34.2147 0.000117152 
0.1387 0.0112031 2.0281e+06 0 0 1.52219e+06 1.00073 -38.1228 0 1.01021 1.01345 505914 0.99781 38.1228 0.000129737 
0.14235 0.0112025 2.02805e+06 0 0 1.52228e+06 1.00082 -42.39 0 1.00975 1.0134 505769 0.997548 42.39 0.000143392 
0.146 0.0112018 2.028e+06 0 0 1.52239e+06 1.00091 -47.0417 0 1.00925 1.01334 505611 0.997261 47.0417 0.00015819 
0.14965 0.011201 2.02795e+06 0 0 1.52251e+06 1.00102 -52.1048 0 1.0087 1.01327 505439 0.996946 52.1048 0.000174206 
0.1533 0.0112002 2.0279e+06 0 0 1.52265e+06 1.00113 -57.6074 0 1.00811 1.01319 505252 0.996601 57.6074 0.000191519 
0.15695 0.0111992 2.02785e+06 0 0 1.5228e+06 1.00126 -63.5789 0 1.00747 1.01311 505049 0.996225 63.5789 0.000210215 
0.1606 0.0111981 2.0278e+06 0 0 1.52297e+06 1.0014 -70.0493 0 1.00678 1.01303 504828 0.995815 70.0493 0.000230383 
0.16425 0.0111969 2.02775e+06 0 0 1.52316e+06 1.00154 -77.0493 0 1.00603 1.01293 504590 0.995369 77.0493 0.000252118 
0.1679 0.0111956 2.0277e+06 0 0 1.52337e+06 1.00171 -84.6096 0 1.00523 1.01283 504332 0.994885 84.6096 0.000275518 
0.17155 0.0111941 2.02765e+06 0 0 1.5236e+06 1.00188 -92.7592 0 1.00436 1.01272 504054 0.994361 92.7592 0.00030068 
0.1752 0.0111925 2.0276e+06 0 0 1.52384e+06 1.00207 -101.524 0 1.00342 1.01261 503756 0.993797 101.524 0.000327704 
0.17885 0.0111908 2.02755e+06 0 0 1.52411e+06 1.00227 -110.926 0 1.00242 1.01248 503436 0.993191 110.926 0.000356679 
0.1825 0.011189 2.0275e+06 0 0 1.5244e+06 1.00249 -120.974 0 1.00253 1.01234 503095 0.992543 120.974 0.00035308 
0.18615 0.0111887 2.02745e+06 0 0 1.52448e+06 1.00256 -124.457 0 1.01134 1.0123 502971 0.992323 124.457 7.88437e-05 
0.1898 0.0111884 2.0274e+06 0 0 1.52456e+06 1.00264 -128.216 0 1.0115 1.01224 502838 0.992085 128.216 7.39984e-05 
0.19345 0.0111881 2.02735e+06 0 0 1.52465e+06 1.00272 -132.094 0 1.01142 1.01219 502702 0.99184 132.094 7.63096e-05 
0.1971 0.0111878 2.0273e+06 0 0 1.52474e+06 1.0028 -136.097 0 1.01134 1.01213 502561 0.991587 136.097 7.87101e-05 
0.20075 0.0111874 2.02725e+06 0 0 1.52483e+06 1.00289 -140.23 0 1.01126 1.01208 502417 0.991327 140.23 8.12082e-05 
0.2044 0.011187 2.0272e+06 0 0 1.52493e+06 1.00298 -144.502 0 1.01117 1.01202 502268 0.991058 144.502 8.38146e-05 
0.20805 0.0111866 2.02715e+06 0 0 1.52503e+06 1.00307 -148.92 0 1.01108 1.01196 502115 0.990781 148.92 8.65431e-05 
0.2117 0.0111862 2.0271e+06 0 0 1.52514e+06 1.00317 -153.494 0 1.01099 1.01189 501958 0.990494 153.494 8.94118e-05 
0.21535 0.0111858 2.02705e+06 0 0 1.52525e+06 1.00327 -158.237 0 1.0109 1.01183 501795 0.990198 158.237 9.24449e-05 
0.219 0.0111853 2.027e+06 0 0 1.52537e+06 1.00337 -163.164 0 1.0108 1.01176 501628 0.989893 163.164 9.56744e-05 
0.22265 0.0111848 2.02695e+06 0 0 1.52549e+06 1.00347 -168.295 0 1.01069 1.01169 501455 0.989576 168.295 9.91433e-05 
0.2263 0.0111843 2.0269e+06 0 0 1.52562e+06 1.00358 -173.654 0 1.01059 1.01162 501277 0.989248 173.654 0.000102909 
0.22995 0.0111837 2.02685e+06 0 0 1.52576e+06 1.0037 -179.276 0 1.01047 1.01155 501092 0.988908 179.276 0.000107049 
0.2336 0.0111831 2.0268e+06 0 0 1.5259e+06 1.00382 -185.202 0 1.01035 1.01147 500900 0.988554 185.202 0.000111667 
0.23725 0.0111825 2.02675e+06 0 0 1.52605e+06 1.00394 -191.49 0 1.01022 1.01139 500701 0.988185 191.49 0.0001169 
0.2409 0.0111818 2.0267e+06 0 0 1.52621e+06 1.00407 -198.214 0 1.01007 1.01131 500493 0.987799 198.214 0.000122932 
0.24455 0.0111811 2.02665e+06 0 0 1.52637e+06 1.0042 -205.474 0 1.00991 1.01122 500275 0.987394 205.474 0.000130009 
0.2482 0.0111803 2.0266e+06 0 0 1.52655e+06 1.00434 -213.402 0 1.00974 1.01113 500046 0.986965 213.402 0.000138456 
0.25185 0.0111794 2.02655e+06 0 0 1.52675e+06 1.0045 -222.172 0 1.00954 1.01104 499803 0.98651 222.172 0.000148704 
0.2555 0.0111784 2.0265e+06 0 0 1.52696e+06 1.00466 -232.016 0 1.00931 1.01093 499543 0.986021 232.016 0.000161323 
0.25915 0.0111773 2.02645e+06 0 0 1.52719e+06 1.00484 -243.242 0 1.00903 1.01082 499263 0.985492 243.242 0.000177068 
0.2628 0.011176 2.0264e+06 0 0 1.52744e+06 1.00503 -256.255 0 1.00871 1.0107 498957 0.984913 256.255 0.000196928 
0.26645 0.0111746 2.02635e+06 0 0 1.52773e+06 1.00524 -271.593 0 1.00832 1.01056 498619 0.98427 271.593 0.000222211 
0.2701 0.0111728 2.0263e+06 0 0 1.52806e+06 1.00548 -289.964 0 1.00784 1.01041 498241 0.983548 289.964 0.000254627 
0.27375 0.0111708 2.02625e+06 0 0 1.52844e+06 1.00576 -312.302 0 1.00725 1.01024 497810 0.982722 312.302 0.000296422 
0.2774 0.0111684 2.0262e+06 0 0 1.52889e+06 1.00608 -339.836 0 1.00651 1.01004 497313 0.981765 339.836 0.000350534 
0.28105 0.0111654 2.02615e+06 0 0 1.52942e+06 1.00645 -374.183 0 1.00556 1.0098 496730 0.980638 374.183 0.000420802 
0.2847 0.0111616 2.0261e+06 0 0 1.53007e+06 1.0069 -417.465 0 1.00436 1.00952 496034 0.979289 417.465 0.000512231 
0.28835 0.011157 2.02605e+06 0 0 1.53086e+06 1.00745 -472.466 0 1.00282 1.00918 495193 0.977652 472.466 0.000631342 
0.292 0.0111511 2.026e+06 0 0 1.53184e+06 1.00812 -542.838 0 1.00084 1.00876 494162 0.97564 542.838 0.000786609 
0.29565 0.0111437 2.02595e+06 0 0 1.53307e+06 1.00895 -633.361 0 0.998285 1.00824 492883 0.97314 633.361 0.000989021 
0.2993 0.0111342 2.0259e+06 0 0 1.53462e+06 1.01 -750.295 0 0.994975 1.00758 491282 0.970002 750.295 0.0012528 
0.30295 0.011122 2.02585e+06 0 0 1.53659e+06 1.01132 -901.828 0 0.990686 1.00675 489258 0.966031 901.828 0.00159627 
0.3066 0.0111064 2.0258e+06 0 0 1.53912e+06 1.01301 -1098.67 0 0.985122 1.00568 486684 0.960972 1098.67 0.00204301 
0.31025 0.0110862 2.02575e+06 0 0 1.54236e+06 1.01517 -1354.82 0 0.977904 1.0043 483390 0.954491 1354.82 0.00262313 
0.3139 0.0110602 2.0257e+06 0 0 1.54654e+06 1.01795 -1688.57 0 0.968543 1.0025 479156 0.946153 1688.57 0.00337486 
0.31755 0.0110266 2.02565e+06 0 0 1.55196e+06 1.02154 -2123.77 0 0.956412 1.00014 473693 0.93539 2123.77 0.00434629 
0.3212 0.0109833 2.0256e+06 0 0 1.55897e+06 1.02618 -2691.45 0 0.940712 0.99703 466628 0.921461 2691.45 0.00559713 
0.32485 0.0109274 2.02555e+06 0 0 1.56808e+06 1.0322 -3431.78 0 0.920435 0.992881 457470 0.903399 3431.78 0.00719996 
0.3285 0.0108557 2.0255e+06 0 0 1.57992e+06 1.04002 -4396.17 0 0.894318 0.987298 445584 0.879949 4396.17 0.00924032 
0.33215 0.0107639 2.02545e+06 0 0 1.5953e+06 1.05017 -5648.91 0 0.860809 0.97969 430150 0.849491 5648.91 0.0118135 
0.3358 0.0106471 2.0254e+06 0 0 1.61528e+06 1.06335 -7266.56 0 0.818049 0.969161 410122 0.809957 7266.56 0.0150147 
0.33945 0.0104999 2.02535e+06 0 0 1.64115e+06 1.08041 -9329.73 0 0.763905 0.954296 384195 0.758772 9329.73 0.0189144 
0.3431 0.0103169 2.0253e+06 0 0 1.67447e+06 1.10237 -11893.8 0 0.696124 0.932776 350834 0.692903 11893.8 0.0235041 
0.34675 0.0100941 2.02525e+06 0 0 1.71679e+06 1.13026 -14904.9 0 0.612741 0.900645 308460 0.609228 14904.9 0.0285823 
0.3504 0.00983253 2.0252e+06 0 0 1.76912e+06 1.16474 -17993.2 0 0.513011 0.850997 256077 0.505782 17993.2 0.0335303 
0.35405 0.00954388 2.02515e+06 0 0 1.83031e+06 1.20505 -20095.6 0 0.399277 0.772216 194841 0.384843 20095.6 0.0369507 
0.3577 0.00925829 2.0251e+06 0 0 1.89441e+06 1.24729 -19347 0 0.279926 0.648898 130687 0.258135 19347 0.0364772 
0.36135 0.00902167 2.02505e+06 0 0 1.95012e+06 1.284 -14788.5 0 0.171067 0.476811 74928.8 0.148004 14788.5 0.0301266 
0.365 0.00886602 2.025e+06 0 0 1.988e+06 1.30897 -8759.62 0 0.0900382 0.291243 37000.7 0.0730878 8759.62 0.019753 


0 0.0112 2.03e+06 0 0 1.5225e+06 1 0 0 1.015 1.01407 507500 1 0 1.67367e-10 
0.00365 0.0112003 2.02995e+06 0 0 1.52246e+06 1 -0.0092281 0 1.01497 1.01407 507487 1 0.00922811 4.00058e-08 
0.0073 0.0112005 2.0299e+06 0 0 1.52243e+06 1 -0.0220977 0 1.01495 1.01406 507474 0.999999 0.0220977 9.52775e-08 
0.01095 0.0112008 2.02985e+06 0 0 1.52239e+06 1 -0.0395078 0 1.01492 1.01406 507462 0.999998 0.0395078 1.69574e-07 
0.0146 0.0112011 2.0298e+06 0 0 1.52235e+06 1 -0.0625108 0 1.01489 1.01405 507448 0.999997 0.0625108 2.67034e-07 
0.01825 0.0112014 2.02975e+06 0 0 1.52231e+06 1 -0.0923292 0 1.01487 1.01405 507435 0.999996 0.0923292 3.92397e-07 
0.0219 0.0112016 2.0297e+06 0 0 1.52228e+06 1 -0.130374 0 1.01484 1.01404 507422 0.999994 0.130374 5.51049e-07 
0.02555 0.0112019 2.02965e+06 0 0 1.52224e+06 1 -0.178261 0 1.01481 1.01404 507408 0.999991 0.178261 7.49081e-07 
0.0292 0.0112022 2.0296e+06 0 0 1.52221e+06 1 -0.237835 0 1.01478 1.01403 507394 0.999989 0.237835 9.93337e-07 
0.03285 0.0112024 2.02955e+06 0 0 1.52217e+06 1.00001 -0.311186 0 1.01474 1.01403 507380 0.999985 0.311186 1.29148e-06 
0.0365 0.0112027 2.0295e+06 0 0 1.52213e+06 1.00001 -0.400671 0 1.01471 1.01402 507365 0.999981 0.400671 1.65202e-06 
0.04015 0.0112029 2.02945e+06 0 0 1.5221e+06 1.00001 -0.508937 0 1.01467 1.01402 507350 0.999975 0.508937 2.08441e-06 
0.0438 0.0112032 2.0294e+06 0 0 1.52207e+06 1.00001 -0.638941 0 1.01464 1.01401 507334 0.999969 0.638941 2.59907e-06 
0.04745 0.0112034 2.02935e+06 0 0 1.52203e+06 1.00001 -0.793977 0 1.0146 1.014 507318 0.999961 0.793977 3.20746e-06 
0.0511 0.0112037 2.0293e+06 0 0 1.522e+06 1.00002 -0.977693 0 1.01455 1.014 507300 0.999952 0.977693 3.92212e-06 
0.05475 0.0112039 2.02925e+06 0 0 1.52197e+06 1.00002 -1.19412 0 1.01451 1.01399 507282 0.999941 1.19412 4.75675e-06 
0.0584 0.0112042 2.0292e+06 0 0 1.52194e+06 1.00002 -1.4477 0 1.01446 1.01398 507263 0.999928 1.4477 5.72624e-06 
0.06205 0.0112044 2.02915e+06 0 0 1.52191e+06 1.00003 -1.7433 0 1.0144 1.01397 507243 0.999912 1.7433 6.84673e-06 
0.0657 0.0112046 2.0291e+06 0 0 1.52188e+06 1.00004 -2.08623 0 1.01434 1.01397 507222 0.999895 2.08623 8.13568e-06 
0.06935 0.0112048 2.02905e+06 0 0 1.52185e+06 1.00004 -2.48231 0 1.01428 1.01396 507198 0.999874 2.48231 9.61192e-06 
0.073 0.011205 2.029e+06 0 0 1.52183e+06 1.00005 -2.93784 0 1.01421 1.01395 507174 0.99985 2.93784 1.12957e-05 
0.07665 0.0112052 2.02895e+06 0 0 1.5218e+06 1.00006 -3.45965 0 1.01413 1.01394 507147 0.999822 3.45965 1.32086e-05 
0.0803 0.0112053 2.0289e+06 0 0 1.52178e+06 1.00007 -4.05513 0 1.01405 1.01393 507119 0.99979 4.05513 1.5374e-05 
0.08395 0.0112055 2.02885e+06 0 0 1.52176e+06 1.00008 -4.73227 0 1.01395 1.01391 507088 0.999754 4.73227 1.78165e-05 
0.0876 0.0112056 2.0288e+06 0 0 1.52175e+06 1.0001 -5.49964 0 1.01385 1.0139 507054 0.999712 5.49964 2.05626e-05 
0.09125 0.0112057 2.02875e+06 0 0 1.52173e+06 1.00011 -6.36646 0 1.01374 1.01389 507017 0.999665 6.36646 2.36402e-05 
0.0949 0.0112058 2.0287e+06 0 0 1.52172e+06 1.00013 -7.34259 0 1.01362 1.01387 506978 0.999611 7.34259 2.70793e-05 
0.09855 0.0112059 2.02865e+06 0 0 1.52172e+06 1.00015 -8.43861 0 1.01348 1.01385 506934 0.99955 8.43861 3.09111e-05 
0.1022 0.011206 2.0286e+06 0 0 1.52171e+06 1.00017 -9.66577 0 1.01334 1.01384 506887 0.999481 9.66577 3.51692e-05 
0.10585 0.011206 2.02855e+06 0 0 1.52171e+06 1.0002 -11.0361 0 1.01317 1.01382 506835 0.999404 11.0361 3.98886e-05 
0.1095 0.0112059 2.0285e+06 0 0 1.52172e+06 1.00023 -12.5624 0 1.01299 1.01379 506779 0.999317 12.5624 4.51066e-05 
0.11315 0.0112059 2.02845e+06 0 0 1.52173e+06 1.00026 -14.2583 0 1.0128 1.01377 506717 0.99922 14.2583 5.08622e-05 
0.1168 0.0112058 2.0284e+06 0 0 1.52175e+06 1.0003 -16.1381 0 1.01258 1.01374 506649 0.999111 16.1381 5.71968e-05 
0.12045 0.0112057 2.02835e+06 0 0 1.52177e+06 1.00034 -18.2173 0 1.01235 1.01371 506575 0.99899 18.2173 6.41538e-05 
0.1241 0.0112055 2.0283e+06 0 0 1.52181e+06 1.00038 -20.512 0 1.01209 1.01368 506495 0.998855 20.512 7.17791e-05 
0.12775 0.0112053 2.02825e+06 0 0 1.52184e+06 1.00043 -23.0394 0 1.01181 1.01365 506406 0.998706 23.0394 8.01207e-05 
0.1314 0.011205 2.0282e+06 0 0 1.52189e+06 1.00049 -25.8177 0 1.01151 1.01361 506310 0.99854 25.8177 8.92298e-05 
0.13505 0.0112046 2.02815e+06 0 0 1.52195e+06 1.00055 -28.8662 0 1.01117 1.01357 506204 0.998357 28.8662 9.91599e-05 
0.1387 0.0112042 2.0281e+06 0 0 1.52201e+06 1.00062 -32.2051 0 1.01081 1.01352 506089 0.998155 32.2051 0.000109968 
0.14235 0.0112038 2.02805e+06 0 0 1.52209e+06 1.00069 -35.8558 0 1.01041 1.01347 505964 0.997932 35.8558 0.000121713 
0.146 0.0112032 2.028e+06 0 0 1.52217e+06 1.00077 -39.841 0 1.00998 1.01342 505828 0.997688 39.841 0.00013446 
0.14965 0.0112026 2.02795e+06 0 0 1.52227e+06 1.00086 -44.1843 0 1.00951 1.01336 505679 0.997419 44.1843 0.000148275 
0.1533 0.0112019 2.0279e+06 0 0 1.52238e+06 1.00096 -48.9103 0 1.009 1.0133 505517 0.997125 48.9103 0.00016323 
0.15695 0.0112011 2.02785e+06 0 0 1.52251e+06 1.00107 -54.0449 0 1.00844 1.01323 505342 0.996803 54.0449 0.000179398 
0.1606 0.0112002 2.0278e+06 0 0 1.52265e+06 1.00118 -59.6144 0 1.00785 1.01316 505151 0.996452 59.6144 0.00019686 
0.16425 0.0111992 2.02775e+06 0 0 1.5228e+06 1.00131 -65.6454 0 1.0072 1.01307 504945 0.99607 65.6454 0.000215697 
0.1679 0.0111981 2.0277e+06 0 0 1.52298e+06 1.00145 -72.1642 0 1.0065 1.01299 504723 0.995655 72.1642 0.000235993 
0.17155 0.0111969 2.02765e+06 0 0 1.52317e+06 1.0016 -79.1954 0 1.00575 1.01289 504483 0.995206 79.1954 0.000257831 
0.1752 0.0111956 2.0276e+06 0 0 1.52338e+06 1.00176 -86.7609 0 1.00494 1.01279 504225 0.994722 86.7609 0.000281294 
0.17885 0.0111942 2.02755e+06 0 0 1.5236e+06 1.00193 -94.8768 0 1.00407 1.01268 503949 0.994202 94.8768 0.000306454 
0.1825 0.0111926 2.0275e+06 0 0 1.52385e+06 1.00212 -103.55 0 1.00417 1.01257 503655 0.993647 103.55 0.000303216 
0.18615 0.0111925 2.02745e+06 0 0 1.5239e+06 1.00218 -106.541 0 1.01171 1.01252 503547 0.993458 106.541 6.75024e-05 
0.1898 0.0111922 2.0274e+06 0 0 1.52397e+06 1.00225 -109.767 0 1.01184 1.01248 503431 0.993255 109.767 6.3326e-05 
0.19345 0.011192 2.02735e+06 0 0 1.52404e+06 1.00232 -113.095 0 1.01177 1.01243 503313 0.993045 113.095 6.52942e-05 
0.1971 0.0111918 2.0273e+06 0 0 1.52411e+06 1.00239 -116.528 0 1.0117 1.01238 503191 0.992829 116.528 6.7335e-05 
0.20075 0.0111915 2.02725e+06 0 0 1.52418e+06 1.00246 -120.072 0 1.01163 1.01233 503065 0.992606 120.072 6.94546e-05 
0.2044 0.0111912 2.0272e+06 0 0 1.52426e+06 1.00254 -123.731 0 1.01156 1.01228 502936 0.992377 123.731 7.16603e-05 
0.20805 0.0111909 2.02715e+06 0 0 1.52435e+06 1.00262 -127.512 0 1.01148 1.01223 502804 0.99214 127.512 7.39618e-05 
0.2117 0.0111906 2.0271e+06 0 0 1.52443e+06 1.0027 -131.423 0 1.01141 1.01218 502667 0.991895 131.423 7.63715e-05 
0.21535 0.0111902 2.02705e+06 0 0 1.52452e+06 1.00279 -135.471 0 1.01132 1.01212 502527 0.991642 135.471 7.89058e-05 
0.219 0.0111899 2.027e+06 0 0 1.52462e+06 1.00287 -139.67 0 1.01124 1.01206 502382 0.991381 139.67 8.15864e-05 
0.22265 0.0111895 2.02695e+06 0 0 1.52472e+06 1.00296 -144.032 0 1.01115 1.012 502233 0.991112 144.032 8.4442e-05 
0.2263 0.0111891 2.0269e+06 0 0 1.52482e+06 1.00306 -148.574 0 1.01106 1.01194 502079 0.990832 148.574 8.75112e-05 
0.22995 0.0111887 2.02685e+06 0 0 1.52493e+06 1.00315 -153.32 0 1.01096 1.01188 501921 0.990543 153.32 9.08452e-05 
0.2336 0.0111882 2.0268e+06 0 0 1.52504e+06 1.00325 -158.298 0 1.01086 1.01181 501756 0.990243 158.298 9.45125e-05 
0.23725 0.0111877 2.02675e+06 0 0 1.52516e+06 1.00336 -163.548 0 1.01075 1.01175 501585 0.989931 163.548 9.86047e-05 
0.2409 0.0111872 2.0267e+06 0 0 1.52529e+06 1.00346 -169.119 0 1.01063 1.01168 501408 0.989605 169.119 0.000103244 
0.24455 0.0111866 2.02665e+06 0 0 1.52543e+06 1.00358 -175.077 0 1.01051 1.0116 501223 0.989265 175.077 0.000108591 
0.2482 0.011186 2.0266e+06 0 0 1.52557e+06 1.0037 -181.511 0 1.01037 1.01153 501029 0.988907 181.511 0.000114863 
0.25185 0.0111853 2.02655e+06 0 0 1.52572e+06 1.00382 -188.538 0 1.01021 1.01144 500825 0.988528 188.538 0.000122345 
0.2555 0.0111846 2.0265e+06 0 0 1.52589e+06 1.00396 -196.31 0 1.01003 1.01136 500609 0.988126 196.31 0.000131414 
0.25915 0.0111837 2.02645e+06 0 0 1.52607e+06 1.0041 -205.031 0 1.00983 1.01127 500378 0.987694 205.031 0.000142568 
0.2628 0.0111828 2.0264e+06 0 0 1.52627e+06 1.00426 -214.971 0 1.00959 1.01117 500129 0.987227 214.971 0.000156465 
0.26645 0.0111817 2.02635e+06 0 0 1.52649e+06 1.00443 -226.486 0 1.0093 1.01106 499858 0.986716 226.486 0.000173968 
0.2701 0.0111804 2.0263e+06 0 0 1.52674e+06 1.00462 -240.043 0 1.00896 1.01094 499558 0.986149 240.043 0.000196215 
0.27375 0.011179 2.02625e+06 0 0 1.52703e+06 1.00483 -256.262 0 1.00854 1.0108 499223 0.985512 256.262 0.000224694 
0.2774 0.0111772 2.0262e+06 0 0 1.52736e+06 1.00507 -275.957 0 1.00802 1.01065 498843 0.984785 275.957 0.000261357 
0.28105 0.0111751 2.02615e+06 0 0 1.52775e+06 1.00535 -300.195 0 1.00737 1.01048 498403 0.983942 300.195 0.000308756 
0.2847 0.0111725 2.0261e+06 0 0 1.52821e+06 1.00568 -330.384 0 1.00654 1.01027 497889 0.98295 330.384 0.000370223 
0.28835 0.0111692 2.02605e+06 0 0 1.52877e+06 1.00608 -368.365 0 1.00549 1.01002 497276 0.981765 368.365 0.000450104 
0.292 0.0111652 2.026e+06 0 0 1.52946e+06 1.00656 -416.554 0 1.00415 1.00972 496537 0.98033 416.554 0.000554057 
0.29565 0.0111601 2.02595e+06 0 0 1.53032e+06 1.00714 -478.116 0 1.00242 1.00936 495632 0.978568 478.116 0.000689439 
0.2993 0.0111536 2.0259e+06 0 0 1.53139e+06 1.00787 -557.192 0 1.00019 1.0089 494512 0.976381 557.192 0.000865792 
0.30295 0.0111454 2.02585e+06 0 0 1.53274e+06 1.00879 -659.2 0 0.997308 1.00833 493112 0.97364 659.2 0.00109547 
0.3066 0.0111348 2.0258e+06 0 0 1.53445e+06 1.00994 -791.225 0 0.993577 1.00761 491346 0.970176 791.225 0.00139443 
0.31025 0.0111211 2.02575e+06 0 0 1.53665e+06 1.01141 -962.527 0 0.988741 1.00668 489102 0.965769 962.527 0.00178319 
0.3139 0.0111036 2.0257e+06 0 0 1.53947e+06 1.01329 -1185.21 0 0.982469 1.00549 486234 0.96013 1185.21 0.00228806 
0.31755 0.0110809 2.02565e+06 0 0 1.5431e+06 1.01571 -1475.06 0 0.974337 1.00394 482552 0.952884 1475.06 0.00294256 
0.3212 0.0110517 2.0256e+06 0 0 1.54779e+06 1.01882 -1852.72 0 0.963799 1.00192 477808 0.943539 1852.72 0.00378906 
0.32485 0.0110139 2.02555e+06 0 0 1.55387e+06 1.02285 -2345.05 0 0.950156 0.999262 471678 0.931456 2345.05 0.00488055 
0.3285 0.0109652 2.0255e+06 0 0 1.56176e+06 1.02807 -2986.93 0 0.932524 0.995735 463738 0.9158 2986.93 0.00628224 
0.33215 0.0109026 2.02545e+06 0 0 1.57201e+06 1.03484 -3823.31 0 0.909788 0.991014 453440 0.895485 3823.31 0.00807247 
0.3358 0.0108223 2.0254e+06 0 0 1.58533e+06 1.04363 -4911.27 0 0.880564 0.984629 440071 0.869105 4911.27 0.0103416 
0.33945 0.0107197 2.02535e+06 0 0 1.60263e+06 1.05505 -6321 0 0.843169 0.975872 422716 0.83485 6321 0.0131865 
0.3431 0.0105898 2.0253e+06 0 0 1.62508e+06 1.06986 -8132.81 0 0.795617 0.963655 400215 0.790432 8132.81 0.0166956 
0.34675 0.010427 2.02525e+06 0 0 1.65409e+06 1.08898 -10422.2 0 0.735697 0.946231 371155 0.733056 10422.2 0.0209134 
0.3504 0.0102263 2.0252e+06 0 0 1.69126e+06 1.11348 -13212.2 0 0.661218 0.920679 333939 0.659567 13212.2 0.0257655 
0.35405 0.00998536 2.02515e+06 0 0 1.73803e+06 1.1443 -16346 0 0.570595 0.881952 287123 0.567115 16346 0.0309026 
0.3577 0.00970896 2.0251e+06 0 0 1.79471e+06 1.18164 -19199.6 0 0.464144 0.821272 230388 0.455065 19199.6 0.0354126 
0.36135 0.00941614 2.02505e+06 0 0 1.8584e+06 1.2236 -20302.4 0 0.346466 0.724761 166654 0.329186 20302.4 0.0374503 
0.365 0.0091458 2.025e+06 0 0 1.92046e+06 1.2645 -17814.5 0 0.229421 0.578683 104535 0.206488 17814.5 0.0344824 


0 0.0112 2.03e+06 0 0 1.5225e+06 1 0 0 1.015 1.01407 507500 1 0 1.1219e-10 
0.00365 0.0112003 2.02995e+06 0 0 1.52246e+06 1 -0.00748451 0 1.01497 1.01407 507487 1 0.00748451 3.2268e-08 
0.0073 0.0112005 2.0299e+06 0 0 1.52243e+06 1 -0.0179267 0 1.01495 1.01406 507475 0.999999 0.0179267 7.69219e-08 
0.01095 0.0112008 2.02985e+06 0 0 1.52239e+06 1 -0.032062 0 1.01492 1.01406 507462 0.999998 0.032062 1.37015e-07 
0.0146 0.0112011 2.0298e+06 0 0 1.52235e+06 1 -0.0507534 0 1.01489 1.01405 507449 0.999998 0.0507534 2.15946e-07 
0.01825 0.0112014 2.02975e+06 0 0 1.52231e+06 1 -0.0750056 0 1.01487 1.01405 507436 0.999996 0.0750056 3.1762e-07 
0.0219 0.0112016 2.0297e+06 0 0 1.52228e+06 1 -0.105981 0 1.01484 1.01404 507422 0.999995 0.105981 4.46486e-07 
0.02555 0.0112019 2.02965e+06 0 0 1.52224e+06 1 -0.145015 0 1.01481 1.01404 507409 0.999993 0.145015 6.07593e-07 
0.0292 0.0112022 2.0296e+06 0 0 1.5222e+06 1 -0.193634 0 1.01478 1.01403 507395 0.999991 0.193634 8.0663e-07 
0.03285 0.0112024 2.02955e+06 0 0 1.52217e+06 1 -0.253573 0 1.01475 1.01403 507381 0.999988 0.253573 1.04998e-06 
0.0365 0.0112027 2.0295e+06 0 0 1.52213e+06 1.00001 -0.326794 0 1.01472 1.01402 507367 0.999984 0.326794 1.34476e-06 
0.04015 0.011203 2.02945e+06 0 0 1.5221e+06 1.00001 -0.415503 0 1.01468 1.01402 507352 0.99998 0.415503 1.6989e-06 
0.0438 0.0112032 2.0294e+06 0 0 1.52206e+06 1.00001 -0.522175 0 1.01465 1.01401 507337 0.999974 0.522175 2.12115e-06 
0.04745 0.0112035 2.02935e+06 0 0 1.52203e+06 1.00001 -0.649568 0 1.01461 1.014 507321 0.999968 0.649568 2.62117e-06 
0.0511 0.0112037 2.0293e+06 0 0 1.522e+06 1.00001 -0.800749 0 1.01457 1.014 507305 0.99996 0.800749 3.20957e-06 
0.05475 0.011204 2.02925e+06 0 0 1.52196e+06 1.00002 -0.979115 0 1.01453 1.01399 507288 0.999951 0.979115 3.89796e-06 
0.0584 0.0112042 2.0292e+06 0 0 1.52193e+06 1.00002 -1.18841 0 1.01448 1.01398 507270 0.999941 1.18841 4.699e-06 
0.06205 0.0112044 2.02915e+06 0 0 1.5219e+06 1.00002 -1.43276 0 1.01443 1.01398 507251 0.999928 1.43276 5.62644e-06 
0.0657 0.0112047 2.0291e+06 0 0 1.52187e+06 1.00003 -1.71667 0 1.01438 1.01397 507231 0.999913 1.71667 6.69521e-06 
0.06935 0.0112049 2.02905e+06 0 0 1.52184e+06 1.00003 -2.04508 0 1.01432 1.01396 507210 0.999896 2.04508 7.92143e-06 
0.073 0.0112051 2.029e+06 0 0 1.52181e+06 1.00004 -2.42337 0 1.01426 1.01395 507187 0.999876 2.42337 9.3225e-06 
0.07665 0.0112053 2.02895e+06 0 0 1.52179e+06 1.00005 -2.85738 0 1.01419 1.01394 507163 0.999853 2.85738 1.09171e-05 
0.0803 0.0112055 2.0289e+06 0 0 1.52176e+06 1.00006 -3.35344 0 1.01412 1.01393 507137 0.999827 3.35344 1.27253e-05 
0.08395 0.0112056 2.02885e+06 0 0 1.52174e+06 1.00007 -3.9184 0 1.01403 1.01392 507109 0.999796 3.9184 1.47685e-05 
0.0876 0.0112058 2.0288e+06 0 0 1.52172e+06 1.00008 -4.55964 0 1.01395 1.01391 507079 0.999762 4.55964 1.70697e-05 
0.09125 0.0112059 2.02875e+06 0 0 1.5217e+06 1.00009 -5.28511 0 1.01385 1.0139 507046 0.999722 5.28511 1.96532e-05 
0.0949 0.0112061 2.0287e+06 0 0 1.52169e+06 1.00011 -6.10335 0 1.01374 1.01388 507011 0.999677 6.10335 2.2545e-05 
0.09855 0.0112062 2.02865e+06 0 0 1.52168e+06 1.00012 -7.02351 0 1.01362 1.01387 506973 0.999626 7.02351 2.57728e-05 
0.1022 0.0112062 2.0286e+06 0 0 1.52167e+06 1.00014 -8.05537 0 1.0135 1.01385 506931 0.999568 8.05537 2.93657e-05 
0.10585 0.0112063 2.02855e+06 0 0 1.52166e+06 1.00017 -9.20941 0 1.01335 1.01383 506886 0.999503 9.20941 3.33548e-05 
0.1095 0.0112063 2.0285e+06 0 0 1.52166e+06 1.00019 -10.4968 0 1.0132 1.01382 506836 0.99943 10.4968 3.77727e-05 
0.11315 0.0112063 2.02845e+06 0 0 1.52167e+06 1.00022 -11.9294 0 1.01303 1.01379 506782 0.999348 11.9294 4.2654e-05 
0.1168 0.0112063 2.0284e+06 0 0 1.52168e+06 1.00025 -13.5198 0 1.01285 1.01377 506723 0.999257 13.5198 4.80354e-05 
0.12045 0.0112062 2.02835e+06 0 0 1.52169e+06 1.00028 -15.2815 0 1.01264 1.01375 506659 0.999155 15.2815 5.39553e-05 
0.1241 0.0112061 2.0283e+06 0 0 1.52171e+06 1.00032 -17.2288 0 1.01242 1.01372 506589 0.999041 17.2288 6.04545e-05 
0.12775 0.011206 2.02825e+06 0 0 1.52174e+06 1.00036 -19.3767 0 1.01218 1.01369 506512 0.998914 19.3767 6.75759e-05 
0.1314 0.0112058 2.0282e+06 0 0 1.52177e+06 1.00041 -21.7413 0 1.01192 1.01366 506428 0.998774 21.7413 7.53648e-05 
0.13505 0.0112055 2.02815e+06 0 0 1.52181e+06 1.00046 -24.3395 0 1.01163 1.01362 506337 0.998618 24.3395 8.38691e-05 
0.1387 0.0112052 2.0281e+06 0 0 1.52186e+06 1.00052 -27.1893 0 1.01131 1.01358 506237 0.998447 27.1893 9.31392e-05 
0.14235 0.0112049 2.02805e+06 0 0 1.52192e+06 1.00058 -30.3095 0 1.01097 1.01354 506129 0.998257 30.3095 0.000103229 
0.146 0.0112045 2.028e+06 0 0 1.52199e+06 1.00065 -33.72 0 1.0106 1.01349 506011 0.998049 33.72 0.000114194 
0.14965 0.011204 2.02795e+06 0 0 1.52207e+06 1.00073 -37.4416 0 1.01019 1.01344 505882 0.99782 37.4416 0.000126095 
0.1533 0.0112034 2.0279e+06 0 0 1.52216e+06 1.00081 -41.4962 0 1.00975 1.01339 505742 0.997569 41.4962 0.000138994 
0.15695 0.0112028 2.02785e+06 0 0 1.52226e+06 1.0009 -45.9062 0 1.00927 1.01333 505591 0.997294 45.9062 0.000152957 
0.1606 0.011202 2.0278e+06 0 0 1.52237e+06 1.001 -50.6945 0 1.00875 1.01326 505426 0.996994 50.6945 0.000168054 
0.16425 0.0112012 2.02775e+06 0 0 1.5225e+06 1.00111 -55.8845 0 1.00819 1.01319 505248 0.996667 55.8845 0.000184355 
0.1679 0.0112003 2.0277e+06 0 0 1.52264e+06 1.00123 -61.4985 0 1.00759 1.01312 505055 0.996312 61.4985 0.000201932 
0.17155 0.0111993 2.02765e+06 0 0 1.5228e+06 1.00136 -67.5576 0 1.00694 1.01304 504848 0.995928 67.5576 0.000220858 
0.1752 0.0111982 2.0276e+06 0 0 1.52297e+06 1.0015 -74.0798 0 1.00624 1.01295 504625 0.995513 74.0798 0.000241199 
0.17885 0.0111971 2.02755e+06 0 0 1.52316e+06 1.00164 -81.0776 0 1.00549 1.01285 504387 0.995067 81.0776 0.000263014 
0.1825 0.0111958 2.0275e+06 0 0 1.52337e+06 1.0018 -88.5553 0 1.00557 1.01275 504133 0.994591 88.5553 0.00026012 
0.18615 0.0111957 2.02745e+06 0 0 1.52341e+06 1.00186 -91.1216 0 1.01202 1.01272 504039 0.99443 91.1216 5.77623e-05 
0.1898 0.0111955 2.0274e+06 0 0 1.52346e+06 1.00191 -93.8902 0 1.01213 1.01268 503939 0.994256 93.8902 5.41645e-05 
0.19345 0.0111954 2.02735e+06 0 0 1.52351e+06 1.00197 -96.7448 0 1.01207 1.01264 503835 0.994077 96.7448 5.58423e-05 
0.1971 0.0111952 2.0273e+06 0 0 1.52357e+06 1.00204 -99.6888 0 1.01201 1.0126 503729 0.993892 99.6888 5.75799e-05 
0.20075 0.011195 2.02725e+06 0 0 1.52363e+06 1.0021 -102.726 0 1.01195 1.01255 503620 0.993702 102.726 5.93815e-05 
0.2044 0.0111948 2.0272e+06 0 0 1.52369e+06 1.00216 -105.86 0 1.01189 1.01251 503508 0.993505 105.86 6.12525e-05 
0.20805 0.0111946 2.02715e+06 0 0 1.52376e+06 1.00223 -109.097 0 1.01183 1.01246 503393 0.993303 109.097 6.31996e-05 
0.2117 0.0111943 2.0271e+06 0 0 1.52382e+06 1.0023 -112.442 0 1.01176 1.01242 503275 0.993094 112.442 6.52315e-05 
0.21535 0.0111941 2.02705e+06 0 0 1.5239e+06 1.00237 -115.901 0 1.01169 1.01237 503153 0.992878 115.901 6.73593e-05 
0.219 0.0111938 2.027e+06 0 0 1.52397e+06 1.00245 -119.483 0 1.01162 1.01232 503028 0.992655 119.483 6.95977e-05 
0.22265 0.0111935 2.02695e+06 0 0 1.52405e+06 1.00252 -123.197 0 1.01154 1.01227 502899 0.992425 123.197 7.19663e-05 
0.2263 0.0111932 2.0269e+06 0 0 1.52413e+06 1.0026 -127.056 0 1.01146 1.01221 502766 0.992187 127.056 7.44906e-05 
0.22995 0.0111929 2.02685e+06 0 0 1.52422e+06 1.00269 -131.075 0 1.01138 1.01216 502629 0.991941 131.075 7.7205e-05 
0.2336 0.0111926 2.0268e+06 0 0 1.52431e+06 1.00277 -135.275 0 1.0113 1.0121 502487 0.991686 135.275 8.01551e-05 
0.23725 0.0111922 2.02675e+06 0 0 1.52441e+06 1.00286 -139.681 0 1.0112 1.01205 502341 0.991421 139.681 8.34016e-05 
0.2409 0.0111918 2.0267e+06 0 0 1.52451e+06 1.00295 -144.328 0 1.01111 1.01199 502189 0.991146 144.328 8.70252e-05 
0.24455 0.0111913 2.02665e+06 0 0 1.52462e+06 1.00305 -149.26 0 1.011 1.01192 502031 0.990859 149.26 9.11334e-05 
0.2482 0.0111909 2.0266e+06 0 0 1.52473e+06 1.00315 -154.535 0 1.01089 1.01186 501866 0.990558 154.535 9.58686e-05 
0.25185 0.0111904 2.02655e+06 0 0 1.52486e+06 1.00325 -160.233 0 1.01077 1.01179 501694 0.990243 160.233 0.00010142 
0.2555 0.0111898 2.0265e+06 0 0 1.52499e+06 1.00336 -166.454 0 1.01063 1.01172 501512 0.989909 166.454 0.000108037 
0.25915 0.0111892 2.02645e+06 0 0 1.52513e+06 1.00348 -173.335 0 1.01047 1.01164 501320 0.989554 173.335 0.000116049 
0.2628 0.0111885 2.0264e+06 0 0 1.52528e+06 1.00361 -181.053 0 1.01029 1.01156 501115 0.989173 181.053 0.000125892 
0.26645 0.0111877 2.02635e+06 0 0 1.52546e+06 1.00375 -189.844 0 1.01008 1.01147 500894 0.988761 189.844 0.000138138 
0.2701 0.0111867 2.0263e+06 0 0 1.52565e+06 1.0039 -200.02 0 1.00983 1.01138 500653 0.98831 200.02 0.00015354 
0.27375 0.0111857 2.02625e+06 0 0 1.52586e+06 1.00406 -211.988 0 1.00953 1.01127 500387 0.98781 211.988 0.000173085 
0.2774 0.0111844 2.0262e+06 0 0 1.52611e+06 1.00425 -226.288 0 1.00916 1.01115 500091 0.987248 226.288 0.000198067 
0.28105 0.0111829 2.02615e+06 0 0 1.5264e+06 1.00446 -243.628 0 1.0087 1.01102 499754 0.986608 243.628 0.000230181 
0.2847 0.011181 2.0261e+06 0 0 1.52673e+06 1.00471 -264.937 0 1.00813 1.01086 499366 0.985867 264.937 0.000271642 
0.28835 0.0111788 2.02605e+06 0 0 1.52714e+06 1.005 -291.436 0 1.0074 1.01068 498912 0.984996 291.436 0.000325339 
0.292 0.011176 2.026e+06 0 0 1.52763e+06 1.00535 -324.723 0 1.00649 1.01046 498374 0.983956 324.723 0.000395041 
0.29565 0.0111725 2.02595e+06 0 0 1.52823e+06 1.00577 -366.892 0 1.00531 1.0102 497724 0.982698 366.892 0.000485656 
0.2993 0.011168 2.0259e+06 0 0 1.52897e+06 1.00628 -420.685 0 1.00381 1.00988 496931 0.981156 420.685 0.000603561 
0.30295 0.0111624 2.02585e+06 0 0 1.5299e+06 1.00692 -489.685 0 1.00187 1.00949 495951 0.979245 489.685 0.000757034 
0.3066 0.0111552 2.0258e+06 0 0 1.53107e+06 1.00772 -578.581 0 0.999362 1.00899 494727 0.976854 578.581 0.000956798 
0.31025 0.011146 2.02575e+06 0 0 1.53256e+06 1.00872 -693.495 0 0.996119 1.00836 493186 0.973835 693.495 0.00121671 
0.3139 0.0111342 2.0257e+06 0 0 1.53447e+06 1.01 -842.43 0 0.991919 1.00756 491232 0.969999 842.43 0.00155463 
0.31755 0.0111189 2.02565e+06 0 0 1.53691e+06 1.01163 -1035.83 0 0.986475 1.00653 488737 0.965097 1035.83 0.00199348 
0.3212 0.0110992 2.0256e+06 0 0 1.54006e+06 1.01373 -1287.35 0 0.979417 1.0052 485538 0.958804 1287.35 0.00256256 
0.32485 0.0110738 2.02555e+06 0 0 1.54413e+06 1.01643 -1614.8 0 0.970271 1.00346 481421 0.950696 1614.8 0.00329907 
0.3285 0.0110409 2.0255e+06 0 0 1.54939e+06 1.01993 -2041.38 0 0.95843 1.00119 476105 0.940222 2041.38 0.0042498 
0.33215 0.0109986 2.02545e+06 0 0 1.55622e+06 1.02445 -2597.29 0 0.943117 0.998183 469226 0.926661 2597.29 0.00547292 
0.3358 0.010944 2.0254e+06 0 0 1.56509e+06 1.03031 -3321.65 0 0.923354 0.994182 460310 0.909076 3321.65 0.00703928 
0.33945 0.0108738 2.02535e+06 0 0 1.57661e+06 1.03792 -4264.57 0 0.897914 0.988804 448741 0.886249 4264.57 0.0090327 
0.3431 0.0107841 2.0253e+06 0 0 1.59158e+06 1.0478 -5488.99 0 0.865287 0.981488 433721 0.856606 5488.99 0.0115473 
0.34675 0.0106699 2.02525e+06 0 0 1.61102e+06 1.06062 -7070.47 0 0.823658 0.971386 414232 0.818136 7070.47 0.0146788 
0.3504 0.0105259 2.0252e+06 0 0 1.6362e+06 1.07722 -9090.48 0 0.770931 0.957167 389003 0.768325 9090.48 0.0185021 
0.35405 0.0103467 2.02515e+06 0 0 1.66863e+06 1.09861 -11610.9 0 0.704863 0.936655 356519 0.704183 11610.9 0.0230224 
0.3577 0.0101279 2.0251e+06 0 0 1.70992e+06 1.12582 -14599.3 0 0.623429 0.906157 315183 0.622552 14599.3 0.0280705 
0.36135 0.00986973 2.02505e+06 0 0 1.76119e+06 1.1596 -17741.2 0 0.525664 0.859228 263864 0.521199 17741.2 0.0330954 
0.365 0.00958218 2.025e+06 0 0 1.82168e+06 1.19946 -20075.7 0 0.41339 0.784891 203322 0.401624 20075.7 0.0368157 


0 0.0112 2.03e+06 0 0 1.5225e+06 1 0 0 1.015 1.01407 507500 1 0 7.52033e-11 
0.00365 0.0112003 2.02995e+06 0 0 1.52246e+06 1 -0.00607412 0 1.01497 1.01407 507487 1 0.00607412 2.60527e-08 
0.0073 0.0112005 2.0299e+06 0 0 1.52243e+06 1 -0.0145518 0 1.01495 1.01406 507475 0.999999 0.0145518 6.21568e-08 
0.01095 0.0112008 2.02985e+06 0 0 1.52239e+06 1 -0.0260346 0 1.01492 1.01406 507462 0.999999 0.0260346 1.10795e-07 
0.0146 0.0112011 2.0298e+06 0 0 1.52235e+06 1 -0.0412302 0 1.0149 1.01405 507449 0.999998 0.0412302 1.7476e-07 
0.01825 0.0112014 2.02975e+06 0 0 1.52231e+06 1 -0.0609644 0 1.01487 1.01405 507436 0.999997 0.0609644 2.57264e-07 
0.0219 0.0112016 2.0297e+06 0 0 1.52228e+06 1 -0.0861944 0 1.01484 1.01404 507423 0.999996 0.0861944 3.61985e-07 
0.02555 0.0112019 2.02965e+06 0 0 1.52224e+06 1 -0.118023 0 1.01481 1.01404 507410 0.999994 0.118023 4.93102e-07 
0.0292 0.0112022 2.0296e+06 0 0 1.5222e+06 1 -0.157714 0 1.01478 1.01403 507396 0.999992 0.157714 6.55338e-07 
0.03285 0.0112024 2.02955e+06 0 0 1.52217e+06 1 -0.206706 0 1.01475 1.01403 507382 0.99999 0.206706 8.5401e-07 
0.0365 0.0112027 2.0295e+06 0 0 1.52213e+06 1 -0.266631 0 1.01472 1.01402 507368 0.999987 0.266631 1.09507e-06 
0.04015 0.011203 2.02945e+06 0 0 1.5221e+06 1.00001 -0.339327 0 1.01469 1.01402 507354 0.999983 0.339327 1.38514e-06 
0.0438 0.0112032 2.0294e+06 0 0 1.52206e+06 1.00001 -0.426862 0 1.01466 1.01401 507339 0.999979 0.426862 1.73158e-06 
0.04745 0.0112035 2.02935e+06 0 0 1.52203e+06 1.00001 -0.531546 0 1.01462 1.01401 507324 0.999974 0.531546 2.14253e-06 
0.0511 0.0112037 2.0293e+06 0 0 1.52199e+06 1.00001 -0.655954 0 1.01458 1.014 507308 0.999967 0.655954 2.62693e-06 
0.05475 0.011204 2.02925e+06 0 0 1.52196e+06 1.00001 -0.802943 0 1.01454 1.01399 507292 0.99996 0.802943 3.19461e-06 
0.0584 0.0112042 2.0292e+06 0 0 1.52192e+06 1.00002 -0.975673 0 1.0145 1.01399 507275 0.999951 0.975673 3.85632e-06 
0.06205 0.0112045 2.02915e+06 0 0 1.52189e+06 1.00002 -1.17763 0 1.01446 1.01398 507257 0.999941 1.17763 4.62377e-06 
0.0657 0.0112047 2.0291e+06 0 0 1.52186e+06 1.00002 -1.41263 0 1.01441 1.01397 507239 0.999929 1.41263 5.50969e-06 
0.06935 0.0112049 2.02905e+06 0 0 1.52183e+06 1.00003 -1.68487 0 1.01436 1.01397 507219 0.999914 1.68487 6.52787e-06 
0.073 0.0112052 2.029e+06 0 0 1.5218e+06 1.00003 -1.99894 0 1.0143 1.01396 507198 0.999898 1.99894 7.69324e-06 
0.07665 0.0112054 2.02895e+06 0 0 1.52177e+06 1.00004 -2.3598 0 1.01424 1.01395 507176 0.999879 2.3598 9.02184e-06 
0.0803 0.0112056 2.0289e+06 0 0 1.52175e+06 1.00005 -2.77288 0 1.01417 1.01394 507152 0.999857 2.77288 1.0531e-05 
0.08395 0.0112058 2.02885e+06 0 0 1.52172e+06 1.00006 -3.24406 0 1.0141 1.01393 507127 0.999831 3.24406 1.22392e-05 
0.0876 0.0112059 2.0288e+06 0 0 1.5217e+06 1.00007 -3.77966 0 1.01402 1.01392 507100 0.999802 3.77966 1.41664e-05 
0.09125 0.0112061 2.02875e+06 0 0 1.52168e+06 1.00008 -4.38654 0 1.01394 1.01391 507071 0.999769 4.38654 1.63337e-05 
0.0949 0.0112063 2.0287e+06 0 0 1.52166e+06 1.00009 -5.07207 0 1.01384 1.01389 507039 0.999732 5.07207 1.87637e-05 
0.09855 0.0112064 2.02865e+06 0 0 1.52165e+06 1.0001 -5.84415 0 1.01374 1.01388 507005 0.999689 5.84415 2.14806e-05 
0.1022 0.0112065 2.0286e+06 0 0 1.52163e+06 1.00012 -6.71128 0 1.01363 1.01387 506968 0.999641 6.71128 2.45099e-05 
0.10585 0.0112066 2.02855e+06 0 0 1.52162e+06 1.00014 -7.68255 0 1.01351 1.01385 506928 0.999586 7.68255 2.78788e-05 
0.1095 0.0112067 2.0285e+06 0 0 1.52162e+06 1.00016 -8.76765 0 1.01337 1.01383 506884 0.999525 8.76765 3.16161e-05 
0.11315 0.0112067 2.02845e+06 0 0 1.52161e+06 1.00018 -9.97696 0 1.01323 1.01382 506837 0.999456 9.97696 3.57523e-05 
0.1168 0.0112067 2.0284e+06 0 0 1.52161e+06 1.00021 -11.3215 0 1.01307 1.0138 506785 0.999379 11.3215 4.03195e-05 
0.12045 0.0112067 2.02835e+06 0 0 1.52162e+06 1.00024 -12.8131 0 1.01289 1.01377 506729 0.999293 12.8131 4.5352e-05 
0.1241 0.0112066 2.0283e+06 0 0 1.52163e+06 1.00027 -14.4642 0 1.0127 1.01375 506667 0.999196 14.4642 5.08857e-05 
0.12775 0.0112066 2.02825e+06 0 0 1.52165e+06 1.0003 -16.288 0 1.01249 1.01372 506601 0.999089 16.288 5.69588e-05 
0.1314 0.0112064 2.0282e+06 0 0 1.52167e+06 1.00034 -18.2987 0 1.01226 1.0137 506528 0.99897 18.2987 6.36116e-05 
0.13505 0.0112063 2.02815e+06 0 0 1.5217e+06 1.00039 -20.5112 0 1.01201 1.01366 506449 0.998839 20.5112 7.08864e-05 
0.1387 0.0112061 2.0281e+06 0 0 1.52174e+06 1.00044 -22.9412 0 1.01174 1.01363 506362 0.998693 22.9412 7.88283e-05 
0.14235 0.0112058 2.02805e+06 0 0 1.52178e+06 1.00049 -25.6053 0 1.01144 1.01359 506268 0.998532 25.6053 8.74847e-05 
0.146 0.0112055 2.028e+06 0 0 1.52183e+06 1.00055 -28.521 0 1.01112 1.01355 506166 0.998355 28.521 9.69057e-05 
0.14965 0.0112051 2.02795e+06 0 0 1.5219e+06 1.00061 -31.7068 0 1.01077 1.01351 506054 0.998159 31.7068 0.000107144 
0.1533 0.0112047 2.0279e+06 0 0 1.52197e+06 1.00068 -35.1815 0 1.01039 1.01346 505933 0.997945 35.1815 0.000118255 
0.15695 0.0112042 2.02785e+06 0 0 1.52205e+06 1.00076 -38.965 0 1.00998 1.01341 505802 0.997711 38.965 0.000130298 
0.1606 0.0112036 2.0278e+06 0 0 1.52214e+06 1.00085 -43.0773 0 1.00953 1.01335 505660 0.997455 43.0773 0.000143331 
0.16425 0.0112029 2.02775e+06 0 0 1.52224e+06 1.00094 -47.5384 0 1.00905 1.01329 505505 0.997175 47.5384 0.000157418 
0.1679 0.0112022 2.0277e+06 0 0 1.52236e+06 1.00104 -52.3677 0 1.00852 1.01323 505339 0.996872 52.3677 0.000172621 
0.17155 0.0112014 2.02765e+06 0 0 1.52249e+06 1.00115 -57.5831 0 1.00796 1.01316 505160 0.996542 57.5831 0.000188999 
0.1752 0.0112005 2.0276e+06 0 0 1.52263e+06 1.00127 -63.1993 0 1.00736 1.01308 504967 0.996187 63.1993 0.000206609 
0.17885 0.0111995 2.02755e+06 0 0 1.52279e+06 1.0014 -69.2262 0 1.00671 1.013 504761 0.995806 69.2262 0.000225497 
0.1825 0.0111984 2.0275e+06 0 0 1.52296e+06 1.00153 -75.6657 0 1.00678 1.01292 504542 0.995398 75.6657 0.000222926 
0.18615 0.0111984 2.02745e+06 0 0 1.52299e+06 1.00158 -77.8667 0 1.01229 1.01288 504460 0.99526 77.8667 4.94007e-05 
0.1898 0.0111983 2.0274e+06 0 0 1.52303e+06 1.00163 -80.2412 0 1.01238 1.01285 504372 0.995112 80.2412 4.63029e-05 
0.19345 0.0111982 2.02735e+06 0 0 1.52307e+06 1.00168 -82.6888 0 1.01233 1.01281 504282 0.994959 82.6888 4.77345e-05 
0.1971 0.0111981 2.0273e+06 0 0 1.52311e+06 1.00173 -85.2123 0 1.01228 1.01278 504190 0.994801 85.2123 4.92155e-05 
0.20075 0.011198 2.02725e+06 0 0 1.52315e+06 1.00179 -87.8149 0 1.01223 1.01274 504095 0.994638 87.8149 5.0749e-05 
0.2044 0.0111979 2.0272e+06 0 0 1.5232e+06 1.00184 -90.4998 0 1.01217 1.0127 503998 0.99447 90.4998 5.2339e-05 
0.20805 0.0111977 2.02715e+06 0 0 1.52325e+06 1.0019 -93.2709 0 1.01212 1.01266 503897 0.994297 93.2709 5.39902e-05 
0.2117 0.0111976 2.0271e+06 0 0 1.52331e+06 1.00196 -96.1323 0 1.01206 1.01262 503795 0.994119 96.1323 5.57086e-05 
0.21535 0.0111974 2.02705e+06 0 0 1.52336e+06 1.00202 -99.0892 0 1.012 1.01258 503689 0.993935 99.0892 5.7502e-05 
0.219 0.0111972 2.027e+06 0 0 1.52342e+06 1.00209 -102.147 0 1.01194 1.01254 503580 0.993745 102.147 5.93805e-05 
0.22265 0.011197 2.02695e+06 0 0 1.52348e+06 1.00215 -105.314 0 1.01187 1.01249 503468 0.993549 105.314 6.13572e-05 
0.2263 0.0111968 2.0269e+06 0 0 1.52355e+06 1.00222 -108.598 0 1.01181 1.01245 503353 0.993346 108.598 6.34495e-05 
0.22995 0.0111965 2.02685e+06 0 0 1.52362e+06 1.00229 -112.01 0 1.01174 1.0124 503234 0.993136 112.01 6.56803e-05 
0.2336 0.0111963 2.0268e+06 0 0 1.52369e+06 1.00236 -115.564 0 1.01166 1.01235 503112 0.992919 115.564 6.80799e-05 
0.23725 0.011196 2.02675e+06 0 0 1.52376e+06 1.00244 -119.278 0 1.01159 1.0123 502986 0.992695 119.278 7.06889e-05 
0.2409 0.0111957 2.0267e+06 0 0 1.52384e+06 1.00251 -123.175 0 1.01151 1.01225 502855 0.992461 123.175 7.35608e-05 
0.24455 0.0111954 2.02665e+06 0 0 1.52393e+06 1.00259 -127.285 0 1.01142 1.0122 502720 0.992218 127.285 7.67668e-05 
0.2482 0.011195 2.0266e+06 0 0 1.52402e+06 1.00268 -131.649 0 1.01133 1.01214 502579 0.991965 131.649 8.04014e-05 
0.25185 0.0111946 2.02655e+06 0 0 1.52412e+06 1.00277 -136.317 0 1.01123 1.01208 502432 0.9917 136.317 8.45894e-05 
0.2555 0.0111942 2.0265e+06 0 0 1.52422e+06 1.00286 -141.358 0 1.01112 1.01202 502279 0.991422 141.358 8.94963e-05 
0.25915 0.0111938 2.02645e+06 0 0 1.52433e+06 1.00296 -146.862 0 1.011 1.01196 502117 0.991127 146.862 9.53404e-05 
0.2628 0.0111932 2.0264e+06 0 0 1.52445e+06 1.00306 -152.947 0 1.01086 1.01189 501946 0.990814 152.947 0.000102409 
0.26645 0.0111926 2.02635e+06 0 0 1.52459e+06 1.00317 -159.77 0 1.0107 1.01182 501764 0.990478 159.77 0.000111083 
0.2701 0.011192 2.0263e+06 0 0 1.52473e+06 1.00329 -167.537 0 1.01051 1.01174 501567 0.990115 167.537 0.000121858 
0.27375 0.0111912 2.02625e+06 0 0 1.5249e+06 1.00343 -176.518 0 1.01029 1.01165 501354 0.989718 176.518 0.00013539 
0.2774 0.0111903 2.0262e+06 0 0 1.52508e+06 1.00357 -187.071 0 1.01002 1.01156 501118 0.989277 187.071 0.000152537 
0.28105 0.0111892 2.02615e+06 0 0 1.52529e+06 1.00374 -199.664 0 1.0097 1.01146 500856 0.988783 199.664 0.000174422 
0.2847 0.0111879 2.0261e+06 0 0 1.52554e+06 1.00393 -214.912 0 1.0093 1.01134 500558 0.98822 214.912 0.000202514 
0.28835 0.0111863 2.02605e+06 0 0 1.52583e+06 1.00414 -233.623 0 1.0088 1.0112 500216 0.987568 233.623 0.000238735 
0.292 0.0111844 2.026e+06 0 0 1.52618e+06 1.0044 -256.855 0 1.00817 1.01104 499816 0.986803 256.855 0.000285588 
0.29565 0.0111819 2.02595e+06 0 0 1.52661e+06 1.0047 -285.995 0 1.00736 1.01085 499342 0.985892 285.995 0.00034634 
0.2993 0.0111789 2.0259e+06 0 0 1.52713e+06 1.00507 -322.855 0 1.00634 1.01062 498772 0.984791 322.855 0.00042524 
0.30295 0.011175 2.02585e+06 0 0 1.52777e+06 1.00552 -369.81 0 1.00503 1.01034 498077 0.983443 369.81 0.000527816 
0.3066 0.0111702 2.0258e+06 0 0 1.52858e+06 1.00608 -429.959 0 1.00334 1.01 497220 0.981774 429.959 0.00066124 
0.31025 0.0111639 2.02575e+06 0 0 1.5296e+06 1.00677 -507.354 0 1.00117 1.00957 496151 0.979689 507.354 0.000834808 
0.3139 0.011156 2.0257e+06 0 0 1.53089e+06 1.00765 -607.286 0 0.998351 1.00902 494808 0.97706 607.286 0.00106054 
0.31755 0.0111457 2.02565e+06 0 0 1.53254e+06 1.00876 -736.665 0 0.994706 1.00833 493106 0.973724 736.665 0.00135396 
0.3212 0.0111324 2.0256e+06 0 0 1.53466e+06 1.01018 -904.51 0 0.989984 1.00744 490937 0.969465 904.51 0.001735 
0.32485 0.0111153 2.02555e+06 0 0 1.53739e+06 1.012 -1122.59 0 0.983864 1.00629 488159 0.964004 1122.59 0.00222922 
0.3285 0.0110933 2.0255e+06 0 0 1.54091e+06 1.01434 -1406.28 0 0.975934 1.0048 484588 0.956974 1406.28 0.00286917 
0.33215 0.0110647 2.02545e+06 0 0 1.54547e+06 1.01737 -1775.6 0 0.965666 1.00285 479981 0.947901 1775.6 0.00369603 
0.3358 0.0110279 2.0254e+06 0 0 1.55137e+06 1.02128 -2256.65 0 0.952382 1.00029 474025 0.936162 2256.65 0.00476131 
0.33945 0.0109804 2.02535e+06 0 0 1.55904e+06 1.02635 -2883.31 0 0.935226 0.996888 466311 0.920949 2883.31 0.00612854 
0.3431 0.0109193 2.0253e+06 0 0 1.56899e+06 1.03293 -3699.28 0 0.913115 0.992345 456306 0.901211 3699.28 0.00787424 
0.34675 0.0108409 2.02525e+06 0 0 1.58193e+06 1.04147 -4760.19 0 0.884706 0.986208 443319 0.875585 4760.19 0.0100872 
0.3504 0.0107409 2.0252e+06 0 0 1.59874e+06 1.05256 -6134.83 0 0.848358 0.97781 426464 0.842314 6134.83 0.0128637 
0.35405 0.0106142 2.02515e+06 0 0 1.62054e+06 1.06694 -7902.99 0 0.802132 0.966124 404612 0.799175 7902.99 0.016294 
0.3577 0.0104551 2.0251e+06 0 0 1.64872e+06 1.08552 -10142.8 0 0.743844 0.949513 376380 0.74343 10142.8 0.020431 
0.36135 0.0102586 2.02505e+06 0 0 1.68487e+06 1.10935 -12889.3 0 0.671285 0.925252 340183 0.671949 12889.3 0.0252213 
0.365 0.0100219 2.025e+06 0 0 1.73048e+06 1.13941 -16020.4 0 0.582751 0.888647 294518 0.581765 16020.4 0.0303633 


0 0.0112 2.03e+06 0 0 1.5225e+06 1 0 0 1.015 1.01407 507500 1 0 5.04106e-11 
0.00365 0.0112003 2.02995e+06 0 0 1.52246e+06 1 -0.00493245 0 1.01497 1.01407 507487 1 0.00493245 2.10541e-08 
0.0073 0.0112005 2.0299e+06 0 0 1.52243e+06 1 -0.0118191 0 1.01495 1.01406 507475 0.999999 0.0118191 5.02675e-08 
0.01095 0.0112008 2.02985e+06 0 0 1.52239e+06 1 -0.0211522 0 1.01492 1.01406 507462 0.999999 0.0211522 8.96616e-08 
0.0146 0.0112011 2.0298e+06 0 0 1.52235e+06 1 -0.0335119 0 1.0149 1.01405 507449 0.999998 0.0335119 1.41528e-07 
0.01825 0.0112014 2.02975e+06 0 0 1.52231e+06 1 -0.0495768 0 1.01487 1.01405 507436 0.999998 0.0495768 2.08513e-07 
0.0219 0.0112016 2.0297e+06 0 0 1.52228e+06 1 -0.0701355 0 1.01484 1.01404 507423 0.999997 0.0701355 2.9365e-07 
0.02555 0.0112019 2.02965e+06 0 0 1.52224e+06 1 -0.0960983 0 1.01482 1.01404 507410 0.999995 0.0960983 4.00398e-07 
0.0292 0.0112022 2.0296e+06 0 0 1.5222e+06 1 -0.12851 0 1.01479 1.01403 507397 0.999994 0.12851 5.32679e-07 
0.03285 0.0112025 2.02955e+06 0 0 1.52217e+06 1 -0.168565 0 1.01476 1.01403 507383 0.999992 0.168565 6.94914e-07 
0.0365 0.0112027 2.0295e+06 0 0 1.52213e+06 1 -0.217617 0 1.01473 1.01402 507370 0.999989 0.217617 8.92069e-07 
0.04015 0.011203 2.02945e+06 0 0 1.52209e+06 1 -0.2772 0 1.0147 1.01402 507356 0.999986 0.2772 1.12969e-06 
0.0438 0.0112033 2.0294e+06 0 0 1.52206e+06 1.00001 -0.349038 0 1.01466 1.01401 507341 0.999983 0.349038 1.41394e-06 
0.04745 0.0112035 2.02935e+06 0 0 1.52202e+06 1.00001 -0.435067 0 1.01463 1.01401 507327 0.999979 0.435067 1.75167e-06 
0.0511 0.0112038 2.0293e+06 0 0 1.52199e+06 1.00001 -0.537444 0 1.0146 1.014 507311 0.999973 0.537444 2.15043e-06 
0.05475 0.011204 2.02925e+06 0 0 1.52195e+06 1.00001 -0.658571 0 1.01456 1.014 507296 0.999967 0.658571 2.61851e-06 
0.0584 0.0112043 2.0292e+06 0 0 1.52192e+06 1.00001 -0.801112 0 1.01452 1.01399 507280 0.99996 0.801112 3.16503e-06 
0.06205 0.0112045 2.02915e+06 0 0 1.52189e+06 1.00002 -0.968006 0 1.01448 1.01398 507263 0.999951 0.968006 3.79993e-06 
0.0657 0.0112048 2.0291e+06 0 0 1.52185e+06 1.00002 -1.16249 0 1.01443 1.01398 507245 0.999941 1.16249 4.53407e-06 
0.06935 0.011205 2.02905e+06 0 0 1.52182e+06 1.00002 -1.38813 0 1.01439 1.01397 507227 0.999929 1.38813 5.37922e-06 
0.073 0.0112052 2.029e+06 0 0 1.52179e+06 1.00003 -1.6488 0 1.01434 1.01396 507207 0.999916 1.6488 6.34815e-06 
0.07665 0.0112054 2.02895e+06 0 0 1.52176e+06 1.00003 -1.94876 0 1.01428 1.01395 507187 0.9999 1.94876 7.45466e-06 
0.0803 0.0112057 2.0289e+06 0 0 1.52173e+06 1.00004 -2.29263 0 1.01422 1.01394 507165 0.999882 2.29263 8.71362e-06 
0.08395 0.0112059 2.02885e+06 0 0 1.52171e+06 1.00005 -2.68543 0 1.01416 1.01393 507142 0.999861 2.68543 1.0141e-05 
0.0876 0.0112061 2.0288e+06 0 0 1.52168e+06 1.00005 -3.13262 0 1.01409 1.01393 507117 0.999836 3.13262 1.1754e-05 
0.09125 0.0112062 2.02875e+06 0 0 1.52166e+06 1.00006 -3.64006 0 1.01401 1.01391 507090 0.999809 3.64006 1.3571e-05 
0.0949 0.0112064 2.0287e+06 0 0 1.52164e+06 1.00007 -4.21412 0 1.01393 1.0139 507062 0.999777 4.21412 1.56117e-05 
0.09855 0.0112066 2.02865e+06 0 0 1.52162e+06 1.00009 -4.86161 0 1.01384 1.01389 507031 0.999742 4.86161 1.7897e-05 
0.1022 0.0112067 2.0286e+06 0 0 1.5216e+06 1.0001 -5.58989 0 1.01374 1.01388 506998 0.999701 5.58989 2.04492e-05 
0.10585 0.0112068 2.02855e+06 0 0 1.52159e+06 1.00011 -6.40684 0 1.01363 1.01386 506963 0.999655 6.40684 2.32922e-05 
0.1095 0.0112069 2.0285e+06 0 0 1.52158e+06 1.00013 -7.32088 0 1.01352 1.01385 506924 0.999604 7.32088 2.64511e-05 
0.11315 0.011207 2.02845e+06 0 0 1.52157e+06 1.00015 -8.34103 0 1.01339 1.01383 506882 0.999546 8.34103 2.99528e-05 
0.1168 0.0112071 2.0284e+06 0 0 1.52156e+06 1.00017 -9.47693 0 1.01325 1.01382 506837 0.999481 9.47693 3.38257e-05 
0.12045 0.0112071 2.02835e+06 0 0 1.52156e+06 1.0002 -10.7388 0 1.0131 1.0138 506787 0.999408 10.7388 3.80997e-05 
0.1241 0.0112071 2.0283e+06 0 0 1.52157e+06 1.00022 -12.1377 0 1.01293 1.01378 506734 0.999327 12.1377 4.28068e-05 
0.12775 0.0112071 2.02825e+06 0 0 1.52157e+06 1.00025 -13.6851 0 1.01275 1.01375 506675 0.999236 13.6851 4.79807e-05 
0.1314 0.011207 2.0282e+06 0 0 1.52159e+06 1.00029 -15.3935 0 1.01255 1.01373 506612 0.999136 15.3935 5.3657e-05 
0.13505 0.0112069 2.02815e+06 0 0 1.52161e+06 1.00033 -17.2758 0 1.01234 1.0137 506543 0.999024 17.2758 5.98734e-05 
0.1387 0.0112068 2.0281e+06 0 0 1.52163e+06 1.00037 -19.3459 0 1.0121 1.01367 506467 0.998901 19.3459 6.66697e-05 
0.14235 0.0112066 2.02805e+06 0 0 1.52166e+06 1.00041 -21.6185 0 1.01185 1.01364 506386 0.998764 21.6185 7.40879e-05 
0.146 0.0112064 2.028e+06 0 0 1.5217e+06 1.00046 -24.1089 0 1.01157 1.0136 506297 0.998613 24.1089 8.21724e-05 
0.14965 0.0112061 2.02795e+06 0 0 1.52175e+06 1.00052 -26.8331 0 1.01126 1.01357 506200 0.998447 26.8331 9.09699e-05 
0.1533 0.0112057 2.0279e+06 0 0 1.5218e+06 1.00058 -29.808 0 1.01094 1.01353 506095 0.998265 29.808 0.000100529 
0.15695 0.0112053 2.02785e+06 0 0 1.52187e+06 1.00065 -33.0506 0 1.01058 1.01348 505981 0.998065 33.0506 0.000110902 
0.1606 0.0112049 2.0278e+06 0 0 1.52194e+06 1.00072 -36.5784 0 1.01019 1.01343 505858 0.997846 36.5784 0.00012214 
0.16425 0.0112044 2.02775e+06 0 0 1.52203e+06 1.0008 -40.4089 0 1.00977 1.01338 505725 0.997607 40.4089 0.000134297 
0.1679 0.0112038 2.0277e+06 0 0 1.52212e+06 1.00088 -44.5586 0 1.00932 1.01332 505580 0.997348 44.5586 0.000147428 
0.17155 0.0112031 2.02765e+06 0 0 1.52222e+06 1.00098 -49.0428 0 1.00883 1.01326 505425 0.997066 49.0428 0.000161582 
0.1752 0.0112024 2.0276e+06 0 0 1.52234e+06 1.00108 -53.8736 0 1.00831 1.0132 505259 0.996763 53.8736 0.000176807 
0.17885 0.0112016 2.02755e+06 0 0 1.52247e+06 1.00119 -59.0586 0 1.00775 1.01313 505081 0.996436 59.0586 0.00019314 
0.1825 0.0112007 2.0275e+06 0 0 1.52261e+06 1.0013 -64.5979 0 1.00781 1.01305 504892 0.996087 64.5979 0.000190866 
0.18615 0.0112007 2.02745e+06 0 0 1.52263e+06 1.00134 -66.4847 0 1.01251 1.01302 504820 0.99597 66.4847 4.22256e-05 
0.1898 0.0112007 2.0274e+06 0 0 1.52266e+06 1.00139 -68.5199 0 1.0126 1.01299 504743 0.995843 68.5199 3.95599e-05 
0.19345 0.0112007 2.02735e+06 0 0 1.52269e+06 1.00143 -70.6176 0 1.01255 1.01296 504664 0.995712 70.6176 4.07821e-05 
0.1971 0.0112006 2.0273e+06 0 0 1.52272e+06 1.00147 -72.7799 0 1.01251 1.01293 504583 0.995577 72.7799 4.20454e-05 
0.20075 0.0112005 2.02725e+06 0 0 1.52275e+06 1.00152 -75.0094 0 1.01246 1.0129 504501 0.995439 75.0094 4.33521e-05 
0.2044 0.0112005 2.0272e+06 0 0 1.52278e+06 1.00157 -77.3087 0 1.01242 1.01287 504416 0.995295 77.3087 4.47052e-05 
0.20805 0.0112004 2.02715e+06 0 0 1.52282e+06 1.00162 -79.6807 0 1.01237 1.01283 504328 0.995148 79.6807 4.6108e-05 
0.2117 0.0112003 2.0271e+06 0 0 1.52286e+06 1.00167 -82.1289 0 1.01232 1.0128 504239 0.994995 82.1289 4.75648e-05 
0.21535 0.0112002 2.02705e+06 0 0 1.5229e+06 1.00172 -84.657 0 1.01226 1.01276 504147 0.994838 84.657 4.90811e-05 
0.219 0.0112001 2.027e+06 0 0 1.52295e+06 1.00177 -87.2694 0 1.01221 1.01272 504052 0.994676 87.2694 5.06637e-05 
0.22265 0.0111999 2.02695e+06 0 0 1.52299e+06 1.00183 -89.9714 0 1.01216 1.01268 503955 0.994509 89.9714 5.23218e-05 
0.2263 0.0111998 2.0269e+06 0 0 1.52304e+06 1.00189 -92.7692 0 1.0121 1.01264 503855 0.994336 92.7692 5.40669e-05 
0.22995 0.0111996 2.02685e+06 0 0 1.5231e+06 1.00195 -95.6709 0 1.01204 1.0126 503752 0.994157 95.6709 5.59146e-05 
0.2336 0.0111995 2.0268e+06 0 0 1.52315e+06 1.00201 -98.686 0 1.01198 1.01256 503646 0.993973 98.686 5.78852e-05 
0.23725 0.0111993 2.02675e+06 0 0 1.52321e+06 1.00207 -101.827 0 1.01191 1.01252 503537 0.993782 101.827 6.00057e-05 
0.2409 0.0111991 2.0267e+06 0 0 1.52328e+06 1.00214 -105.11 0 1.01185 1.01247 503424 0.993583 105.11 6.23117e-05 
0.24455 0.0111988 2.02665e+06 0 0 1.52334e+06 1.00221 -108.555 0 1.01177 1.01243 503307 0.993378 108.555 6.48505e-05 
0.2482 0.0111986 2.0266e+06 0 0 1.52341e+06 1.00228 -112.189 0 1.0117 1.01238 503186 0.993164 112.189 6.76847e-05 
0.25185 0.0111983 2.02655e+06 0 0 1.52349e+06 1.00235 -116.047 0 1.01162 1.01233 503061 0.992941 116.047 7.08971e-05 
0.2555 0.011198 2.0265e+06 0 0 1.52357e+06 1.00243 -120.174 0 1.01153 1.01228 502930 0.992707 120.174 7.45972e-05 
0.25915 0.0111977 2.02645e+06 0 0 1.52366e+06 1.00251 -124.631 0 1.01143 1.01223 502793 0.992462 124.631 7.89295e-05 
0.2628 0.0111973 2.0264e+06 0 0 1.52375e+06 1.0026 -129.496 0 1.01132 1.01217 502650 0.992202 129.496 8.40844e-05 
0.26645 0.0111968 2.02635e+06 0 0 1.52385e+06 1.00269 -134.873 0 1.0112 1.01211 502497 0.991926 134.873 9.03128e-05 
0.2701 0.0111964 2.0263e+06 0 0 1.52396e+06 1.00279 -140.899 0 1.01106 1.01204 502335 0.99163 140.899 9.79447e-05 
0.27375 0.0111958 2.02625e+06 0 0 1.52409e+06 1.0029 -147.753 0 1.01089 1.01197 502161 0.99131 147.753 0.000107413 
0.2774 0.0111951 2.0262e+06 0 0 1.52423e+06 1.00301 -155.672 0 1.0107 1.0119 501971 0.99096 155.672 0.000119287 
0.28105 0.0111944 2.02615e+06 0 0 1.52439e+06 1.00314 -164.967 0 1.01046 1.01182 501762 0.990573 164.967 0.00013431 
0.2847 0.0111934 2.0261e+06 0 0 1.52457e+06 1.00329 -176.043 0 1.01018 1.01172 501529 0.990138 176.043 0.000153458 
0.28835 0.0111923 2.02605e+06 0 0 1.52478e+06 1.00345 -189.437 0 1.00983 1.01162 501266 0.989643 189.437 0.000178003 
0.292 0.011191 2.026e+06 0 0 1.52504e+06 1.00364 -205.848 0 1.00939 1.0115 500964 0.989071 205.848 0.000209609 
0.29565 0.0111893 2.02595e+06 0 0 1.52534e+06 1.00387 -226.195 0 1.00884 1.01136 500612 0.9884 226.195 0.000250447 
0.2993 0.0111872 2.0259e+06 0 0 1.5257e+06 1.00413 -251.677 0 1.00814 1.01119 500195 0.987601 251.677 0.000303342 
0.30295 0.0111846 2.02585e+06 0 0 1.52615e+06 1.00445 -283.865 0 1.00725 1.01099 499695 0.986638 283.865 0.000371974 
0.3066 0.0111813 2.0258e+06 0 0 1.52671e+06 1.00485 -324.811 0 1.00611 1.01075 499086 0.985461 324.811 0.000461128 
0.31025 0.011177 2.02575e+06 0 0 1.52741e+06 1.00533 -377.197 0 1.00464 1.01045 498337 0.984005 377.197 0.000577013 
0.3139 0.0111717 2.0257e+06 0 0 1.52829e+06 1.00594 -444.521 0 1.00275 1.01007 497405 0.982188 444.521 0.000727682 
0.31755 0.0111647 2.02565e+06 0 0 1.52942e+06 1.0067 -531.355 0 1.00031 1.0096 496234 0.979901 531.355 0.000923555 
0.3212 0.0111558 2.0256e+06 0 0 1.53085e+06 1.00767 -643.66 0 0.997147 1.009 494753 0.977001 643.66 0.00117809 
0.32485 0.0111443 2.02555e+06 0 0 1.53268e+06 1.0089 -789.218 0 0.993054 1.00823 492869 0.973303 789.218 0.00150861 
0.3285 0.0111295 2.0255e+06 0 0 1.53504e+06 1.01048 -978.181 0 0.987751 1.00724 490458 0.968566 978.181 0.00193736 
0.33215 0.0111104 2.02545e+06 0 0 1.53809e+06 1.01251 -1223.79 0 0.980881 1.00596 487361 0.962475 1223.79 0.00249277 
0.3358 0.0110856 2.0254e+06 0 0 1.54203e+06 1.01513 -1543.33 0 0.971984 1.00429 483371 0.954619 1543.33 0.00321091 
0.33945 0.0110537 2.02535e+06 0 0 1.54713e+06 1.01851 -1959.29 0 0.960473 1.0021 478217 0.944463 1959.29 0.00413722 
0.3431 0.0110124 2.0253e+06 0 0 1.55375e+06 1.0229 -2500.96 0 0.945595 0.999205 471546 0.931311 2500.96 0.00532822 
0.34675 0.0109593 2.02525e+06 0 0 1.56235e+06 1.02858 -3206.27 0 0.926404 0.995356 462899 0.914255 3206.27 0.00685297 
0.3504 0.010891 2.0252e+06 0 0 1.57352e+06 1.03596 -4123.9 0 0.901709 0.99019 451679 0.892117 4123.9 0.00879346 
0.35405 0.0108036 2.02515e+06 0 0 1.58803e+06 1.04554 -5315.23 0 0.870044 0.983176 437115 0.863374 5315.23 0.0112426 
0.3577 0.0106924 2.0251e+06 0 0 1.60688e+06 1.05797 -6854.55 0 0.829639 0.973513 418221 0.826075 6854.55 0.0142962 
0.36135 0.0105521 2.02505e+06 0 0 1.63129e+06 1.07408 -8823.71 0 0.778438 0.959953 393758 0.777775 8823.71 0.0180338 
0.365 0.0103771 2.025e+06 0 0 1.66276e+06 1.09482 -11290.3 0 0.71421 0.940466 362239 0.715533 11290.3 0.0224736 


0 0.0112 2.03e+06 0 0 1.5225e+06 1 0 0 1.015 1.01407 507500 1 0 3.37917e-11 
0.00365 0.0112003 2.02995e+06 0 0 1.52246e+06 1 -0.00400764 0 1.01497 1.01407 507487 1 0.00400764 1.70294e-08 
0.0073 0.0112006 2.0299e+06 0 0 1.52243e+06 1 -0.0096049 0 1.01495 1.01406 507475 1 0.0096049 4.06844e-08 
0.01095 0.0112008 2.02985e+06 0 0 1.52239e+06 1 -0.0171946 0 1.01492 1.01406 507462 0.999999 0.0171946 7.2612e-08 
0.0146 0.0112011 2.0298e+06 0 0 1.52235e+06 1 -0.0272525 0 1.0149 1.01405 507449 0.999999 0.0272525 1.14693e-07 
0.01825 0.0112014 2.02975e+06 0 0 1.52231e+06 1 -0.0403361 0 1.01487 1.01405 507437 0.999998 0.0403361 1.69105e-07 
0.0219 0.0112016 2.0297e+06 0 0 1.52228e+06 1 -0.0570949 0 1.01484 1.01404 507424 0.999997 0.0570949 2.3835e-07 
0.02555 0.0112019 2.02965e+06 0 0 1.52224e+06 1 -0.0782799 0 1.01482 1.01404 507411 0.999996 0.0782799 3.25291e-07 
0.0292 0.0112022 2.0296e+06 0 0 1.5222e+06 1 -0.104756 0 1.01479 1.01403 507397 0.999995 0.104756 4.3318e-07 
0.03285 0.0112025 2.02955e+06 0 0 1.52217e+06 1 -0.137511 0 1.01476 1.01403 507384 0.999993 0.137511 5.65693e-07 
0.0365 0.0112027 2.0295e+06 0 0 1.52213e+06 1 -0.177672 0 1.01473 1.01402 507371 0.999991 0.177672 7.26968e-07 
0.04015 0.011203 2.02945e+06 0 0 1.52209e+06 1 -0.226515 0 1.0147 1.01402 507357 0.999989 0.226515 9.21643e-07 
0.0438 0.0112033 2.0294e+06 0 0 1.52206e+06 1 -0.285478 0 1.01467 1.01401 507343 0.999986 0.285478 1.15489e-06 
0.04745 0.0112035 2.02935e+06 0 0 1.52202e+06 1.00001 -0.35618 0 1.01464 1.01401 507329 0.999982 0.35618 1.43244e-06 
0.0511 0.0112038 2.0293e+06 0 0 1.52199e+06 1.00001 -0.440428 0 1.01461 1.014 507314 0.999978 0.440428 1.76067e-06 
0.05475 0.011204 2.02925e+06 0 0 1.52195e+06 1.00001 -0.540242 0 1.01457 1.014 507299 0.999973 0.540242 2.14658e-06 
0.0584 0.0112043 2.0292e+06 0 0 1.52192e+06 1.00001 -0.657861 0 1.01453 1.01399 507283 0.999967 0.657861 2.59789e-06 
0.06205 0.0112046 2.02915e+06 0 0 1.52188e+06 1.00001 -0.795766 0 1.0145 1.01398 507267 0.99996 0.795766 3.12302e-06 
0.0657 0.0112048 2.0291e+06 0 0 1.52185e+06 1.00002 -0.956696 0 1.01445 1.01398 507250 0.999952 0.956696 3.73122e-06 
0.06935 0.011205 2.02905e+06 0 0 1.52182e+06 1.00002 -1.14366 0 1.01441 1.01397 507233 0.999942 1.14366 4.43253e-06 
0.073 0.0112053 2.029e+06 0 0 1.52179e+06 1.00002 -1.35997 0 1.01436 1.01396 507215 0.99993 1.35997 5.23785e-06 
0.07665 0.0112055 2.02895e+06 0 0 1.52175e+06 1.00003 -1.60923 0 1.01431 1.01396 507196 0.999917 1.60923 6.15901e-06 
0.0803 0.0112057 2.0289e+06 0 0 1.52172e+06 1.00003 -1.8954 0 1.01426 1.01395 507175 0.999902 1.8954 7.20879e-06 
0.08395 0.0112059 2.02885e+06 0 0 1.5217e+06 1.00004 -2.22275 0 1.0142 1.01394 507154 0.999885 2.22275 8.40095e-06 
0.0876 0.0112062 2.0288e+06 0 0 1.52167e+06 1.00005 -2.59597 0 1.01414 1.01393 507131 0.999864 2.59597 9.75031e-06 
0.09125 0.0112064 2.02875e+06 0 0 1.52164e+06 1.00005 -3.02009 0 1.01407 1.01392 507107 0.999841 3.02009 1.12728e-05 
0.0949 0.0112065 2.0287e+06 0 0 1.52162e+06 1.00006 -3.50057 0 1.014 1.01391 507081 0.999815 3.50057 1.29854e-05 
0.09855 0.0112067 2.02865e+06 0 0 1.5216e+06 1.00007 -4.04331 0 1.01392 1.0139 507054 0.999785 4.04331 1.49064e-05 
0.1022 0.0112069 2.0286e+06 0 0 1.52158e+06 1.00008 -4.65465 0 1.01383 1.01389 507024 0.999751 4.65465 1.70552e-05 
0.10585 0.011207 2.02855e+06 0 0 1.52156e+06 1.0001 -5.3414 0 1.01374 1.01388 506992 0.999713 5.3414 1.94525e-05 
0.1095 0.0112072 2.0285e+06 0 0 1.52154e+06 1.00011 -6.11087 0 1.01364 1.01386 506957 0.99967 6.11087 2.21205e-05 
0.11315 0.0112073 2.02845e+06 0 0 1.52153e+06 1.00013 -6.97091 0 1.01353 1.01385 506920 0.999621 6.97091 2.50827e-05 
0.1168 0.0112074 2.0284e+06 0 0 1.52152e+06 1.00014 -7.92988 0 1.01341 1.01383 506880 0.999566 7.92988 2.83639e-05 
0.12045 0.0112074 2.02835e+06 0 0 1.52151e+06 1.00016 -8.99674 0 1.01327 1.01382 506836 0.999505 8.99674 3.19906e-05 
0.1241 0.0112075 2.0283e+06 0 0 1.52151e+06 1.00019 -10.181 0 1.01313 1.0138 506789 0.999437 10.181 3.59909e-05 
0.12775 0.0112075 2.02825e+06 0 0 1.52151e+06 1.00021 -11.4929 0 1.01297 1.01378 506738 0.99936 11.4929 4.03945e-05 
0.1314 0.0112075 2.0282e+06 0 0 1.52152e+06 1.00024 -12.9432 0 1.0128 1.01376 506682 0.999275 12.9432 4.52328e-05 
0.13505 0.0112074 2.02815e+06 0 0 1.52153e+06 1.00027 -14.5433 0 1.01261 1.01373 506622 0.99918 14.5433 5.05392e-05 
0.1387 0.0112074 2.0281e+06 0 0 1.52154e+06 1.00031 -16.3054 0 1.01241 1.01371 506556 0.999076 16.3054 5.6349e-05 
0.14235 0.0112072 2.02805e+06 0 0 1.52156e+06 1.00035 -18.2422 0 1.01219 1.01368 506485 0.99896 18.2422 6.26991e-05 
0.146 0.0112071 2.028e+06 0 0 1.52159e+06 1.00039 -20.3673 0 1.01195 1.01365 506408 0.998831 20.3673 6.96289e-05 
0.14965 0.0112069 2.02795e+06 0 0 1.52163e+06 1.00044 -22.6947 0 1.01168 1.01361 506323 0.99869 22.6947 7.71795e-05 
0.1533 0.0112066 2.0279e+06 0 0 1.52167e+06 1.00049 -25.239 0 1.0114 1.01358 506232 0.998535 25.239 8.53939e-05 
0.15695 0.0112064 2.02785e+06 0 0 1.52172e+06 1.00055 -28.0153 0 1.01109 1.01354 506133 0.998365 28.0153 9.4317e-05 
0.1606 0.011206 2.0278e+06 0 0 1.52177e+06 1.00061 -31.0387 0 1.01075 1.0135 506026 0.998178 31.0387 0.000103995 
0.16425 0.0112056 2.02775e+06 0 0 1.52184e+06 1.00068 -34.3243 0 1.01039 1.01345 505911 0.997975 34.3243 0.000114474 
0.1679 0.0112051 2.0277e+06 0 0 1.52191e+06 1.00075 -37.8864 0 1.01 1.0134 505786 0.997753 37.8864 0.0001258 
0.17155 0.0112046 2.02765e+06 0 0 1.522e+06 1.00083 -41.7377 0 1.00958 1.01335 505651 0.997512 41.7377 0.000138017 
0.1752 0.011204 2.0276e+06 0 0 1.52209e+06 1.00092 -45.8885 0 1.00913 1.0133 505507 0.997253 45.8885 0.000151164 
0.17885 0.0112034 2.02755e+06 0 0 1.5222e+06 1.00101 -50.3445 0 1.00864 1.01323 505353 0.996974 50.3445 0.000165268 
0.1825 0.0112027 2.0275e+06 0 0 1.52231e+06 1.00111 -55.1046 0 1.00869 1.01317 505190 0.996675 55.1046 0.000163267 
0.18615 0.0112027 2.02745e+06 0 0 1.52232e+06 1.00114 -56.721 0 1.01271 1.01315 505126 0.996575 56.721 3.60718e-05 
0.1898 0.0112027 2.0274e+06 0 0 1.52234e+06 1.00118 -58.4644 0 1.01278 1.01312 505059 0.996467 58.4644 3.37792e-05 
0.19345 0.0112028 2.02735e+06 0 0 1.52236e+06 1.00121 -60.2612 0 1.01274 1.01309 504990 0.996355 60.2612 3.4823e-05 
0.1971 0.0112027 2.0273e+06 0 0 1.52238e+06 1.00125 -62.1132 0 1.0127 1.01306 504919 0.99624 62.1132 3.59012e-05 
0.20075 0.0112027 2.02725e+06 0 0 1.5224e+06 1.00129 -64.0223 0 1.01266 1.01304 504847 0.996122 64.0223 3.70155e-05 
0.2044 0.0112027 2.0272e+06 0 0 1.52243e+06 1.00133 -65.9907 0 1.01262 1.01301 504773 0.996 65.9907 3.81682e-05 
0.20805 0.0112027 2.02715e+06 0 0 1.52245e+06 1.00138 -68.0208 0 1.01258 1.01298 504696 0.995874 68.0208 3.93616e-05 
0.2117 0.0112026 2.0271e+06 0 0 1.52248e+06 1.00142 -70.1152 0 1.01254 1.01295 504618 0.995744 70.1152 4.0599e-05 
0.21535 0.0112026 2.02705e+06 0 0 1.52251e+06 1.00146 -72.2769 0 1.01249 1.01291 504538 0.99561 72.2769 4.1884e-05 
0.219 0.0112025 2.027e+06 0 0 1.52254e+06 1.00151 -74.5092 0 1.01245 1.01288 504455 0.995471 74.5092 4.32216e-05 
0.22265 0.0112025 2.02695e+06 0 0 1.52258e+06 1.00156 -76.816 0 1.0124 1.01285 504370 0.995329 76.816 4.4618e-05 
0.2263 0.0112024 2.0269e+06 0 0 1.52262e+06 1.00161 -79.202 0 1.01235 1.01281 504283 0.995181 79.202 4.60811e-05 
0.22995 0.0112023 2.02685e+06 0 0 1.52266e+06 1.00166 -81.6728 0 1.0123 1.01278 504194 0.995029 81.6728 4.76213e-05 
0.2336 0.0112022 2.0268e+06 0 0 1.5227e+06 1.00171 -84.2354 0 1.01225 1.01274 504101 0.994872 84.2354 4.92525e-05 
0.23725 0.0112021 2.02675e+06 0 0 1.52274e+06 1.00176 -86.8985 0 1.01219 1.0127 504007 0.994709 86.8985 5.09927e-05 
0.2409 0.0112019 2.0267e+06 0 0 1.52279e+06 1.00182 -89.673 0 1.01213 1.01267 503909 0.994541 89.673 5.28655e-05 
0.24455 0.0112018 2.02665e+06 0 0 1.52284e+06 1.00188 -92.573 0 1.01207 1.01263 503808 0.994367 92.573 5.49026e-05 
0.2482 0.0112016 2.0266e+06 0 0 1.5229e+06 1.00194 -95.6167 0 1.01201 1.01259 503704 0.994185 95.6167 5.71455e-05 
0.25185 0.0112014 2.02655e+06 0 0 1.52295e+06 1.002 -98.8275 0 1.01194 1.01254 503596 0.993997 98.8275 5.9649e-05 
0.2555 0.0112012 2.0265e+06 0 0 1.52302e+06 1.00207 -102.236 0 1.01187 1.0125 503484 0.993801 102.236 6.24857e-05 
0.25915 0.011201 2.02645e+06 0 0 1.52308e+06 1.00214 -105.883 0 1.01179 1.01245 503367 0.993595 105.883 6.57512e-05 
0.2628 0.0112007 2.0264e+06 0 0 1.52315e+06 1.00221 -109.82 0 1.0117 1.0124 503245 0.993379 109.82 6.95718e-05 
0.26645 0.0112004 2.02635e+06 0 0 1.52323e+06 1.00228 -114.117 0 1.01161 1.01235 503117 0.99315 114.117 7.41135e-05 
0.2701 0.0112 2.0263e+06 0 0 1.52332e+06 1.00236 -118.864 0 1.0115 1.0123 502982 0.992907 118.864 7.95946e-05 
0.27375 0.0111996 2.02625e+06 0 0 1.52341e+06 1.00245 -124.181 0 1.01137 1.01224 502837 0.992646 124.181 8.6302e-05 
0.2774 0.0111992 2.0262e+06 0 0 1.52352e+06 1.00255 -130.225 0 1.01123 1.01218 502682 0.992364 130.225 9.46119e-05 
0.28105 0.0111986 2.02615e+06 0 0 1.52364e+06 1.00265 -137.2 0 1.01106 1.01211 502514 0.992056 137.2 0.000105018 
0.2847 0.011198 2.0261e+06 0 0 1.52377e+06 1.00276 -145.378 0 1.01085 1.01204 502328 0.991715 145.378 0.000118165 
0.28835 0.0111972 2.02605e+06 0 0 1.52393e+06 1.00289 -155.111 0 1.0106 1.01196 502122 0.991333 155.111 0.000134898 
0.292 0.0111963 2.026e+06 0 0 1.52411e+06 1.00303 -166.864 0 1.01029 1.01187 501890 0.990898 166.864 0.000156321 
0.29565 0.0111951 2.02595e+06 0 0 1.52433e+06 1.0032 -181.243 0 1.00991 1.01176 501623 0.990396 181.243 0.000183872 
0.2993 0.0111937 2.0259e+06 0 0 1.52459e+06 1.0034 -199.045 0 1.00943 1.01164 501313 0.989808 199.045 0.000219431 
0.30295 0.0111919 2.02585e+06 0 0 1.5249e+06 1.00363 -221.307 0 1.00882 1.01149 500947 0.98911 221.307 0.000265442 
0.3066 0.0111896 2.0258e+06 0 0 1.52529e+06 1.00391 -249.39 0 1.00804 1.01132 500508 0.988268 249.39 0.000325089 
0.31025 0.0111868 2.02575e+06 0 0 1.52577e+06 1.00425 -285.066 0 1.00705 1.0111 499975 0.98724 285.066 0.000402509 
0.3139 0.0111831 2.0257e+06 0 0 1.52638e+06 1.00468 -330.652 0 1.00578 1.01084 499320 0.985971 330.652 0.000503077 
0.31755 0.0111785 2.02565e+06 0 0 1.52714e+06 1.0052 -389.171 0 1.00414 1.01052 498507 0.984389 389.171 0.00063376 
0.3212 0.0111725 2.0256e+06 0 0 1.52811e+06 1.00587 -464.568 0 1.00202 1.01011 497487 0.9824 464.568 0.000803579 
0.32485 0.0111648 2.02555e+06 0 0 1.52935e+06 1.00671 -561.986 0 0.999281 1.00959 496199 0.979881 561.986 0.0010242 
0.3285 0.0111548 2.0255e+06 0 0 1.53094e+06 1.00778 -688.135 0 0.995736 1.00892 494562 0.976673 688.135 0.00131064 
0.33215 0.011142 2.02545e+06 0 0 1.53298e+06 1.00914 -851.766 0 0.991144 1.00807 492471 0.972566 851.766 0.00168225 
0.3358 0.0111254 2.0254e+06 0 0 1.53561e+06 1.0109 -1064.29 0 0.985197 1.00697 489788 0.967291 1064.29 0.00216378 
0.33945 0.011104 2.02535e+06 0 0 1.53902e+06 1.01317 -1340.59 0 0.977495 1.00553 486333 0.960492 1340.59 0.00278675 
0.3431 0.0110763 2.0253e+06 0 0 1.54342e+06 1.0161 -1700.06 0 0.967527 1.00366 481875 0.95171 1700.06 0.0035911 
0.34675 0.0110405 2.02525e+06 0 0 1.54914e+06 1.01989 -2167.95 0 0.954639 1.00119 476108 0.940344 2167.95 0.0046268 
0.3504 0.0109943 2.0252e+06 0 0 1.55656e+06 1.0248 -2777.07 0 0.938001 0.997923 468638 0.925613 2777.07 0.0059556 
0.35405 0.010935 2.02515e+06 0 0 1.5662e+06 1.03117 -3569.77 0 0.916566 0.99356 458950 0.9065 3569.77 0.00765214 
0.3577 0.0108588 2.0251e+06 0 0 1.57872e+06 1.03944 -4600.07 0 0.889032 0.987678 446377 0.881688 4600.07 0.00980351 
0.36135 0.0107616 2.02505e+06 0 0 1.59499e+06 1.05017 -5935.16 0 0.853803 0.979644 430060 0.84948 5935.16 0.0125052 
0.365 0.0106383 2.025e+06 0 0 1.61609e+06 1.06409 -7653.95 0 0.808984 0.968497 408906 0.807717 7653.95 0.0158493 


0 0.0112 2.03e+06 0 0 1.5225e+06 1 0 0 1.015 1.01407 507500 1 0 2.26516e-11 
0.00365 0.0112003 2.02995e+06 0 0 1.52246e+06 1 -0.00325802 0 1.01497 1.01407 507487 1 0.00325802 1.37855e-08 
0.0073 0.0112006 2.0299e+06 0 0 1.52243e+06 1 -0.00780972 0 1.01495 1.01406 507475 1 0.00780972 3.29529e-08 
0.01095 0.0112008 2.02985e+06 0 0 1.52239e+06 1 -0.0139848 0 1.01492 1.01406 507462 0.999999 0.0139848 5.88454e-08 
0.0146 0.0112011 2.0298e+06 0 0 1.52235e+06 1 -0.0221733 0 1.0149 1.01405 507449 0.999999 0.0221733 9.30065e-08 
0.01825 0.0112014 2.02975e+06 0 0 1.52231e+06 1 -0.0328334 0 1.01487 1.01405 507437 0.999998 0.0328334 1.37227e-07 
0.0219 0.0112016 2.0297e+06 0 0 1.52228e+06 1 -0.0464997 0 1.01485 1.01405 507424 0.999998 0.0464997 1.93572e-07 
0.02555 0.0112019 2.02965e+06 0 0 1.52224e+06 1 -0.0637921 0 1.01482 1.01404 507411 0.999997 0.0637921 2.64406e-07 
0.0292 0.0112022 2.0296e+06 0 0 1.5222e+06 1 -0.0854252 0 1.01479 1.01403 507398 0.999996 0.0854252 3.52426e-07 
0.03285 0.0112025 2.02955e+06 0 0 1.52217e+06 1 -0.112218 0 1.01476 1.01403 507385 0.999995 0.112218 4.60688e-07 
0.0365 0.0112027 2.0295e+06 0 0 1.52213e+06 1 -0.145106 0 1.01474 1.01402 507371 0.999993 0.145106 5.92638e-07 
0.04015 0.011203 2.02945e+06 0 0 1.52209e+06 1 -0.185151 0 1.01471 1.01402 507358 0.999991 0.185151 7.52147e-07 
0.0438 0.0112033 2.0294e+06 0 0 1.52206e+06 1 -0.233552 0 1.01468 1.01401 507344 0.999988 0.233552 9.43545e-07 
0.04745 0.0112035 2.02935e+06 0 0 1.52202e+06 1 -0.291662 0 1.01465 1.01401 507330 0.999986 0.291662 1.17165e-06 
0.0511 0.0112038 2.0293e+06 0 0 1.52198e+06 1.00001 -0.360994 0 1.01461 1.014 507316 0.999982 0.360994 1.44182e-06 
0.05475 0.0112041 2.02925e+06 0 0 1.52195e+06 1.00001 -0.443243 0 1.01458 1.014 507301 0.999978 0.443243 1.75995e-06 
0.0584 0.0112043 2.0292e+06 0 0 1.52191e+06 1.00001 -0.540292 0 1.01455 1.01399 507286 0.999973 0.540292 2.13257e-06 
0.06205 0.0112046 2.02915e+06 0 0 1.52188e+06 1.00001 -0.654232 0 1.01451 1.01399 507271 0.999967 0.654232 2.56684e-06 
0.0657 0.0112048 2.0291e+06 0 0 1.52185e+06 1.00001 -0.787376 0 1.01447 1.01398 507255 0.99996 0.787376 3.07058e-06 
0.06935 0.0112051 2.02905e+06 0 0 1.52181e+06 1.00002 -0.942273 0 1.01443 1.01397 507238 0.999952 0.942273 3.65235e-06 
0.073 0.0112053 2.029e+06 0 0 1.52178e+06 1.00002 -1.12173 0 1.01439 1.01397 507221 0.999943 1.12173 4.32147e-06 
0.07665 0.0112056 2.02895e+06 0 0 1.52175e+06 1.00002 -1.32881 0 1.01434 1.01396 507203 0.999932 1.32881 5.08804e-06 
0.0803 0.0112058 2.0289e+06 0 0 1.52172e+06 1.00003 -1.56688 0 1.01429 1.01395 507184 0.999919 1.56688 5.96302e-06 
0.08395 0.011206 2.02885e+06 0 0 1.52169e+06 1.00003 -1.8396 0 1.01424 1.01394 507164 0.999905 1.8396 6.95825e-06 
0.0876 0.0112062 2.0288e+06 0 0 1.52166e+06 1.00004 -2.15097 0 1.01419 1.01394 507143 0.999888 2.15097 8.08648e-06 
0.09125 0.0112064 2.02875e+06 0 0 1.52163e+06 1.00004 -2.5053 0 1.01412 1.01393 507121 0.999869 2.5053 9.36145e-06 
0.0949 0.0112066 2.0287e+06 0 0 1.5216e+06 1.00005 -2.90729 0 1.01406 1.01392 507097 0.999847 2.90729 1.07979e-05 
0.09855 0.0112068 2.02865e+06 0 0 1.52158e+06 1.00006 -3.362 0 1.01399 1.01391 507072 0.999822 3.362 1.24116e-05 
0.1022 0.011207 2.0286e+06 0 0 1.52155e+06 1.00007 -3.87491 0 1.01391 1.0139 507045 0.999793 3.87491 1.42196e-05 
0.10585 0.0112072 2.02855e+06 0 0 1.52153e+06 1.00008 -4.4519 0 1.01383 1.01389 507016 0.999761 4.4519 1.62398e-05 
0.1095 0.0112073 2.0285e+06 0 0 1.52151e+06 1.00009 -5.0993 0 1.01374 1.01387 506985 0.999725 5.0993 1.84915e-05 
0.11315 0.0112075 2.02845e+06 0 0 1.5215e+06 1.00011 -5.82391 0 1.01364 1.01386 506952 0.999684 5.82391 2.09953e-05 
0.1168 0.0112076 2.0284e+06 0 0 1.52148e+06 1.00012 -6.63299 0 1.01354 1.01385 506916 0.999638 6.63299 2.3773e-05 
0.12045 0.0112077 2.02835e+06 0 0 1.52147e+06 1.00014 -7.53434 0 1.01342 1.01383 506878 0.999586 7.53434 2.68478e-05 
0.1241 0.0112078 2.0283e+06 0 0 1.52146e+06 1.00016 -8.53626 0 1.01329 1.01382 506836 0.999528 8.53626 3.02444e-05 
0.12775 0.0112078 2.02825e+06 0 0 1.52146e+06 1.00018 -9.64763 0 1.01316 1.0138 506791 0.999464 9.64763 3.3989e-05 
0.1314 0.0112079 2.0282e+06 0 0 1.52146e+06 1.0002 -10.8779 0 1.01301 1.01378 506742 0.999392 10.8779 3.81092e-05 
0.13505 0.0112079 2.02815e+06 0 0 1.52146e+06 1.00023 -12.237 0 1.01285 1.01376 506689 0.999312 12.237 4.26344e-05 
0.1387 0.0112079 2.0281e+06 0 0 1.52147e+06 1.00026 -13.7356 0 1.01267 1.01374 506631 0.999223 13.7356 4.75957e-05 
0.14235 0.0112078 2.02805e+06 0 0 1.52148e+06 1.00029 -15.3849 0 1.01248 1.01371 506569 0.999125 15.3849 5.30259e-05 
0.146 0.0112077 2.028e+06 0 0 1.5215e+06 1.00033 -17.1967 0 1.01227 1.01368 506501 0.999016 17.1967 5.89594e-05 
0.14965 0.0112076 2.02795e+06 0 0 1.52152e+06 1.00037 -19.1833 0 1.01204 1.01366 506428 0.998896 19.1833 6.54326e-05 
0.1533 0.0112074 2.0279e+06 0 0 1.52155e+06 1.00041 -21.3574 0 1.01179 1.01362 506348 0.998764 21.3574 7.24833e-05 
0.15695 0.0112072 2.02785e+06 0 0 1.52159e+06 1.00046 -23.7321 0 1.01152 1.01359 506262 0.998619 23.7321 8.01507e-05 
0.1606 0.011207 2.0278e+06 0 0 1.52163e+06 1.00051 -26.3207 0 1.01123 1.01355 506169 0.99846 26.3207 8.8475e-05 
0.16425 0.0112067 2.02775e+06 0 0 1.52168e+06 1.00057 -29.1361 0 1.01092 1.01352 506069 0.998286 29.1361 9.74966e-05 
0.1679 0.0112063 2.0277e+06 0 0 1.52174e+06 1.00063 -32.1906 0 1.01058 1.01347 505960 0.998097 32.1906 0.000107255 
0.17155 0.0112059 2.02765e+06 0 0 1.52181e+06 1.0007 -35.4951 0 1.01022 1.01343 505844 0.997892 35.4951 0.000117787 
0.1752 0.0112054 2.0276e+06 0 0 1.52188e+06 1.00078 -39.0579 0 1.00983 1.01338 505719 0.99767 39.0579 0.000129125 
0.17885 0.0112049 2.02755e+06 0 0 1.52196e+06 1.00086 -42.8834 0 1.00941 1.01333 505586 0.997432 42.8834 0.000141291 
0.1825 0.0112044 2.0275e+06 0 0 1.52206e+06 1.00094 -46.9698 0 1.00944 1.01327 505444 0.997177 46.9698 0.000139535 
0.18615 0.0112044 2.02745e+06 0 0 1.52206e+06 1.00097 -48.3537 0 1.01288 1.01325 505388 0.997091 48.3537 3.07966e-05 
0.1898 0.0112045 2.0274e+06 0 0 1.52207e+06 1.001 -49.8464 0 1.01293 1.01323 505329 0.996999 49.8464 2.88261e-05 
0.19345 0.0112045 2.02735e+06 0 0 1.52208e+06 1.00103 -51.3846 0 1.0129 1.0132 505268 0.996904 51.3846 2.97178e-05 
0.1971 0.0112046 2.0273e+06 0 0 1.52209e+06 1.00106 -52.9699 0 1.01287 1.01318 505206 0.996806 52.9699 3.06383e-05 
0.20075 0.0112046 2.02725e+06 0 0 1.52211e+06 1.0011 -54.6039 0 1.01283 1.01315 505142 0.996705 54.6039 3.15891e-05 
0.2044 0.0112046 2.0272e+06 0 0 1.52212e+06 1.00113 -56.2885 0 1.0128 1.01313 505077 0.996601 56.2885 3.25718e-05 
0.20805 0.0112046 2.02715e+06 0 0 1.52214e+06 1.00117 -58.0254 0 1.01276 1.0131 505010 0.996493 58.0254 3.35882e-05 
0.2117 0.0112046 2.0271e+06 0 0 1.52216e+06 1.00121 -59.8168 0 1.01272 1.01307 504942 0.996382 59.8168 3.46406e-05 
0.21535 0.0112046 2.02705e+06 0 0 1.52218e+06 1.00124 -61.6651 0 1.01268 1.01305 504871 0.996268 61.6651 3.57317e-05 
0.219 0.0112046 2.027e+06 0 0 1.5222e+06 1.00128 -63.5727 0 1.01264 1.01302 504799 0.99615 63.5727 3.68649e-05 
0.22265 0.0112046 2.02695e+06 0 0 1.52222e+06 1.00132 -65.5428 0 1.0126 1.01299 504725 0.996028 65.5428 3.80446e-05 
0.2263 0.0112046 2.0269e+06 0 0 1.52225e+06 1.00137 -67.5787 0 1.01256 1.01296 504649 0.995903 67.5787 3.92762e-05 
0.22995 0.0112045 2.02685e+06 0 0 1.52228e+06 1.00141 -69.6846 0 1.01252 1.01293 504571 0.995773 69.6846 4.0567e-05 
0.2336 0.0112045 2.0268e+06 0 0 1.52231e+06 1.00145 -71.8655 0 1.01247 1.0129 504490 0.995639 71.8655 4.1926e-05 
0.23725 0.0112044 2.02675e+06 0 0 1.52234e+06 1.0015 -74.1275 0 1.01243 1.01286 504408 0.995501 74.1275 4.33656e-05 
0.2409 0.0112044 2.0267e+06 0 0 1.52238e+06 1.00155 -76.4785 0 1.01238 1.01283 504323 0.995358 76.4785 4.49016e-05 
0.24455 0.0112043 2.02665e+06 0 0 1.52241e+06 1.0016 -78.928 0 1.01233 1.01279 504235 0.99521 78.928 4.6555e-05 
0.2482 0.0112042 2.0266e+06 0 0 1.52245e+06 1.00165 -81.4885 0 1.01227 1.01276 504145 0.995056 81.4885 4.83535e-05 
0.25185 0.0112041 2.02655e+06 0 0 1.5225e+06 1.0017 -84.176 0 1.01221 1.01272 504052 0.994897 84.176 5.03335e-05 
0.2555 0.0112039 2.0265e+06 0 0 1.52254e+06 1.00176 -87.0112 0 1.01215 1.01268 503955 0.994731 87.0112 5.25432e-05 
0.25915 0.0112038 2.02645e+06 0 0 1.52259e+06 1.00181 -90.0212 0 1.01209 1.01265 503855 0.994558 90.0212 5.50459e-05 
0.2628 0.0112036 2.0264e+06 0 0 1.52265e+06 1.00187 -93.241 0 1.01202 1.0126 503751 0.994377 93.241 5.79252e-05 
0.26645 0.0112034 2.02635e+06 0 0 1.52271e+06 1.00194 -96.7169 0 1.01194 1.01256 503642 0.994186 96.7169 6.12911e-05 
0.2701 0.0112032 2.0263e+06 0 0 1.52277e+06 1.00201 -100.509 0 1.01186 1.01252 503528 0.993985 100.509 6.52881e-05 
0.27375 0.0112029 2.02625e+06 0 0 1.52284e+06 1.00208 -104.697 0 1.01176 1.01247 503407 0.993771 104.697 7.0106e-05 
0.2774 0.0112026 2.0262e+06 0 0 1.52292e+06 1.00215 -109.385 0 1.01165 1.01242 503278 0.993542 109.385 7.59942e-05 
0.28105 0.0112022 2.02615e+06 0 0 1.52301e+06 1.00224 -114.709 0 1.01152 1.01236 503140 0.993293 114.709 8.3279e-05 
0.2847 0.0112017 2.0261e+06 0 0 1.52311e+06 1.00233 -120.847 0 1.01137 1.0123 502991 0.993022 120.847 9.23884e-05 
0.28835 0.0112012 2.02605e+06 0 0 1.52322e+06 1.00243 -128.035 0 1.01119 1.01224 502826 0.992723 128.035 0.000103882 
0.292 0.0112006 2.026e+06 0 0 1.52336e+06 1.00254 -136.579 0 1.01097 1.01217 502644 0.992387 136.579 0.00011849 
0.29565 0.0111998 2.02595e+06 0 0 1.52351e+06 1.00266 -146.883 0 1.0107 1.01208 502438 0.992005 146.883 0.000137169 
0.2993 0.0111988 2.0259e+06 0 0 1.5237e+06 1.00281 -159.47 0 1.01037 1.01199 502203 0.991565 159.47 0.000161163 
0.30295 0.0111976 2.02585e+06 0 0 1.52392e+06 1.00298 -175.031 0 1.00995 1.01188 501930 0.99105 175.031 0.000192097 
0.3066 0.011196 2.0258e+06 0 0 1.52419e+06 1.00319 -194.464 0 1.00942 1.01176 501608 0.990439 194.464 0.000232086 
0.31025 0.0111941 2.02575e+06 0 0 1.52453e+06 1.00343 -218.944 0 1.00874 1.0116 501223 0.989704 218.944 0.000283881 
0.3139 0.0111916 2.0257e+06 0 0 1.52494e+06 1.00373 -250.004 0 1.00788 1.01142 500756 0.988807 250.004 0.00035106 
0.31755 0.0111885 2.02565e+06 0 0 1.52547e+06 1.0041 -289.643 0 1.00678 1.01119 500184 0.987702 289.643 0.000438267 
0.3212 0.0111845 2.0256e+06 0 0 1.52612e+06 1.00456 -340.473 0 1.00535 1.0109 499475 0.986325 340.473 0.000551529 
0.32485 0.0111793 2.02555e+06 0 0 1.52696e+06 1.00513 -405.896 0 1.00352 1.01055 498587 0.984596 405.896 0.000698651 
0.3285 0.0111727 2.0255e+06 0 0 1.52803e+06 1.00586 -490.348 0 1.00115 1.0101 497468 0.98241 490.348 0.000889726 
0.33215 0.0111641 2.02545e+06 0 0 1.5294e+06 1.00679 -599.612 0 0.998077 1.00953 496046 0.979627 599.612 0.00113778 
0.3358 0.011153 2.0254e+06 0 0 1.53117e+06 1.00798 -741.229 0 0.994104 1.00879 494233 0.976069 741.229 0.00145959 
0.33945 0.0111386 2.02535e+06 0 0 1.53344e+06 1.0095 -925.027 0 0.988958 1.00784 491908 0.971503 925.027 0.00187668 
0.3431 0.0111201 2.0253e+06 0 0 1.53638e+06 1.01146 -1163.82 0 0.982295 1.00661 488918 0.965622 1163.82 0.00241654 
0.34675 0.0110961 2.02525e+06 0 0 1.54019e+06 1.01399 -1474.31 0 0.97367 1.005 485063 0.958031 1474.31 0.00311412 
0.3504 0.0110651 2.0252e+06 0 0 1.54512e+06 1.01726 -1878.25 0 0.962515 1.00289 480080 0.948213 1878.25 0.00401343 
0.35405 0.011025 2.02515e+06 0 0 1.55152e+06 1.0215 -2403.95 0 0.948106 1.00012 473629 0.935495 2403.95 0.00516931 
0.3577 0.0109735 2.0251e+06 0 0 1.55983e+06 1.027 -3088.08 0 0.929524 0.996422 465268 0.919002 3088.08 0.00664891 
0.36135 0.0109073 2.02505e+06 0 0 1.57063e+06 1.03413 -3977.79 0 0.905618 0.99147 454419 0.897597 3977.79 0.00853235 
0.365 0.0108225 2.025e+06 0 0 1.58466e+06 1.0434 -5132.74 0 0.874967 0.98476 440340 0.869808 5132.74 0.010911 


0 0.0112 2.03e+06 0 0 1.5225e+06 1 0 0 1.015 1.01407 507500 1 0 1.51841e-11 
0.00365 0.0112003 2.02995e+06 0 0 1.52246e+06 1 -0.00265001 0 1.01497 1.01407 507487 1 0.00265001 1.11682e-08 
0.0073 0.0112006 2.0299e+06 0 0 1.52243e+06 1 -0.00635333 0 1.01495 1.01406 507475 1 0.00635333 2.67097e-08 
0.01095 0.0112008 2.02985e+06 0 0 1.52239e+06 1 -0.0113798 0 1.01492 1.01406 507462 0.999999 0.0113798 4.77207e-08 
0.0146 0.0112011 2.0298e+06 0 0 1.52235e+06 1 -0.0180494 0 1.0149 1.01406 507450 0.999999 0.0180494 7.54674e-08 
0.01825 0.0112014 2.02975e+06 0 0 1.52231e+06 1 -0.0267385 0 1.01487 1.01405 507437 0.999999 0.0267385 1.11423e-07 
0.0219 0.0112016 2.0297e+06 0 0 1.52228e+06 1 -0.0378872 0 1.01485 1.01405 507424 0.999998 0.0378872 1.57289e-07 
0.02555 0.0112019 2.02965e+06 0 0 1.52224e+06 1 -0.0520068 0 1.01482 1.01404 507411 0.999997 0.0520068 2.15022e-07 
0.0292 0.0112022 2.0296e+06 0 0 1.5222e+06 1 -0.0696881 0 1.01479 1.01404 507398 0.999997 0.0696881 2.86854e-07 
0.03285 0.0112025 2.02955e+06 0 0 1.52216e+06 1 -0.0916096 0 1.01477 1.01403 507385 0.999996 0.0916096 3.75324e-07 
0.0365 0.0112027 2.0295e+06 0 0 1.52213e+06 1 -0.118547 0 1.01474 1.01402 507372 0.999994 0.118547 4.833e-07 
0.04015 0.011203 2.02945e+06 0 0 1.52209e+06 1 -0.151384 0 1.01471 1.01402 507359 0.999993 0.151384 6.14014e-07 
0.0438 0.0112033 2.0294e+06 0 0 1.52205e+06 1 -0.19112 0 1.01468 1.01401 507345 0.999991 0.19112 7.71085e-07 
0.04745 0.0112035 2.02935e+06 0 0 1.52202e+06 1 -0.238883 0 1.01465 1.01401 507331 0.999988 0.238883 9.58555e-07 
0.0511 0.0112038 2.0293e+06 0 0 1.52198e+06 1 -0.295942 0 1.01462 1.014 507318 0.999985 0.295942 1.18092e-06 
0.05475 0.0112041 2.02925e+06 0 0 1.52195e+06 1.00001 -0.363717 0 1.01459 1.014 507303 0.999982 0.363717 1.44316e-06 
0.0584 0.0112043 2.0292e+06 0 0 1.52191e+06 1.00001 -0.443789 0 1.01456 1.01399 507289 0.999978 0.443789 1.75078e-06 
0.06205 0.0112046 2.02915e+06 0 0 1.52188e+06 1.00001 -0.537921 0 1.01452 1.01399 507274 0.999973 0.537921 2.10983e-06 
0.0657 0.0112049 2.0291e+06 0 0 1.52184e+06 1.00001 -0.648063 0 1.01449 1.01398 507258 0.999967 0.648063 2.52697e-06 
0.06935 0.0112051 2.02905e+06 0 0 1.52181e+06 1.00001 -0.776371 0 1.01445 1.01397 507242 0.999961 0.776371 3.00945e-06 
0.073 0.0112054 2.029e+06 0 0 1.52177e+06 1.00002 -0.925219 0 1.01441 1.01397 507226 0.999953 0.925219 3.56523e-06 
0.07665 0.0112056 2.02895e+06 0 0 1.52174e+06 1.00002 -1.09722 0 1.01437 1.01396 507209 0.999944 1.09722 4.20293e-06 
0.0803 0.0112058 2.0289e+06 0 0 1.52171e+06 1.00002 -1.29522 0 1.01432 1.01395 507191 0.999933 1.29522 4.93193e-06 
0.08395 0.0112061 2.02885e+06 0 0 1.52168e+06 1.00003 -1.52236 0 1.01427 1.01395 507172 0.999921 1.52236 5.76239e-06 
0.0876 0.0112063 2.0288e+06 0 0 1.52165e+06 1.00003 -1.78203 0 1.01422 1.01394 507153 0.999907 1.78203 6.70529e-06 
0.09125 0.0112065 2.02875e+06 0 0 1.52162e+06 1.00004 -2.07795 0 1.01417 1.01393 507132 0.999891 2.07795 7.77245e-06 
0.0949 0.0112067 2.0287e+06 0 0 1.52159e+06 1.00004 -2.41413 0 1.01411 1.01392 507110 0.999873 2.41413 8.97662e-06 
0.09855 0.0112069 2.02865e+06 0 0 1.52156e+06 1.00005 -2.79492 0 1.01405 1.01391 507087 0.999852 2.79492 1.03315e-05 
0.1022 0.0112071 2.0286e+06 0 0 1.52154e+06 1.00006 -3.22504 0 1.01398 1.0139 507063 0.999828 3.22504 1.18517e-05 
0.10585 0.0112073 2.02855e+06 0 0 1.52151e+06 1.00007 -3.70956 0 1.0139 1.01389 507037 0.999801 3.70956 1.35529e-05 
0.1095 0.0112075 2.0285e+06 0 0 1.52149e+06 1.00008 -4.25395 0 1.01382 1.01388 507009 0.999771 4.25395 1.5452e-05 
0.11315 0.0112077 2.02845e+06 0 0 1.52147e+06 1.00009 -4.86409 0 1.01374 1.01387 506979 0.999736 4.86409 1.75668e-05 
0.1168 0.0112078 2.0284e+06 0 0 1.52145e+06 1.0001 -5.5463 0 1.01364 1.01386 506947 0.999698 5.5463 1.99164e-05 
0.12045 0.0112079 2.02835e+06 0 0 1.52144e+06 1.00012 -6.30732 0 1.01354 1.01385 506912 0.999654 6.30732 2.25213e-05 
0.1241 0.011208 2.0283e+06 0 0 1.52142e+06 1.00013 -7.15439 0 1.01343 1.01383 506875 0.999605 7.15439 2.54029e-05 
0.12775 0.0112081 2.02825e+06 0 0 1.52142e+06 1.00015 -8.09523 0 1.01331 1.01381 506835 0.999551 8.09523 2.85842e-05 
0.1314 0.0112082 2.0282e+06 0 0 1.52141e+06 1.00017 -9.13805 0 1.01318 1.0138 506791 0.99949 9.13805 3.20897e-05 
0.13505 0.0112083 2.02815e+06 0 0 1.52141e+06 1.00019 -10.2916 0 1.01304 1.01378 506745 0.999423 10.2916 3.59451e-05 
0.1387 0.0112083 2.0281e+06 0 0 1.52141e+06 1.00022 -11.5651 0 1.01289 1.01376 506694 0.999347 11.5651 4.01778e-05 
0.14235 0.0112083 2.02805e+06 0 0 1.52141e+06 1.00025 -12.9684 0 1.01272 1.01374 506639 0.999264 12.9684 4.48167e-05 
0.146 0.0112082 2.028e+06 0 0 1.52142e+06 1.00028 -14.5118 0 1.01254 1.01372 506580 0.999172 14.5118 4.9892e-05 
0.14965 0.0112082 2.02795e+06 0 0 1.52143e+06 1.00031 -16.2059 0 1.01234 1.01369 506516 0.99907 16.2059 5.54357e-05 
0.1533 0.0112081 2.0279e+06 0 0 1.52145e+06 1.00035 -18.062 0 1.01213 1.01366 506446 0.998958 18.062 6.1481e-05 
0.15695 0.0112079 2.02785e+06 0 0 1.52148e+06 1.00039 -20.0914 0 1.01189 1.01363 506371 0.998834 20.0914 6.80621e-05 
0.1606 0.0112078 2.0278e+06 0 0 1.52151e+06 1.00043 -22.3056 0 1.01164 1.0136 506290 0.998699 22.3056 7.52141e-05 
0.16425 0.0112075 2.02775e+06 0 0 1.52155e+06 1.00048 -24.7158 0 1.01137 1.01357 506203 0.998551 24.7158 8.29721e-05 
0.1679 0.0112073 2.0277e+06 0 0 1.52159e+06 1.00054 -27.3326 0 1.01108 1.01353 506109 0.99839 27.3326 9.13699e-05 
0.17155 0.011207 2.02765e+06 0 0 1.52164e+06 1.0006 -30.1651 0 1.01076 1.01349 506007 0.998215 30.1651 0.000100439 
0.1752 0.0112066 2.0276e+06 0 0 1.5217e+06 1.00066 -33.2203 0 1.01042 1.01345 505899 0.998025 33.2203 0.000110206 
0.17885 0.0112062 2.02755e+06 0 0 1.52177e+06 1.00073 -36.5013 0 1.01006 1.0134 505783 0.997822 36.5013 0.000120687 
0.1825 0.0112058 2.0275e+06 0 0 1.52184e+06 1.0008 -40.0059 0 1.01009 1.01336 505661 0.997604 40.0059 0.000119152 
0.18615 0.0112059 2.02745e+06 0 0 1.52184e+06 1.00082 -41.19 0 1.01302 1.01334 505611 0.997532 41.19 2.62772e-05 
0.1898 0.011206 2.0274e+06 0 0 1.52184e+06 1.00085 -42.4672 0 1.01307 1.01332 505559 0.997453 42.4672 2.45846e-05 
0.19345 0.0112061 2.02735e+06 0 0 1.52184e+06 1.00088 -43.7832 0 1.01304 1.01329 505505 0.997372 43.7832 2.53463e-05 
0.1971 0.0112061 2.0273e+06 0 0 1.52185e+06 1.0009 -45.1395 0 1.01301 1.01327 505451 0.997288 45.1395 2.61324e-05 
0.20075 0.0112062 2.02725e+06 0 0 1.52186e+06 1.00093 -46.5375 0 1.01298 1.01325 505394 0.997202 46.5375 2.6944e-05 
0.2044 0.0112063 2.0272e+06 0 0 1.52186e+06 1.00096 -47.9784 0 1.01295 1.01323 505337 0.997113 47.9784 2.77821e-05 
0.20805 0.0112063 2.02715e+06 0 0 1.52187e+06 1.00099 -49.464 0 1.01292 1.01321 505278 0.997021 49.464 2.86484e-05 
0.2117 0.0112064 2.0271e+06 0 0 1.52188e+06 1.00102 -50.9958 0 1.01288 1.01318 505218 0.996927 50.9958 2.95444e-05 
0.21535 0.0112064 2.02705e+06 0 0 1.52189e+06 1.00106 -52.5758 0 1.01285 1.01316 505156 0.996829 52.5758 3.04721e-05 
0.219 0.0112064 2.027e+06 0 0 1.52191e+06 1.00109 -54.2059 0 1.01282 1.01313 505092 0.996729 54.2059 3.1434e-05 
0.22265 0.0112064 2.02695e+06 0 0 1.52192e+06 1.00112 -55.8885 0 1.01278 1.01311 505027 0.996625 55.8885 3.24331e-05 
0.2263 0.0112065 2.0269e+06 0 0 1.52194e+06 1.00116 -57.6263 0 1.01274 1.01308 504961 0.996518 57.6263 3.34732e-05 
0.22995 0.0112065 2.02685e+06 0 0 1.52196e+06 1.0012 -59.4222 0 1.0127 1.01305 504892 0.996408 59.4222 3.45593e-05 
0.2336 0.0112065 2.0268e+06 0 0 1.52198e+06 1.00124 -61.2799 0 1.01267 1.01303 504822 0.996294 61.2799 3.56977e-05 
0.23725 0.0112065 2.02675e+06 0 0 1.522e+06 1.00127 -63.204 0 1.01263 1.013 504750 0.996176 63.204 3.68965e-05 
0.2409 0.0112064 2.0267e+06 0 0 1.52202e+06 1.00132 -65.1998 0 1.01258 1.01297 504676 0.996054 65.1998 3.81665e-05 
0.24455 0.0112064 2.02665e+06 0 0 1.52205e+06 1.00136 -67.2741 0 1.01254 1.01294 504600 0.995928 67.2741 3.95217e-05 
0.2482 0.0112064 2.0266e+06 0 0 1.52208e+06 1.0014 -69.4356 0 1.01249 1.01291 504521 0.995798 69.4356 4.09807e-05 
0.25185 0.0112063 2.02655e+06 0 0 1.52211e+06 1.00145 -71.6952 0 1.01245 1.01288 504440 0.995663 71.6952 4.25676e-05 
0.2555 0.0112062 2.0265e+06 0 0 1.52214e+06 1.00149 -74.067 0 1.0124 1.01284 504357 0.995523 74.067 4.43144e-05 
0.25915 0.0112062 2.02645e+06 0 0 1.52218e+06 1.00154 -76.5693 0 1.01234 1.01281 504270 0.995377 76.5693 4.62633e-05 
0.2628 0.011206 2.0264e+06 0 0 1.52222e+06 1.00159 -79.2256 0 1.01228 1.01277 504181 0.995224 79.2256 4.84695e-05 
0.26645 0.0112059 2.02635e+06 0 0 1.52226e+06 1.00164 -82.0668 0 1.01222 1.01274 504087 0.995065 82.0668 5.1006e-05 
0.2701 0.0112058 2.0263e+06 0 0 1.52231e+06 1.0017 -85.1334 0 1.01215 1.0127 503990 0.994897 85.1334 5.39684e-05 
0.27375 0.0112056 2.02625e+06 0 0 1.52236e+06 1.00176 -88.4779 0 1.01208 1.01266 503888 0.99472 88.4779 5.74824e-05 
0.2774 0.0112054 2.0262e+06 0 0 1.52242e+06 1.00182 -92.1697 0 1.01199 1.01262 503780 0.994532 92.1697 6.17131e-05 
0.28105 0.0112052 2.02615e+06 0 0 1.52248e+06 1.00189 -96.2991 0 1.0119 1.01257 503665 0.99433 96.2991 6.68767e-05 
0.2847 0.0112049 2.0261e+06 0 0 1.52256e+06 1.00196 -100.985 0 1.01178 1.01252 503542 0.994112 100.985 7.32563e-05 
0.28835 0.0112045 2.02605e+06 0 0 1.52264e+06 1.00204 -106.382 0 1.01165 1.01247 503409 0.993874 106.382 8.12226e-05 
0.292 0.0112041 2.026e+06 0 0 1.52274e+06 1.00213 -112.695 0 1.01149 1.01241 503263 0.99361 112.695 9.126e-05 
0.29565 0.0112035 2.02595e+06 0 0 1.52285e+06 1.00223 -120.189 0 1.0113 1.01235 503102 0.993315 120.189 0.000104001 
0.2993 0.0112029 2.0259e+06 0 0 1.52298e+06 1.00234 -129.214 0 1.01106 1.01228 502920 0.992981 129.214 0.000120273 
0.30295 0.0112021 2.02585e+06 0 0 1.52314e+06 1.00247 -140.224 0 1.01077 1.01219 502712 0.992595 140.224 0.000141151 
0.3066 0.011201 2.0258e+06 0 0 1.52333e+06 1.00262 -153.815 0 1.01041 1.0121 502472 0.992145 153.815 0.000168041 
0.31025 0.0111997 2.02575e+06 0 0 1.52356e+06 1.0028 -170.765 0 1.00994 1.01199 502189 0.99161 170.765 0.000202768 
0.3139 0.0111981 2.0257e+06 0 0 1.52385e+06 1.00301 -192.088 0 1.00936 1.01185 501851 0.990968 192.088 0.000247712 
0.31755 0.011196 2.02565e+06 0 0 1.52421e+06 1.00327 -219.109 0 1.00861 1.01169 501443 0.990187 219.109 0.000305962 
0.3212 0.0111933 2.0256e+06 0 0 1.52466e+06 1.00359 -253.554 0 1.00765 1.01149 500943 0.989224 253.554 0.000381532 
0.32485 0.0111898 2.02555e+06 0 0 1.52523e+06 1.00399 -297.677 0 1.00642 1.01124 500325 0.988027 297.677 0.000479629 
0.3285 0.0111853 2.0255e+06 0 0 1.52595e+06 1.00449 -354.41 0 1.00483 1.01094 499552 0.986526 354.41 0.000607 
0.33215 0.0111796 2.02545e+06 0 0 1.52687e+06 1.00512 -427.58 0 1.00277 1.01055 498579 0.984628 427.58 0.000772376 
0.3358 0.0111722 2.0254e+06 0 0 1.52805e+06 1.00593 -522.171 0 1.00012 1.01005 497345 0.982216 522.171 0.000987034 
0.33945 0.0111626 2.02535e+06 0 0 1.52958e+06 1.00695 -644.675 0 0.996682 1.00941 495773 0.979135 644.675 0.00126551 
0.3431 0.0111502 2.0253e+06 0 0 1.53154e+06 1.00827 -803.556 0 0.992232 1.0086 493760 0.975184 803.556 0.00162649 
0.34675 0.0111341 2.02525e+06 0 0 1.53408e+06 1.00997 -1009.84 0 0.986471 1.00754 491173 0.970099 1009.84 0.0020939 
0.3504 0.0111134 2.0252e+06 0 0 1.53736e+06 1.01215 -1277.91 0 0.979014 1.00616 487840 0.96354 1277.91 0.00269824 
0.35405 0.0110866 2.02515e+06 0 0 1.54161e+06 1.01498 -1626.48 0 0.969366 1.00436 483536 0.955062 1626.48 0.00347812 
0.3577 0.0110519 2.0251e+06 0 0 1.54713e+06 1.01864 -2079.94 0 0.956898 1.00199 477967 0.944086 2079.94 0.00448197 
0.36135 0.0110072 2.02505e+06 0 0 1.5543e+06 1.02338 -2669.96 0 0.940806 0.998856 470753 0.929859 2669.96 0.0057697 
0.365 0.0109497 2.025e+06 0 0 1.5636e+06 1.02953 -3437.46 0 0.920079 0.994676 461397 0.911402 3437.46 0.007414 


0 0.0112 2.03e+06 0 0 1.5225e+06 1 0 0 1.015 1.01407 507500 1 0 1.01784e-11 
0.00365 0.0112003 2.02995e+06 0 0 1.52246e+06 1 -0.00215656 0 1.01497 1.01407 507487 1 0.00215656 9.05443e-09 
0.0073 0.0112006 2.0299e+06 0 0 1.52243e+06 1 -0.00517111 0 1.01495 1.01406 507475 1 0.00517111 2.16641e-08 
0.01095 0.0112008 2.02985e+06 0 0 1.52239e+06 1 -0.00926457 0 1.01492 1.01406 507462 1 0.00926457 3.87237e-08 
0.0146 0.0112011 2.0298e+06 0 0 1.52235e+06 1 -0.0146993 0 1.0149 1.01406 507450 0.999999 0.0146993 6.12724e-08 
0.01825 0.0112014 2.02975e+06 0 0 1.52231e+06 1 -0.0217846 0 1.01487 1.01405 507437 0.999999 0.0217846 9.05214e-08 
0.0219 0.0112017 2.0297e+06 0 0 1.52228e+06 1 -0.0308828 0 1.01485 1.01405 507424 0.999998 0.0308828 1.27874e-07 
0.02555 0.0112019 2.02965e+06 0 0 1.52224e+06 1 -0.0424156 0 1.01482 1.01404 507411 0.999998 0.0424156 1.74945e-07 
0.0292 0.0112022 2.0296e+06 0 0 1.5222e+06 1 -0.056871 0 1.01479 1.01404 507399 0.999997 0.056871 2.33584e-07 
0.03285 0.0112025 2.02955e+06 0 0 1.52216e+06 1 -0.0748111 0 1.01477 1.01403 507386 0.999996 0.0748111 3.05897e-07 
0.0365 0.0112027 2.0295e+06 0 0 1.52213e+06 1 -0.0968794 0 1.01474 1.01403 507373 0.999995 0.0968795 3.94272e-07 
0.04015 0.011203 2.02945e+06 0 0 1.52209e+06 1 -0.12381 0 1.01471 1.01402 507359 0.999994 0.12381 5.01402e-07 
0.0438 0.0112033 2.0294e+06 0 0 1.52205e+06 1 -0.156436 0 1.01468 1.01401 507346 0.999992 0.156436 6.30313e-07 
0.04745 0.0112036 2.02935e+06 0 0 1.52202e+06 1 -0.195699 0 1.01466 1.01401 507333 0.99999 0.195699 7.84392e-07 
0.0511 0.0112038 2.0293e+06 0 0 1.52198e+06 1 -0.242659 0 1.01463 1.014 507319 0.999988 0.242659 9.67412e-07 
0.05475 0.0112041 2.02925e+06 0 0 1.52195e+06 1 -0.298506 0 1.0146 1.014 507305 0.999985 0.298506 1.18357e-06 
0.0584 0.0112044 2.0292e+06 0 0 1.52191e+06 1.00001 -0.364569 0 1.01456 1.01399 507291 0.999982 0.364569 1.43749e-06 
0.06205 0.0112046 2.02915e+06 0 0 1.52187e+06 1.00001 -0.44233 0 1.01453 1.01399 507276 0.999978 0.44233 1.73431e-06 
0.0657 0.0112049 2.0291e+06 0 0 1.52184e+06 1.00001 -0.533434 0 1.0145 1.01398 507261 0.999973 0.533434 2.07966e-06 
0.06935 0.0112051 2.02905e+06 0 0 1.5218e+06 1.00001 -0.639701 0 1.01446 1.01398 507246 0.999967 0.639701 2.4797e-06 
0.073 0.0112054 2.029e+06 0 0 1.52177e+06 1.00001 -0.76314 0 1.01442 1.01397 507230 0.999961 0.76314 2.9412e-06 
0.07665 0.0112056 2.02895e+06 0 0 1.52174e+06 1.00002 -0.905966 0 1.01438 1.01396 507214 0.999953 0.905966 3.47152e-06 
0.0803 0.0112059 2.0289e+06 0 0 1.5217e+06 1.00002 -1.07061 0 1.01434 1.01396 507197 0.999945 1.07061 4.07868e-06 
0.08395 0.0112061 2.02885e+06 0 0 1.52167e+06 1.00002 -1.25972 0 1.0143 1.01395 507179 0.999935 1.25972 4.77137e-06 
0.0876 0.0112064 2.0288e+06 0 0 1.52164e+06 1.00003 -1.47621 0 1.01425 1.01394 507161 0.999923 1.47621 5.55902e-06 
0.09125 0.0112066 2.02875e+06 0 0 1.52161e+06 1.00003 -1.72325 0 1.0142 1.01393 507142 0.99991 1.72325 6.45182e-06 
0.0949 0.0112068 2.0287e+06 0 0 1.52158e+06 1.00004 -2.00428 0 1.01415 1.01393 507121 0.999894 2.00428 7.46073e-06 
0.09855 0.011207 2.02865e+06 0 0 1.52155e+06 1.00004 -2.32303 0 1.01409 1.01392 507100 0.999877 2.32303 8.59758e-06 
0.1022 0.0112072 2.0286e+06 0 0 1.52152e+06 1.00005 -2.68356 0 1.01403 1.01391 507077 0.999857 2.68356 9.87507e-06 
0.10585 0.0112074 2.02855e+06 0 0 1.5215e+06 1.00006 -3.09023 0 1.01397 1.0139 507054 0.999835 3.09023 1.13068e-05 
0.1095 0.0112076 2.0285e+06 0 0 1.52147e+06 1.00006 -3.54777 0 1.0139 1.01389 507028 0.999809 3.54777 1.29074e-05 
0.11315 0.0112078 2.02845e+06 0 0 1.52145e+06 1.00007 -4.06125 0 1.01382 1.01388 507001 0.99978 4.06125 1.46924e-05 
0.1168 0.011208 2.0284e+06 0 0 1.52143e+06 1.00008 -4.63613 0 1.01374 1.01387 506972 0.999748 4.63613 1.66785e-05 
0.12045 0.0112081 2.02835e+06 0 0 1.52141e+06 1.0001 -5.27828 0 1.01365 1.01386 506941 0.999711 5.27828 1.88835e-05 
0.1241 0.0112083 2.0283e+06 0 0 1.52139e+06 1.00011 -5.99397 0 1.01355 1.01384 506908 0.99967 5.99397 2.13263e-05 
0.12775 0.0112084 2.02825e+06 0 0 1.52138e+06 1.00013 -6.78991 0 1.01344 1.01383 506872 0.999624 6.78991 2.40269e-05 
0.1314 0.0112085 2.0282e+06 0 0 1.52137e+06 1.00014 -7.67324 0 1.01333 1.01381 506833 0.999573 7.67324 2.70068e-05 
0.13505 0.0112086 2.02815e+06 0 0 1.52136e+06 1.00016 -8.65159 0 1.01321 1.0138 506792 0.999516 8.65159 3.02886e-05 
0.1387 0.0112086 2.0281e+06 0 0 1.52135e+06 1.00018 -9.73303 0 1.01307 1.01378 506747 0.999452 9.73303 3.38964e-05 
0.14235 0.0112087 2.02805e+06 0 0 1.52135e+06 1.00021 -10.9261 0 1.01293 1.01376 506699 0.999381 10.9261 3.78555e-05 
0.146 0.0112087 2.028e+06 0 0 1.52135e+06 1.00023 -12.2397 0 1.01277 1.01374 506647 0.999303 12.2397 4.21925e-05 
0.14965 0.0112087 2.02795e+06 0 0 1.52136e+06 1.00026 -13.6833 0 1.01259 1.01372 506590 0.999217 13.6833 4.69353e-05 
0.1533 0.0112086 2.0279e+06 0 0 1.52137e+06 1.00029 -15.2665 0 1.01241 1.0137 506529 0.999121 15.2665 5.21132e-05 
0.15695 0.0112086 2.02785e+06 0 0 1.52139e+06 1.00033 -16.9993 0 1.01221 1.01367 506464 0.999016 16.9993 5.7756e-05 
0.1606 0.0112084 2.0278e+06 0 0 1.52141e+06 1.00037 -18.8915 0 1.01199 1.01364 506393 0.998901 18.8915 6.38942e-05 
0.16425 0.0112083 2.02775e+06 0 0 1.52143e+06 1.00041 -20.9529 0 1.01175 1.01361 506317 0.998775 20.9529 7.05582e-05 
0.1679 0.0112081 2.0277e+06 0 0 1.52147e+06 1.00045 -23.1926 0 1.0115 1.01358 506234 0.998638 23.1926 7.77771e-05 
0.17155 0.0112079 2.02765e+06 0 0 1.5215e+06 1.0005 -25.6182 0 1.01122 1.01355 506146 0.998489 25.6182 8.55776e-05 
0.1752 0.0112076 2.0276e+06 0 0 1.52155e+06 1.00056 -28.2356 0 1.01093 1.01351 506052 0.998327 28.2356 9.39813e-05 
0.17885 0.0112073 2.02755e+06 0 0 1.5216e+06 1.00062 -31.047 0 1.01062 1.01347 505952 0.998154 31.047 0.000103002 
0.1825 0.011207 2.0275e+06 0 0 1.52165e+06 1.00068 -34.0499 0 1.01064 1.01343 505845 0.997968 34.0499 0.000101664 
0.18615 0.0112071 2.02745e+06 0 0 1.52165e+06 1.0007 -35.0624 0 1.01314 1.01341 505801 0.997906 35.0624 2.24076e-05 
0.1898 0.0112072 2.0274e+06 0 0 1.52164e+06 1.00072 -36.1544 0 1.01318 1.01339 505755 0.997839 36.1544 2.09546e-05 
0.19345 0.0112074 2.02735e+06 0 0 1.52164e+06 1.00074 -37.2798 0 1.01316 1.01337 505707 0.99777 37.2798 2.16053e-05 
0.1971 0.0112075 2.0273e+06 0 0 1.52164e+06 1.00077 -38.4395 0 1.01313 1.01335 505659 0.997699 38.4395 2.22766e-05 
0.20075 0.0112076 2.02725e+06 0 0 1.52164e+06 1.00079 -39.6348 0 1.0131 1.01333 505609 0.997625 39.6348 2.29694e-05 
0.2044 0.0112076 2.0272e+06 0 0 1.52164e+06 1.00082 -40.8668 0 1.01308 1.01332 505558 0.99755 40.8668 2.36846e-05 
0.20805 0.0112077 2.02715e+06 0 0 1.52164e+06 1.00084 -42.1368 0 1.01305 1.01329 505506 0.997472 42.1368 2.44232e-05 
0.2117 0.0112078 2.0271e+06 0 0 1.52165e+06 1.00087 -43.4462 0 1.01302 1.01327 505453 0.997391 43.4462 2.51866e-05 
0.21535 0.0112079 2.02705e+06 0 0 1.52165e+06 1.0009 -44.7965 0 1.01299 1.01325 505398 0.997308 44.7965 2.59762e-05 
0.219 0.011208 2.027e+06 0 0 1.52166e+06 1.00093 -46.1892 0 1.01296 1.01323 505342 0.997222 46.1892 2.67938e-05 
0.22265 0.011208 2.02695e+06 0 0 1.52166e+06 1.00096 -47.6263 0 1.01293 1.01321 505285 0.997134 47.6263 2.76415e-05 
0.2263 0.0112081 2.0269e+06 0 0 1.52167e+06 1.00099 -49.1096 0 1.0129 1.01318 505226 0.997043 49.1096 2.85221e-05 
0.22995 0.0112081 2.02685e+06 0 0 1.52168e+06 1.00102 -50.6417 0 1.01286 1.01316 505166 0.996949 50.6417 2.9439e-05 
0.2336 0.0112082 2.0268e+06 0 0 1.52169e+06 1.00105 -52.2251 0 1.01283 1.01314 505105 0.996852 52.2251 3.03964e-05 
0.23725 0.0112082 2.02675e+06 0 0 1.52171e+06 1.00108 -53.8632 0 1.0128 1.01311 505041 0.996751 53.8632 3.14001e-05 
0.2409 0.0112082 2.0267e+06 0 0 1.52172e+06 1.00112 -55.5599 0 1.01276 1.01309 504977 0.996648 55.5599 3.24572e-05 
0.24455 0.0112082 2.02665e+06 0 0 1.52174e+06 1.00115 -57.3199 0 1.01272 1.01306 504910 0.996541 57.3199 3.35772e-05 
0.2482 0.0112082 2.0266e+06 0 0 1.52176e+06 1.00119 -59.1494 0 1.01268 1.01303 504841 0.99643 59.1494 3.47725e-05 
0.25185 0.0112082 2.02655e+06 0 0 1.52178e+06 1.00123 -61.0558 0 1.01264 1.01301 504771 0.996316 61.0558 3.60592e-05 
0.2555 0.0112082 2.0265e+06 0 0 1.5218e+06 1.00127 -63.0489 0 1.0126 1.01298 504698 0.996197 63.0489 3.74586e-05 
0.25915 0.0112082 2.02645e+06 0 0 1.52183e+06 1.00131 -65.141 0 1.01255 1.01295 504623 0.996073 65.141 3.89988e-05 
0.2628 0.0112081 2.0264e+06 0 0 1.52185e+06 1.00135 -67.3482 0 1.01251 1.01292 504546 0.995945 67.3482 4.07164e-05 
0.26645 0.0112081 2.02635e+06 0 0 1.52188e+06 1.0014 -69.6911 0 1.01246 1.01289 504465 0.995811 69.6911 4.26597e-05 
0.2701 0.011208 2.0263e+06 0 0 1.52192e+06 1.00144 -72.1968 0 1.0124 1.01285 504382 0.995671 72.1968 4.48922e-05 
0.27375 0.0112079 2.02625e+06 0 0 1.52195e+06 1.00149 -74.9005 0 1.01234 1.01282 504295 0.995523 74.9005 4.74971e-05 
0.2774 0.0112078 2.0262e+06 0 0 1.522e+06 1.00154 -77.8482 0 1.01227 1.01278 504203 0.995367 77.8482 5.05837e-05 
0.28105 0.0112077 2.02615e+06 0 0 1.52204e+06 1.0016 -81.1001 0 1.0122 1.01274 504107 0.995202 81.1001 5.42952e-05 
0.2847 0.0112075 2.0261e+06 0 0 1.52209e+06 1.00166 -84.7351 0 1.01211 1.0127 504005 0.995024 84.7351 5.8819e-05 
0.28835 0.0112072 2.02605e+06 0 0 1.52215e+06 1.00172 -88.8562 0 1.01201 1.01266 503895 0.994833 88.8562 6.44006e-05 
0.292 0.011207 2.026e+06 0 0 1.52222e+06 1.00179 -93.5983 0 1.01189 1.01261 503777 0.994623 93.5983 7.13608e-05 
0.29565 0.0112066 2.02595e+06 0 0 1.5223e+06 1.00187 -99.1379 0 1.01176 1.01256 503647 0.994392 99.1379 8.0119e-05 
0.2993 0.0112062 2.0259e+06 0 0 1.5224e+06 1.00196 -105.706 0 1.01159 1.01251 503504 0.994133 105.706 9.12225e-05 
0.30295 0.0112056 2.02585e+06 0 0 1.52251e+06 1.00205 -113.604 0 1.01138 1.01244 503342 0.99384 113.604 0.000105385 
0.3066 0.0112049 2.0258e+06 0 0 1.52264e+06 1.00217 -123.227 0 1.01113 1.01237 503159 0.993502 123.227 0.000123539 
0.31025 0.0112041 2.02575e+06 0 0 1.5228e+06 1.0023 -135.088 0 1.01081 1.01229 502947 0.993108 135.088 0.000146894 
0.3139 0.011203 2.0257e+06 0 0 1.523e+06 1.00245 -149.861 0 1.01041 1.01219 502698 0.992642 149.861 0.000177032 
0.31755 0.0112016 2.02565e+06 0 0 1.52325e+06 1.00264 -168.422 0 1.0099 1.01207 502402 0.992081 168.422 0.000216004 
0.3212 0.0111998 2.0256e+06 0 0 1.52355e+06 1.00287 -191.914 0 1.00925 1.01193 502045 0.9914 191.914 0.000266479 
0.32485 0.0111975 2.02555e+06 0 0 1.52394e+06 1.00315 -221.827 0 1.00841 1.01176 501608 0.990563 221.827 0.000331923 
0.3285 0.0111945 2.0255e+06 0 0 1.52443e+06 1.00349 -260.105 0 1.00735 1.01154 501069 0.989522 260.105 0.000416833 
0.33215 0.0111907 2.02545e+06 0 0 1.52505e+06 1.00393 -309.277 0 1.00597 1.01127 500397 0.988219 309.277 0.000527037 
0.3358 0.0111857 2.0254e+06 0 0 1.52585e+06 1.00448 -372.64 0 1.00419 1.01094 499551 0.986573 372.64 0.000670083 
0.33945 0.0111793 2.02535e+06 0 0 1.52687e+06 1.00517 -454.487 0 1.0019 1.01051 498481 0.984483 454.487 0.000855722 
0.3431 0.011171 2.0253e+06 0 0 1.52818e+06 1.00606 -560.411 0 0.998925 1.00996 497118 0.981816 560.411 0.00109654 
0.34675 0.0111603 2.02525e+06 0 0 1.52987e+06 1.0072 -697.696 0 0.99508 1.00925 495375 0.978398 697.696 0.00140873 
0.3504 0.0111465 2.0252e+06 0 0 1.53206e+06 1.00867 -875.832 0 0.990101 1.00834 493138 0.974003 875.832 0.00181309 
0.35405 0.0111286 2.02515e+06 0 0 1.53489e+06 1.01055 -1107.19 0 0.983657 1.00716 490257 0.968338 1107.19 0.00233617 
0.3577 0.0111054 2.0251e+06 0 0 1.53856e+06 1.01299 -1407.86 0 0.975319 1.00562 486540 0.96102 1407.86 0.00301173 
0.36135 0.0110754 2.02505e+06 0 0 1.54332e+06 1.01615 -1798.85 0 0.964538 1.0036 481734 0.951551 1798.85 0.00388234 
0.365 0.0110367 2.025e+06 0 0 1.54949e+06 1.02024 -2307.43 0 0.950616 1.00093 475512 0.939283 2307.43 0.00500114 


0 0.0112 2.03e+06 0 0 1.5225e+06 1 0 0 1.015 1.01407 507500 1 0 6.82306e-12 
0.00365 0.0112003 2.02995e+06 0 0 1.52246e+06 1 -0.00175585 0 1.01497 1.01407 507487 1 0.00175585 7.34587e-09 
0.0073 0.0112006 2.0299e+06 0 0 1.52243e+06 1 -0.00421089 0 1.01495 1.01406 507475 1 0.00421089 1.7583e-08 
0.01095 0.0112008 2.02985e+06 0 0 1.52239e+06 1 -0.007546 0 1.01492 1.01406 507462 1 0.007546 3.14422e-08 
0.0146 0.0112011 2.0298e+06 0 0 1.52235e+06 1 -0.0119764 0 1.0149 1.01406 507450 0.999999 0.0119764 4.97761e-08 
0.01825 0.0112014 2.02975e+06 0 0 1.52231e+06 1 -0.0177562 0 1.01487 1.01405 507437 0.999999 0.0177562 7.35803e-08 
0.0219 0.0112017 2.0297e+06 0 0 1.52228e+06 1 -0.0251836 0 1.01485 1.01405 507424 0.999999 0.0251836 1.04011e-07 
0.02555 0.0112019 2.02965e+06 0 0 1.52224e+06 1 -0.0346064 0 1.01482 1.01404 507412 0.999998 0.0346064 1.42403e-07 
0.0292 0.0112022 2.0296e+06 0 0 1.5222e+06 1 -0.0464279 0 1.0148 1.01404 507399 0.999998 0.0464279 1.90286e-07 
0.03285 0.0112025 2.02955e+06 0 0 1.52216e+06 1 -0.0611132 0 1.01477 1.01403 507386 0.999997 0.0611132 2.49407e-07 
0.0365 0.0112027 2.0295e+06 0 0 1.52213e+06 1 -0.0791961 0 1.01474 1.01403 507373 0.999996 0.0791961 3.21753e-07 
0.04015 0.011203 2.02945e+06 0 0 1.52209e+06 1 -0.101286 0 1.01471 1.01402 507360 0.999995 0.101286 4.09567e-07 
0.0438 0.0112033 2.0294e+06 0 0 1.52205e+06 1 -0.128078 0 1.01469 1.01401 507347 0.999994 0.128078 5.15376e-07 
0.04745 0.0112036 2.02935e+06 0 0 1.52202e+06 1 -0.160356 0 1.01466 1.01401 507333 0.999992 0.160356 6.42016e-07 
0.0511 0.0112038 2.0293e+06 0 0 1.52198e+06 1 -0.199006 0 1.01463 1.014 507320 0.99999 0.199006 7.92651e-07 
0.05475 0.0112041 2.02925e+06 0 0 1.52194e+06 1 -0.245025 0 1.0146 1.014 507306 0.999988 0.245025 9.70807e-07 
0.0584 0.0112044 2.0292e+06 0 0 1.52191e+06 1.00001 -0.299529 0 1.01457 1.01399 507292 0.999985 0.299529 1.18039e-06 
0.06205 0.0112046 2.02915e+06 0 0 1.52187e+06 1.00001 -0.363762 0 1.01454 1.01399 507278 0.999982 0.363762 1.42573e-06 
0.0657 0.0112049 2.0291e+06 0 0 1.52184e+06 1.00001 -0.43911 0 1.01451 1.01398 507264 0.999978 0.43911 1.71159e-06 
0.06935 0.0112052 2.02905e+06 0 0 1.5218e+06 1.00001 -0.52711 0 1.01447 1.01398 507249 0.999973 0.52711 2.04321e-06 
0.073 0.0112054 2.029e+06 0 0 1.52177e+06 1.00001 -0.629461 0 1.01444 1.01397 507234 0.999968 0.629461 2.42632e-06 
0.07665 0.0112057 2.02895e+06 0 0 1.52173e+06 1.00001 -0.748037 0 1.0144 1.01396 507218 0.999962 0.748037 2.86721e-06 
0.0803 0.0112059 2.0289e+06 0 0 1.5217e+06 1.00002 -0.884901 0 1.01436 1.01396 507202 0.999954 0.884901 3.37271e-06 
0.08395 0.0112062 2.02885e+06 0 0 1.52166e+06 1.00002 -1.04231 0 1.01432 1.01395 507185 0.999946 1.04231 3.95027e-06 
0.0876 0.0112064 2.0288e+06 0 0 1.52163e+06 1.00002 -1.22275 0 1.01428 1.01395 507168 0.999936 1.22275 4.60796e-06 
0.09125 0.0112066 2.02875e+06 0 0 1.5216e+06 1.00002 -1.42892 0 1.01423 1.01394 507149 0.999925 1.42892 5.35453e-06 
0.0949 0.0112069 2.0287e+06 0 0 1.52157e+06 1.00003 -1.66375 0 1.01418 1.01393 507131 0.999912 1.66375 6.19944e-06 
0.09855 0.0112071 2.02865e+06 0 0 1.52154e+06 1.00003 -1.93047 0 1.01413 1.01392 507111 0.999898 1.93047 7.15287e-06 
0.1022 0.0112073 2.0286e+06 0 0 1.52151e+06 1.00004 -2.23253 0 1.01408 1.01391 507090 0.999881 2.23253 8.22579e-06 
0.10585 0.0112075 2.02855e+06 0 0 1.52148e+06 1.00005 -2.5737 0 1.01402 1.01391 507068 0.999862 2.5737 9.43001e-06 
0.1095 0.0112077 2.0285e+06 0 0 1.52146e+06 1.00005 -2.95804 0 1.01395 1.0139 507044 0.999841 2.95804 1.07782e-05 
0.11315 0.0112079 2.02845e+06 0 0 1.52143e+06 1.00006 -3.38994 0 1.01389 1.01389 507019 0.999817 3.38994 1.22838e-05 
0.1168 0.0112081 2.0284e+06 0 0 1.52141e+06 1.00007 -3.87412 0 1.01381 1.01388 506993 0.999789 3.87412 1.39615e-05 
0.12045 0.0112083 2.02835e+06 0 0 1.52138e+06 1.00008 -4.41564 0 1.01373 1.01387 506965 0.999759 4.41564 1.58266e-05 
0.1241 0.0112084 2.0283e+06 0 0 1.52136e+06 1.00009 -5.01995 0 1.01365 1.01385 506935 0.999724 5.01995 1.78958e-05 
0.12775 0.0112086 2.02825e+06 0 0 1.52135e+06 1.0001 -5.69287 0 1.01355 1.01384 506903 0.999685 5.69287 2.01865e-05 
0.1314 0.0112087 2.0282e+06 0 0 1.52133e+06 1.00012 -6.44061 0 1.01345 1.01383 506868 0.999642 6.44061 2.27176e-05 
0.13505 0.0112088 2.02815e+06 0 0 1.52132e+06 1.00014 -7.26979 0 1.01334 1.01381 506831 0.999594 7.26979 2.55088e-05 
0.1387 0.0112089 2.0281e+06 0 0 1.52131e+06 1.00015 -8.18744 0 1.01323 1.0138 506792 0.99954 8.18744 2.85812e-05 
0.14235 0.011209 2.02805e+06 0 0 1.5213e+06 1.00017 -9.20097 0 1.0131 1.01378 506749 0.99948 9.20097 3.1957e-05 
0.146 0.0112091 2.028e+06 0 0 1.5213e+06 1.0002 -10.3182 0 1.01296 1.01376 506703 0.999414 10.3182 3.56596e-05 
0.14965 0.0112091 2.02795e+06 0 0 1.5213e+06 1.00022 -11.5473 0 1.01281 1.01374 506653 0.99934 11.5473 3.97134e-05 
0.1533 0.0112091 2.0279e+06 0 0 1.5213e+06 1.00025 -12.8966 0 1.01265 1.01372 506600 0.99926 12.8966 4.41439e-05 
0.15695 0.0112091 2.02785e+06 0 0 1.52131e+06 1.00028 -14.3748 0 1.01247 1.0137 506542 0.99917 14.3748 4.89773e-05 
0.1606 0.011209 2.0278e+06 0 0 1.52132e+06 1.00031 -15.9905 0 1.01228 1.01368 506480 0.999073 15.9905 5.424e-05 
0.16425 0.0112089 2.02775e+06 0 0 1.52134e+06 1.00034 -17.7521 0 1.01208 1.01365 506413 0.998965 17.7521 5.99583e-05 
0.1679 0.0112088 2.0277e+06 0 0 1.52136e+06 1.00038 -19.6673 0 1.01186 1.01362 506341 0.998848 19.6673 6.61572e-05 
0.17155 0.0112087 2.02765e+06 0 0 1.52139e+06 1.00043 -21.7426 0 1.01162 1.01359 506264 0.998721 21.7426 7.28594e-05 
0.1752 0.0112085 2.0276e+06 0 0 1.52142e+06 1.00047 -23.9829 0 1.01136 1.01356 506182 0.998584 23.9829 8.00826e-05 
0.17885 0.0112083 2.02755e+06 0 0 1.52146e+06 1.00052 -26.3897 0 1.01109 1.01353 506095 0.998436 26.3897 8.78375e-05 
0.1825 0.011208 2.0275e+06 0 0 1.5215e+06 1.00057 -28.9603 0 1.01111 1.01349 506002 0.998278 28.9603 8.66743e-05 
0.18615 0.0112082 2.02745e+06 0 0 1.52149e+06 1.00059 -29.8255 0 1.01324 1.01347 505963 0.998225 29.8255 1.90963e-05 
0.1898 0.0112083 2.0274e+06 0 0 1.52148e+06 1.00061 -30.7587 0 1.01328 1.01346 505921 0.998168 30.7587 1.78498e-05 
0.19345 0.0112085 2.02735e+06 0 0 1.52147e+06 1.00063 -31.7203 0 1.01326 1.01344 505879 0.998109 31.7203 1.84056e-05 
0.1971 0.0112086 2.0273e+06 0 0 1.52146e+06 1.00065 -32.7114 0 1.01323 1.01342 505836 0.998049 32.7114 1.89789e-05 
0.20075 0.0112087 2.02725e+06 0 0 1.52146e+06 1.00067 -33.7328 0 1.01321 1.01341 505792 0.997986 33.7328 1.95703e-05 
0.2044 0.0112088 2.0272e+06 0 0 1.52145e+06 1.00069 -34.7856 0 1.01319 1.01339 505747 0.997922 34.7856 2.01806e-05 
0.20805 0.0112089 2.02715e+06 0 0 1.52145e+06 1.00071 -35.8709 0 1.01316 1.01337 505700 0.997855 35.8709 2.08106e-05 
0.2117 0.0112091 2.0271e+06 0 0 1.52145e+06 1.00074 -36.9897 0 1.01314 1.01335 505653 0.997786 36.9897 2.14613e-05 
0.21535 0.0112092 2.02705e+06 0 0 1.52144e+06 1.00076 -38.1432 0 1.01311 1.01333 505605 0.997716 38.1432 2.21338e-05 
0.219 0.0112093 2.027e+06 0 0 1.52144e+06 1.00079 -39.3328 0 1.01308 1.01331 505555 0.997643 39.3328 2.28295e-05 
0.22265 0.0112094 2.02695e+06 0 0 1.52144e+06 1.00081 -40.56 0 1.01306 1.01329 505505 0.997567 40.56 2.35498e-05 
0.2263 0.0112094 2.0269e+06 0 0 1.52145e+06 1.00084 -41.8262 0 1.01303 1.01327 505453 0.99749 41.8262 2.42967e-05 
0.22995 0.0112095 2.02685e+06 0 0 1.52145e+06 1.00086 -43.1333 0 1.013 1.01325 505400 0.99741 43.1333 2.50727e-05 
0.2336 0.0112096 2.0268e+06 0 0 1.52145e+06 1.00089 -44.4834 0 1.01297 1.01323 505346 0.997327 44.4834 2.58806e-05 
0.23725 0.0112097 2.02675e+06 0 0 1.52146e+06 1.00092 -45.8789 0 1.01294 1.01321 505290 0.997242 45.8789 2.67244e-05 
0.2409 0.0112097 2.0267e+06 0 0 1.52147e+06 1.00095 -47.3227 0 1.01291 1.01319 505233 0.997154 47.3227 2.76091e-05 
0.24455 0.0112098 2.02665e+06 0 0 1.52148e+06 1.00098 -48.8181 0 1.01288 1.01316 505174 0.997063 48.8181 2.85409e-05 
0.2482 0.0112098 2.0266e+06 0 0 1.52149e+06 1.00101 -50.3696 0 1.01284 1.01314 505114 0.996969 50.3696 2.95282e-05 
0.25185 0.0112099 2.02655e+06 0 0 1.5215e+06 1.00104 -51.9823 0 1.01281 1.01312 505052 0.996871 51.9823 3.05819e-05 
0.2555 0.0112099 2.0265e+06 0 0 1.52151e+06 1.00108 -53.663 0 1.01277 1.01309 504989 0.996771 53.663 3.17162e-05 
0.25915 0.0112099 2.02645e+06 0 0 1.52153e+06 1.00111 -55.4202 0 1.01273 1.01307 504923 0.996666 55.4202 3.29497e-05 
0.2628 0.0112099 2.0264e+06 0 0 1.52154e+06 1.00115 -57.2647 0 1.01269 1.01304 504856 0.996558 57.2647 3.43067e-05 
0.26645 0.0112099 2.02635e+06 0 0 1.52156e+06 1.00119 -59.2105 0 1.01265 1.01301 504786 0.996445 59.2105 3.58195e-05 
0.2701 0.0112099 2.0263e+06 0 0 1.52159e+06 1.00122 -61.2759 0 1.0126 1.01298 504714 0.996327 61.2759 3.753e-05 
0.27375 0.0112099 2.02625e+06 0 0 1.52161e+06 1.00127 -63.4844 0 1.01256 1.01295 504639 0.996204 63.4844 3.94934e-05 
0.2774 0.0112098 2.0262e+06 0 0 1.52164e+06 1.00131 -65.8667 0 1.0125 1.01292 504561 0.996074 65.8667 4.1782e-05 
0.28105 0.0112097 2.02615e+06 0 0 1.52167e+06 1.00135 -68.463 0 1.01244 1.01289 504479 0.995937 68.463 4.44908e-05 
0.2847 0.0112097 2.0261e+06 0 0 1.52171e+06 1.0014 -71.3256 0 1.01238 1.01286 504393 0.995791 71.3256 4.77439e-05 
0.28835 0.0112095 2.02605e+06 0 0 1.52175e+06 1.00145 -74.5231 0 1.0123 1.01282 504302 0.995635 74.5231 5.17037e-05 
0.292 0.0112094 2.026e+06 0 0 1.5218e+06 1.00151 -78.1449 0 1.01221 1.01278 504204 0.995467 78.1449 5.65829e-05 
0.29565 0.0112091 2.02595e+06 0 0 1.52185e+06 1.00157 -82.3082 0 1.01211 1.01274 504098 0.995283 82.3082 6.2659e-05 
0.2993 0.0112089 2.0259e+06 0 0 1.52192e+06 1.00164 -87.1659 0 1.01199 1.0127 503983 0.99508 87.1659 7.02948e-05 
0.30295 0.0112085 2.02585e+06 0 0 1.52199e+06 1.00172 -92.9178 0 1.01184 1.01265 503856 0.994853 92.9178 7.99633e-05 
0.3066 0.0112081 2.0258e+06 0 0 1.52209e+06 1.0018 -99.8252 0 1.01166 1.01259 503713 0.994596 99.8252 9.22817e-05 
0.31025 0.0112075 2.02575e+06 0 0 1.5222e+06 1.0019 -108.229 0 1.01144 1.01252 503551 0.994301 108.229 0.000108054 
0.3139 0.0112068 2.0257e+06 0 0 1.52234e+06 1.00201 -118.574 0 1.01116 1.01245 503364 0.993956 118.574 0.000128327 
0.31755 0.0112059 2.02565e+06 0 0 1.5225e+06 1.00215 -131.441 0 1.01081 1.01236 503145 0.993549 131.441 0.000154464 
0.3212 0.0112047 2.0256e+06 0 0 1.52271e+06 1.00231 -147.587 0 1.01037 1.01226 502886 0.99306 147.587 0.000188237 
0.32485 0.0112031 2.02555e+06 0 0 1.52298e+06 1.00251 -167.999 0 1.0098 1.01214 502573 0.992467 167.999 0.000231948 
0.3285 0.0112012 2.0255e+06 0 0 1.52331e+06 1.00275 -193.962 0 1.00908 1.01199 502192 0.991739 193.962 0.000288591 
0.33215 0.0111986 2.02545e+06 0 0 1.52373e+06 1.00306 -227.151 0 1.00816 1.0118 501721 0.990835 227.151 0.000362046 
0.3358 0.0111953 2.0254e+06 0 0 1.52426e+06 1.00343 -269.748 0 1.00697 1.01157 501136 0.989704 269.748 0.000457345 
0.33945 0.0111911 2.02535e+06 0 0 1.52495e+06 1.00391 -324.592 0 1.00543 1.01127 500402 0.988277 324.592 0.000581006 
0.3431 0.0111856 2.0253e+06 0 0 1.52583e+06 1.00451 -395.382 0 1.00344 1.0109 499473 0.986467 395.382 0.000741458 
0.34675 0.0111785 2.02525e+06 0 0 1.52696e+06 1.00528 -486.932 0 1.00088 1.01043 498292 0.984159 486.932 0.000949585 
0.3504 0.0111692 2.0252e+06 0 0 1.52842e+06 1.00627 -605.512 0 0.997554 1.00982 496783 0.981204 605.512 0.00121941 
0.35405 0.0111573 2.02515e+06 0 0 1.5303e+06 1.00753 -759.286 0 0.993254 1.00904 494849 0.977406 759.286 0.00156897 
0.3577 0.0111418 2.0251e+06 0 0 1.53274e+06 1.00916 -958.888 0 0.987688 1.00802 492360 0.972515 958.888 0.00202134 
0.36135 0.0111218 2.02505e+06 0 0 1.5359e+06 1.01127 -1218.17 0 0.980486 1.0067 489150 0.966199 1218.17 0.00260597 
0.365 0.0110959 2.025e+06 0 0 1.54e+06 1.01399 -1555.17 0 0.971171 1.00498 485004 0.958032 1555.17 0.00336016 


0 0.0112 2.03e+06 0 0 1.5225e+06 1 0 0 1.015 1.01407 507500 1 0 4.57394e-12 
0.00365 0.0112003 2.02995e+06 0 0 1.52246e+06 1 -0.00143027 0 1.01497 1.01407 507487 1 0.00143027 5.96366e-09 
0.0073 0.0112006 2.0299e+06 0 0 1.52243e+06 1 -0.00343055 0 1.01495 1.01406 507475 1 0.00343055 1.42795e-08 
0.01095 0.0112008 2.02985e+06 0 0 1.52239e+06 1 -0.006149 0 1.01492 1.01406 507462 1 0.006149 2.55449e-08 
0.0146 0.0112011 2.0298e+06 0 0 1.52235e+06 1 -0.00976211 0 1.0149 1.01406 507450 1 0.00976211 4.04591e-08 
0.01825 0.0112014 2.02975e+06 0 0 1.52231e+06 1 -0.0144787 0 1.01487 1.01405 507437 0.999999 0.0144787 5.98408e-08 
0.0219 0.0112017 2.0297e+06 0 0 1.52228e+06 1 -0.0205443 0 1.01485 1.01405 507424 0.999999 0.0205443 8.46425e-08 
0.02555 0.0112019 2.02965e+06 0 0 1.52224e+06 1 -0.0282456 0 1.01482 1.01404 507412 0.999999 0.0282456 1.15966e-07 
0.0292 0.0112022 2.0296e+06 0 0 1.5222e+06 1 -0.0379157 0 1.0148 1.01404 507399 0.999998 0.0379157 1.55077e-07 
0.03285 0.0112025 2.02955e+06 0 0 1.52216e+06 1 -0.0499395 0 1.01477 1.01403 507386 0.999998 0.0499395 2.03425e-07 
0.0365 0.0112027 2.0295e+06 0 0 1.52213e+06 1 -0.0647597 0 1.01474 1.01403 507373 0.999997 0.0647597 2.6266e-07 
0.04015 0.011203 2.02945e+06 0 0 1.52209e+06 1 -0.0828827 0 1.01472 1.01402 507360 0.999996 0.0828827 3.34651e-07 
0.0438 0.0112033 2.0294e+06 0 0 1.52205e+06 1 -0.104886 0 1.01469 1.01402 507347 0.999995 0.104886 4.21507e-07 
0.04745 0.0112036 2.02935e+06 0 0 1.52202e+06 1 -0.131424 0 1.01466 1.01401 507334 0.999993 0.131424 5.25599e-07 
0.0511 0.0112038 2.0293e+06 0 0 1.52198e+06 1 -0.163237 0 1.01463 1.014 507321 0.999992 0.163237 6.4958e-07 
0.05475 0.0112041 2.02925e+06 0 0 1.52194e+06 1 -0.201158 0 1.0146 1.014 507307 0.99999 0.201158 7.96412e-07 
0.0584 0.0112044 2.0292e+06 0 0 1.52191e+06 1 -0.246124 0 1.01458 1.01399 507294 0.999988 0.246124 9.69386e-07 
0.06205 0.0112046 2.02915e+06 0 0 1.52187e+06 1.00001 -0.29918 0 1.01455 1.01399 507280 0.999985 0.29918 1.17215e-06 
0.0657 0.0112049 2.0291e+06 0 0 1.52183e+06 1.00001 -0.361492 0 1.01451 1.01398 507266 0.999982 0.361492 1.40873e-06 
0.06935 0.0112052 2.02905e+06 0 0 1.5218e+06 1.00001 -0.434355 0 1.01448 1.01398 507251 0.999978 0.434355 1.68356e-06 
0.073 0.0112054 2.029e+06 0 0 1.52176e+06 1.00001 -0.519206 0 1.01445 1.01397 507237 0.999973 0.519206 2.00152e-06 
0.07665 0.0112057 2.02895e+06 0 0 1.52173e+06 1.00001 -0.617632 0 1.01441 1.01397 507221 0.999968 0.617632 2.36795e-06 
0.0803 0.0112059 2.0289e+06 0 0 1.52169e+06 1.00001 -0.731379 0 1.01438 1.01396 507206 0.999962 0.731379 2.78868e-06 
0.08395 0.0112062 2.02885e+06 0 0 1.52166e+06 1.00001 -0.862371 0 1.01434 1.01395 507190 0.999955 0.862371 3.27007e-06 
0.0876 0.0112064 2.0288e+06 0 0 1.52163e+06 1.00002 -1.01271 0 1.0143 1.01395 507173 0.999947 1.01271 3.81903e-06 
0.09125 0.0112067 2.02875e+06 0 0 1.52159e+06 1.00002 -1.18471 0 1.01426 1.01394 507156 0.999938 1.18471 4.44306e-06 
0.0949 0.0112069 2.0287e+06 0 0 1.52156e+06 1.00002 -1.38088 0 1.01421 1.01393 507138 0.999927 1.38088 5.15029e-06 
0.09855 0.0112072 2.02865e+06 0 0 1.52153e+06 1.00003 -1.60397 0 1.01416 1.01393 507119 0.999915 1.60397 5.94949e-06 
0.1022 0.0112074 2.0286e+06 0 0 1.5215e+06 1.00003 -1.85694 0 1.01411 1.01392 507100 0.999901 1.85694 6.85013e-06 
0.10585 0.0112076 2.02855e+06 0 0 1.52147e+06 1.00004 -2.14303 0 1.01406 1.01391 507079 0.999885 2.14303 7.86241e-06 
0.1095 0.0112078 2.0285e+06 0 0 1.52144e+06 1.00004 -2.46574 0 1.014 1.0139 507058 0.999868 2.46574 8.99728e-06 
0.11315 0.011208 2.02845e+06 0 0 1.52141e+06 1.00005 -2.82883 0 1.01394 1.01389 507035 0.999847 2.82883 1.02665e-05 
0.1168 0.0112082 2.0284e+06 0 0 1.52139e+06 1.00006 -3.2364 0 1.01388 1.01388 507011 0.999824 3.2364 1.16827e-05 
0.12045 0.0112084 2.02835e+06 0 0 1.52136e+06 1.00007 -3.69281 0 1.0138 1.01387 506985 0.999798 3.69281 1.32593e-05 
0.1241 0.0112086 2.0283e+06 0 0 1.52134e+06 1.00008 -4.20277 0 1.01373 1.01386 506958 0.999769 4.20277 1.50107e-05 
0.12775 0.0112088 2.02825e+06 0 0 1.52132e+06 1.00009 -4.77133 0 1.01365 1.01385 506929 0.999737 4.77133 1.69523e-05 
0.1314 0.0112089 2.0282e+06 0 0 1.5213e+06 1.0001 -5.40388 0 1.01356 1.01384 506898 0.9997 5.40388 1.91004e-05 
0.13505 0.0112091 2.02815e+06 0 0 1.52129e+06 1.00011 -6.10616 0 1.01346 1.01383 506865 0.999659 6.10616 2.14724e-05 
0.1387 0.0112092 2.0281e+06 0 0 1.52127e+06 1.00013 -6.88428 0 1.01336 1.01381 506829 0.999614 6.88428 2.40866e-05 
0.14235 0.0112093 2.02805e+06 0 0 1.52126e+06 1.00015 -7.74468 0 1.01325 1.0138 506791 0.999563 7.74468 2.69626e-05 
0.146 0.0112094 2.028e+06 0 0 1.52125e+06 1.00016 -8.69416 0 1.01312 1.01378 506750 0.999507 8.69416 3.01207e-05 
0.14965 0.0112094 2.02795e+06 0 0 1.52124e+06 1.00018 -9.7398 0 1.01299 1.01376 506706 0.999445 9.7398 3.35824e-05 
0.1533 0.0112095 2.0279e+06 0 0 1.52124e+06 1.00021 -10.8889 0 1.01285 1.01375 506659 0.999376 10.8889 3.73699e-05 
0.15695 0.0112095 2.02785e+06 0 0 1.52124e+06 1.00023 -12.149 0 1.0127 1.01373 506608 0.999301 12.149 4.15059e-05 
0.1606 0.0112095 2.0278e+06 0 0 1.52125e+06 1.00026 -13.5274 0 1.01253 1.0137 506553 0.999218 13.5274 4.60135e-05 
0.16425 0.0112095 2.02775e+06 0 0 1.52126e+06 1.00029 -15.0314 0 1.01235 1.01368 506495 0.999126 15.0314 5.09154e-05 
0.1679 0.0112094 2.0277e+06 0 0 1.52127e+06 1.00032 -16.6677 0 1.01216 1.01366 506432 0.999027 16.6677 5.62331e-05 
0.17155 0.0112093 2.02765e+06 0 0 1.52129e+06 1.00036 -18.4418 0 1.01196 1.01363 506364 0.998919 18.4418 6.19857e-05 
0.1752 0.0112092 2.0276e+06 0 0 1.52131e+06 1.0004 -20.3576 0 1.01173 1.0136 506292 0.998802 20.3576 6.81879e-05 
0.17885 0.0112091 2.02755e+06 0 0 1.52133e+06 1.00044 -22.4162 0 1.0115 1.01357 506216 0.998676 22.4162 7.48478e-05 
0.1825 0.0112089 2.0275e+06 0 0 1.52136e+06 1.00049 -24.6148 0 1.01151 1.01354 506136 0.998541 24.6148 7.38391e-05 
0.18615 0.0112091 2.02745e+06 0 0 1.52135e+06 1.0005 -25.3537 0 1.01333 1.01353 506100 0.998496 25.3537 1.62646e-05 
0.1898 0.0112092 2.0274e+06 0 0 1.52134e+06 1.00052 -26.1506 0 1.01336 1.01351 506063 0.998448 26.1506 1.5196e-05 
0.19345 0.0112094 2.02735e+06 0 0 1.52132e+06 1.00053 -26.9719 0 1.01334 1.0135 506025 0.998398 26.9719 1.56706e-05 
0.1971 0.0112096 2.0273e+06 0 0 1.52131e+06 1.00055 -27.8183 0 1.01332 1.01348 505987 0.998346 27.8183 1.616e-05 
0.20075 0.0112097 2.02725e+06 0 0 1.5213e+06 1.00057 -28.6907 0 1.0133 1.01347 505947 0.998293 28.6907 1.66648e-05 
0.2044 0.0112098 2.0272e+06 0 0 1.52129e+06 1.00059 -29.5899 0 1.01328 1.01345 505907 0.998238 29.5899 1.71856e-05 
0.20805 0.01121 2.02715e+06 0 0 1.52128e+06 1.00061 -30.5167 0 1.01326 1.01344 505866 0.998181 30.5167 1.7723e-05 
0.2117 0.0112101 2.0271e+06 0 0 1.52128e+06 1.00063 -31.4722 0 1.01323 1.01342 505824 0.998123 31.4722 1.82779e-05 
0.21535 0.0112102 2.02705e+06 0 0 1.52127e+06 1.00065 -32.4573 0 1.01321 1.0134 505781 0.998063 32.4573 1.8851e-05 
0.219 0.0112104 2.027e+06 0 0 1.52126e+06 1.00067 -33.4731 0 1.01319 1.01339 505737 0.998001 33.4731 1.94432e-05 
0.22265 0.0112105 2.02695e+06 0 0 1.52126e+06 1.00069 -34.5207 0 1.01317 1.01337 505692 0.997937 34.5207 2.00559e-05 
0.2263 0.0112106 2.0269e+06 0 0 1.52125e+06 1.00071 -35.6014 0 1.01314 1.01335 505646 0.99787 35.6014 2.06904e-05 
0.22995 0.0112107 2.02685e+06 0 0 1.52125e+06 1.00073 -36.7166 0 1.01312 1.01333 505599 0.997802 36.7166 2.13483e-05 
0.2336 0.0112108 2.0268e+06 0 0 1.52125e+06 1.00076 -37.8679 0 1.01309 1.01331 505551 0.997732 37.8679 2.20318e-05 
0.23725 0.0112109 2.02675e+06 0 0 1.52125e+06 1.00078 -39.0571 0 1.01306 1.01329 505501 0.997659 39.0571 2.27436e-05 
0.2409 0.011211 2.0267e+06 0 0 1.52125e+06 1.00081 -40.2864 0 1.01304 1.01327 505451 0.997584 40.2864 2.3487e-05 
0.24455 0.0112111 2.02665e+06 0 0 1.52125e+06 1.00083 -41.5583 0 1.01301 1.01325 505399 0.997507 41.5583 2.42665e-05 
0.2482 0.0112112 2.0266e+06 0 0 1.52125e+06 1.00086 -42.8758 0 1.01298 1.01323 505346 0.997427 42.8758 2.50876e-05 
0.25185 0.0112113 2.02655e+06 0 0 1.52126e+06 1.00089 -44.2428 0 1.01295 1.01321 505292 0.997344 44.2428 2.59577e-05 
0.2555 0.0112113 2.0265e+06 0 0 1.52126e+06 1.00091 -45.6638 0 1.01292 1.01319 505236 0.997259 45.6638 2.68862e-05 
0.25915 0.0112114 2.02645e+06 0 0 1.52127e+06 1.00094 -47.1449 0 1.01288 1.01317 505179 0.99717 47.1449 2.78856e-05 
0.2628 0.0112114 2.0264e+06 0 0 1.52128e+06 1.00097 -48.6933 0 1.01285 1.01314 505120 0.997078 48.6933 2.89721e-05 
0.26645 0.0112115 2.02635e+06 0 0 1.52129e+06 1.00101 -50.3187 0 1.01281 1.01312 505059 0.996983 50.3187 3.01672e-05 
0.2701 0.0112115 2.0263e+06 0 0 1.5213e+06 1.00104 -52.0334 0 1.01278 1.01309 504996 0.996884 52.0334 3.14986e-05 
0.27375 0.0112115 2.02625e+06 0 0 1.52132e+06 1.00107 -53.8531 0 1.01274 1.01307 504931 0.99678 53.8531 3.30031e-05 
0.2774 0.0112115 2.0262e+06 0 0 1.52134e+06 1.00111 -55.7986 0 1.01269 1.01304 504864 0.996672 55.7986 3.47285e-05 
0.28105 0.0112115 2.02615e+06 0 0 1.52136e+06 1.00115 -57.8965 0 1.01264 1.01301 504794 0.996558 57.8965 3.67378e-05 
0.2847 0.0112115 2.0261e+06 0 0 1.52138e+06 1.00119 -60.1819 0 1.01259 1.01299 504720 0.996438 60.1819 3.91131e-05 
0.28835 0.0112114 2.02605e+06 0 0 1.52141e+06 1.00123 -62.7003 0 1.01253 1.01296 504643 0.99631 62.7003 4.19621e-05 
0.292 0.0112114 2.026e+06 0 0 1.52144e+06 1.00128 -65.5111 0 1.01247 1.01292 504561 0.996173 65.5111 4.54255e-05 
0.29565 0.0112112 2.02595e+06 0 0 1.52148e+06 1.00133 -68.692 0 1.01239 1.01289 504474 0.996025 68.692 4.96872e-05 
0.2993 0.0112111 2.0259e+06 0 0 1.52152e+06 1.00138 -72.3446 0 1.0123 1.01285 504380 0.995863 72.3446 5.49874e-05 
0.30295 0.0112109 2.02585e+06 0 0 1.52157e+06 1.00144 -76.6013 0 1.01219 1.01281 504277 0.995685 76.6013 6.16397e-05 
0.3066 0.0112106 2.0258e+06 0 0 1.52164e+06 1.0015 -81.6352 0 1.01206 1.01277 504164 0.995486 81.6352 7.00527e-05 
0.31025 0.0112103 2.02575e+06 0 0 1.52171e+06 1.00158 -87.6721 0 1.0119 1.01272 504038 0.995261 87.6721 8.07594e-05 
0.3139 0.0112098 2.0257e+06 0 0 1.52181e+06 1.00167 -95.0068 0 1.01171 1.01266 503894 0.995003 95.0068 9.4454e-05 
0.31755 0.0112092 2.02565e+06 0 0 1.52192e+06 1.00177 -104.024 0 1.01147 1.0126 503729 0.994702 104.024 0.00011204 
0.3212 0.0112084 2.0256e+06 0 0 1.52206e+06 1.00188 -115.224 0 1.01116 1.01252 503537 0.994346 115.224 0.000134694 
0.32485 0.0112074 2.02555e+06 0 0 1.52224e+06 1.00203 -129.261 0 1.01078 1.01243 503309 0.993921 129.261 0.000163945 
0.3285 0.0112061 2.0255e+06 0 0 1.52246e+06 1.0022 -146.987 0 1.01029 1.01232 503035 0.993404 146.987 0.00020178 
0.33215 0.0112045 2.02545e+06 0 0 1.52275e+06 1.00241 -169.509 0 1.00967 1.01219 502702 0.992771 169.509 0.000250779 
0.3358 0.0112023 2.0254e+06 0 0 1.52311e+06 1.00267 -198.272 0 1.00886 1.01203 502292 0.991986 198.272 0.000314292 
0.33945 0.0111995 2.02535e+06 0 0 1.52357e+06 1.003 -235.156 0 1.00783 1.01182 501783 0.991005 235.156 0.00039666 
0.3431 0.0111958 2.0253e+06 0 0 1.52415e+06 1.00341 -282.606 0 1.0065 1.01157 501145 0.989769 282.606 0.00050351 
0.34675 0.0111911 2.02525e+06 0 0 1.52491e+06 1.00393 -343.809 0 1.00479 1.01125 500339 0.988202 343.809 0.000642121 
0.3504 0.011185 2.0252e+06 0 0 1.52588e+06 1.0046 -422.907 0 1.00257 1.01084 499316 0.986205 422.907 0.000821899 
0.35405 0.011177 2.02515e+06 0 0 1.52714e+06 1.00545 -525.296 0 0.999703 1.01032 498010 0.983651 525.296 0.00105498 
0.3577 0.0111667 2.0251e+06 0 0 1.52876e+06 1.00654 -657.997 0 0.99599 1.00964 496337 0.980371 657.997 0.00135697 
0.36135 0.0111534 2.02505e+06 0 0 1.53086e+06 1.00795 -830.155 0 0.991185 1.00877 494187 0.976148 830.155 0.00174792 
0.365 0.0111361 2.025e+06 0 0 1.53358e+06 1.00977 -1053.68 0 0.984967 1.00764 491416 0.970699 1053.68 0.00225343 


0 0.0112 2.03e+06 0 0 1.5225e+06 1 0 0 1.015 1.01407 507500 1 0 3.06626e-12 
0.00365 0.0112003 2.02995e+06 0 0 1.52246e+06 1 -0.00116558 0 1.01497 1.01407 507487 1 0.00116559 4.84456e-09 
0.0073 0.0112006 2.0299e+06 0 0 1.52243e+06 1 -0.00279607 0 1.01495 1.01406 507475 1 0.00279607 1.16035e-08 
0.01095 0.0112008 2.02985e+06 0 0 1.52239e+06 1 -0.00501279 0 1.01492 1.01406 507462 1 0.0050128 2.07654e-08 
0.0146 0.0112011 2.0298e+06 0 0 1.52235e+06 1 -0.00796056 0 1.0149 1.01406 507450 1 0.00796056 3.29036e-08 
0.01825 0.0112014 2.02975e+06 0 0 1.52231e+06 1 -0.011811 0 1.01487 1.01405 507437 0.999999 0.011811 4.86912e-08 
0.0219 0.0112017 2.0297e+06 0 0 1.52228e+06 1 -0.0167661 0 1.01485 1.01405 507425 0.999999 0.0167661 6.89128e-08 
0.02555 0.0112019 2.02965e+06 0 0 1.52224e+06 1 -0.0230622 0 1.01482 1.01404 507412 0.999999 0.0230622 9.44777e-08 
0.0292 0.0112022 2.0296e+06 0 0 1.5222e+06 1 -0.0309746 0 1.0148 1.01404 507399 0.999998 0.0309746 1.26433e-07 
0.03285 0.0112025 2.02955e+06 0 0 1.52216e+06 1 -0.0408217 0 1.01477 1.01403 507386 0.999998 0.0408217 1.65981e-07 
0.0365 0.0112028 2.0295e+06 0 0 1.52213e+06 1 -0.0529702 0 1.01474 1.01403 507374 0.999997 0.0529702 2.14491e-07 
0.04015 0.011203 2.02945e+06 0 0 1.52209e+06 1 -0.0678409 0 1.01472 1.01402 507361 0.999997 0.0678409 2.73518e-07 
0.0438 0.0112033 2.0294e+06 0 0 1.52205e+06 1 -0.0859137 0 1.01469 1.01402 507348 0.999996 0.0859137 3.44823e-07 
0.04745 0.0112036 2.02935e+06 0 0 1.52202e+06 1 -0.107734 0 1.01466 1.01401 507335 0.999995 0.107734 4.30387e-07 
0.0511 0.0112038 2.0293e+06 0 0 1.52198e+06 1 -0.133921 0 1.01464 1.01401 507322 0.999993 0.133921 5.32432e-07 
0.05475 0.0112041 2.02925e+06 0 0 1.52194e+06 1 -0.165171 0 1.01461 1.014 507308 0.999992 0.165171 6.53444e-07 
0.0584 0.0112044 2.0292e+06 0 0 1.52191e+06 1 -0.202267 0 1.01458 1.01399 507295 0.99999 0.202267 7.96191e-07 
0.06205 0.0112046 2.02915e+06 0 0 1.52187e+06 1 -0.246089 0 1.01455 1.01399 507281 0.999988 0.246089 9.63746e-07 
0.0657 0.0112049 2.0291e+06 0 0 1.52183e+06 1.00001 -0.297615 0 1.01452 1.01398 507267 0.999985 0.297615 1.15951e-06 
0.06935 0.0112052 2.02905e+06 0 0 1.5218e+06 1.00001 -0.357939 0 1.01449 1.01398 507253 0.999982 0.357939 1.38724e-06 
0.073 0.0112054 2.029e+06 0 0 1.52176e+06 1.00001 -0.428273 0 1.01446 1.01397 507239 0.999978 0.428273 1.65108e-06 
0.07665 0.0112057 2.02895e+06 0 0 1.52173e+06 1.00001 -0.509956 0 1.01442 1.01397 507224 0.999974 0.509956 1.95554e-06 
0.0803 0.011206 2.0289e+06 0 0 1.52169e+06 1.00001 -0.604472 0 1.01439 1.01396 507209 0.999969 0.604472 2.30561e-06 
0.08395 0.0112062 2.02885e+06 0 0 1.52166e+06 1.00001 -0.713451 0 1.01435 1.01396 507194 0.999963 0.713451 2.70671e-06 
0.0876 0.0112065 2.0288e+06 0 0 1.52162e+06 1.00001 -0.838684 0 1.01432 1.01395 507178 0.999956 0.838684 3.16474e-06 
0.09125 0.0112067 2.02875e+06 0 0 1.52159e+06 1.00002 -0.982134 0 1.01428 1.01394 507161 0.999949 0.982134 3.68613e-06 
0.0949 0.011207 2.0287e+06 0 0 1.52156e+06 1.00002 -1.14595 0 1.01424 1.01394 507144 0.99994 1.14595 4.27785e-06 
0.09855 0.0112072 2.02865e+06 0 0 1.52152e+06 1.00002 -1.33247 0 1.01419 1.01393 507127 0.99993 1.33247 4.94745e-06 
0.1022 0.0112074 2.0286e+06 0 0 1.52149e+06 1.00003 -1.54425 0 1.01415 1.01392 507108 0.999918 1.54425 5.70309e-06 
0.10585 0.0112077 2.02855e+06 0 0 1.52146e+06 1.00003 -1.78405 0 1.0141 1.01391 507089 0.999905 1.78405 6.55356e-06 
0.1095 0.0112079 2.0285e+06 0 0 1.52143e+06 1.00004 -2.05488 0 1.01404 1.01391 507069 0.99989 2.05488 7.50834e-06 
0.11315 0.0112081 2.02845e+06 0 0 1.5214e+06 1.00004 -2.35999 0 1.01399 1.0139 507048 0.999873 2.35999 8.5776e-06 
0.1168 0.0112083 2.0284e+06 0 0 1.52137e+06 1.00005 -2.70289 0 1.01393 1.01389 507026 0.999853 2.70289 9.77228e-06 
0.12045 0.0112085 2.02835e+06 0 0 1.52135e+06 1.00006 -3.08736 0 1.01387 1.01388 507002 0.999832 3.08736 1.11041e-05 
0.1241 0.0112087 2.0283e+06 0 0 1.52132e+06 1.00006 -3.51746 0 1.0138 1.01387 506977 0.999807 3.51746 1.25855e-05 
0.12775 0.0112089 2.02825e+06 0 0 1.5213e+06 1.00007 -3.99756 0 1.01372 1.01386 506951 0.99978 3.99756 1.423e-05 
0.1314 0.0112091 2.0282e+06 0 0 1.52128e+06 1.00008 -4.53233 0 1.01365 1.01385 506923 0.999749 4.53233 1.60517e-05 
0.13505 0.0112092 2.02815e+06 0 0 1.52126e+06 1.0001 -5.12675 0 1.01356 1.01384 506893 0.999715 5.12675 1.80659e-05 
0.1387 0.0112094 2.0281e+06 0 0 1.52124e+06 1.00011 -5.78611 0 1.01347 1.01383 506861 0.999676 5.78611 2.02886e-05 
0.14235 0.0112095 2.02805e+06 0 0 1.52122e+06 1.00012 -6.51602 0 1.01337 1.01381 506827 0.999633 6.51602 2.27367e-05 
0.146 0.0112096 2.028e+06 0 0 1.52121e+06 1.00014 -7.32235 0 1.01326 1.0138 506790 0.999586 7.32235 2.54281e-05 
0.14965 0.0112097 2.02795e+06 0 0 1.5212e+06 1.00016 -8.21126 0 1.01315 1.01378 506751 0.999533 8.21126 2.83815e-05 
0.1533 0.0112098 2.0279e+06 0 0 1.52119e+06 1.00018 -9.1891 0 1.01302 1.01377 506709 0.999475 9.1891 3.16163e-05 
0.15695 0.0112099 2.02785e+06 0 0 1.52119e+06 1.0002 -10.2623 0 1.01289 1.01375 506664 0.999411 10.2623 3.51523e-05 
0.1606 0.0112099 2.0278e+06 0 0 1.52118e+06 1.00022 -11.4374 0 1.01274 1.01373 506615 0.99934 11.4374 3.90095e-05 
0.16425 0.0112099 2.02775e+06 0 0 1.52119e+06 1.00025 -12.7205 0 1.01259 1.01371 506564 0.999263 12.7205 4.32075e-05 
0.1679 0.0112099 2.0277e+06 0 0 1.52119e+06 1.00027 -14.1173 0 1.01242 1.01369 506508 0.999178 14.1173 4.77648e-05 
0.17155 0.0112099 2.02765e+06 0 0 1.5212e+06 1.0003 -15.6326 0 1.01224 1.01366 506449 0.999086 15.6326 5.26975e-05 
0.1752 0.0112098 2.0276e+06 0 0 1.52121e+06 1.00034 -17.2695 0 1.01205 1.01364 506386 0.998987 17.2695 5.80178e-05 
0.17885 0.0112098 2.02755e+06 0 0 1.52123e+06 1.00037 -19.0289 0 1.01184 1.01361 506319 0.998879 19.0289 6.37317e-05 
0.1825 0.0112097 2.0275e+06 0 0 1.52125e+06 1.00041 -20.9077 0 1.01185 1.01359 506249 0.998765 20.9077 6.28587e-05 
0.18615 0.0112099 2.02745e+06 0 0 1.52123e+06 1.00042 -21.5383 0 1.01341 1.01357 506217 0.998727 21.5383 1.38445e-05 
0.1898 0.01121 2.0274e+06 0 0 1.52122e+06 1.00044 -22.2184 0 1.01343 1.01356 506184 0.998685 22.2184 1.2929e-05 
0.19345 0.0112102 2.02735e+06 0 0 1.5212e+06 1.00045 -22.9193 0 1.01341 1.01355 506150 0.998643 22.9193 1.33342e-05 
0.1971 0.0112104 2.0273e+06 0 0 1.52118e+06 1.00047 -23.6418 0 1.01339 1.01353 506115 0.998599 23.6418 1.37519e-05 
0.20075 0.0112105 2.02725e+06 0 0 1.52117e+06 1.00048 -24.3864 0 1.01338 1.01352 506079 0.998554 24.3864 1.41827e-05 
0.2044 0.0112107 2.0272e+06 0 0 1.52116e+06 1.0005 -25.1539 0 1.01336 1.01351 506043 0.998507 25.1539 1.46271e-05 
0.20805 0.0112109 2.02715e+06 0 0 1.52114e+06 1.00051 -25.9451 0 1.01334 1.01349 506006 0.998459 25.9451 1.50855e-05 
0.2117 0.011211 2.0271e+06 0 0 1.52113e+06 1.00053 -26.7607 0 1.01332 1.01348 505969 0.998409 26.7607 1.55587e-05 
0.21535 0.0112112 2.02705e+06 0 0 1.52112e+06 1.00055 -27.6016 0 1.0133 1.01346 505930 0.998358 27.6016 1.60471e-05 
0.219 0.0112113 2.027e+06 0 0 1.52111e+06 1.00056 -28.4686 0 1.01328 1.01345 505891 0.998305 28.4686 1.65516e-05 
0.22265 0.0112115 2.02695e+06 0 0 1.5211e+06 1.00058 -29.3626 0 1.01326 1.01343 505851 0.998251 29.3626 1.70731e-05 
0.2263 0.0112116 2.0269e+06 0 0 1.52109e+06 1.0006 -30.2847 0 1.01324 1.01341 505810 0.998194 30.2847 1.76125e-05 
0.22995 0.0112117 2.02685e+06 0 0 1.52108e+06 1.00062 -31.236 0 1.01321 1.0134 505768 0.998136 31.236 1.81712e-05 
0.2336 0.0112119 2.0268e+06 0 0 1.52107e+06 1.00064 -32.2178 0 1.01319 1.01338 505725 0.998076 32.2178 1.87505e-05 
0.23725 0.011212 2.02675e+06 0 0 1.52107e+06 1.00066 -33.2314 0 1.01317 1.01336 505681 0.998015 33.2314 1.93525e-05 
0.2409 0.0112121 2.0267e+06 0 0 1.52106e+06 1.00068 -34.2785 0 1.01314 1.01335 505637 0.997951 34.2785 1.99793e-05 
0.24455 0.0112122 2.02665e+06 0 0 1.52106e+06 1.0007 -35.3609 0 1.01312 1.01333 505591 0.997885 35.3609 2.06341e-05 
0.2482 0.0112123 2.0266e+06 0 0 1.52106e+06 1.00073 -36.4809 0 1.01309 1.01331 505544 0.997817 36.4809 2.13207e-05 
0.25185 0.0112124 2.02655e+06 0 0 1.52105e+06 1.00075 -37.6412 0 1.01307 1.01329 505496 0.997747 37.6412 2.2044e-05 
0.2555 0.0112125 2.0265e+06 0 0 1.52105e+06 1.00078 -38.8451 0 1.01304 1.01327 505447 0.997674 38.8451 2.28104e-05 
0.25915 0.0112126 2.02645e+06 0 0 1.52105e+06 1.0008 -40.0968 0 1.01301 1.01325 505396 0.997599 40.0968 2.36282e-05 
0.2628 0.0112127 2.0264e+06 0 0 1.52106e+06 1.00083 -41.4012 0 1.01298 1.01323 505344 0.997521 41.4012 2.45084e-05 
0.26645 0.0112128 2.02635e+06 0 0 1.52106e+06 1.00085 -42.7652 0 1.01295 1.01321 505291 0.997441 42.7652 2.54651e-05 
0.2701 0.0112129 2.0263e+06 0 0 1.52106e+06 1.00088 -44.1968 0 1.01292 1.01319 505236 0.997357 44.1968 2.65168e-05 
0.27375 0.0112129 2.02625e+06 0 0 1.52107e+06 1.00091 -45.707 0 1.01289 1.01317 505179 0.99727 45.707 2.7688e-05 
0.2774 0.011213 2.0262e+06 0 0 1.52108e+06 1.00094 -47.3095 0 1.01285 1.01314 505121 0.997179 47.3095 2.90104e-05 
0.28105 0.011213 2.02615e+06 0 0 1.52109e+06 1.00097 -49.0224 0 1.01281 1.01312 505060 0.997083 49.0224 3.05256e-05 
0.2847 0.011213 2.0261e+06 0 0 1.5211e+06 1.00101 -50.8689 0 1.01277 1.01309 504997 0.996983 50.8689 3.22883e-05 
0.28835 0.011213 2.02605e+06 0 0 1.52112e+06 1.00104 -52.8795 0 1.01272 1.01307 504931 0.996878 52.8795 3.43696e-05 
0.292 0.011213 2.026e+06 0 0 1.52114e+06 1.00108 -55.0936 0 1.01267 1.01304 504861 0.996765 55.0936 3.68629e-05 
0.29565 0.011213 2.02595e+06 0 0 1.52116e+06 1.00112 -57.563 0 1.01261 1.01301 504788 0.996645 57.563 3.98898e-05 
0.2993 0.0112129 2.0259e+06 0 0 1.52119e+06 1.00116 -60.355 0 1.01254 1.01298 504710 0.996515 60.355 4.36095e-05 
0.30295 0.0112128 2.02585e+06 0 0 1.52122e+06 1.00121 -63.5575 0 1.01246 1.01295 504626 0.996373 63.5575 4.82297e-05 
0.3066 0.0112127 2.0258e+06 0 0 1.52127e+06 1.00126 -67.2852 0 1.01237 1.01291 504534 0.996217 67.2852 5.40211e-05 
0.31025 0.0112125 2.02575e+06 0 0 1.52132e+06 1.00132 -71.6879 0 1.01226 1.01287 504433 0.996043 71.6879 6.13368e-05 
0.3139 0.0112122 2.0257e+06 0 0 1.52138e+06 1.00138 -76.9607 0 1.01212 1.01283 504321 0.995846 76.9607 7.06369e-05 
0.31755 0.0112118 2.02565e+06 0 0 1.52146e+06 1.00146 -83.3584 0 1.01195 1.01278 504194 0.99562 83.3584 8.25206e-05 
0.3212 0.0112114 2.0256e+06 0 0 1.52155e+06 1.00155 -91.213 0 1.01174 1.01272 504049 0.995357 91.213 9.77676e-05 
0.32485 0.0112107 2.02555e+06 0 0 1.52167e+06 1.00165 -100.957 0 1.01147 1.01265 503879 0.995047 100.957 0.000117392 
0.3285 0.0112099 2.0255e+06 0 0 1.52182e+06 1.00177 -113.155 0 1.01114 1.01258 503679 0.994676 113.155 0.000142714 
0.33215 0.0112088 2.02545e+06 0 0 1.52201e+06 1.00192 -128.54 0 1.01071 1.01248 503439 0.994227 128.54 0.000175445 
0.3358 0.0112074 2.0254e+06 0 0 1.52225e+06 1.00211 -148.068 0 1.01017 1.01237 503148 0.993677 148.068 0.000217812 
0.33945 0.0112055 2.02535e+06 0 0 1.52256e+06 1.00233 -172.984 0 1.00948 1.01222 502791 0.992996 172.984 0.000272703 
0.3431 0.0112031 2.0253e+06 0 0 1.52295e+06 1.00262 -204.907 0 1.00859 1.01205 502348 0.992145 204.907 0.000343863 
0.34675 0.0112 2.02525e+06 0 0 1.52346e+06 1.00298 -245.945 0 1.00744 1.01183 501793 0.991074 245.945 0.000436146 
0.3504 0.0111959 2.0252e+06 0 0 1.52411e+06 1.00343 -298.839 0 1.00596 1.01155 501094 0.989718 298.839 0.000555834 
0.35405 0.0111907 2.02515e+06 0 0 1.52494e+06 1.004 -367.156 0 1.00404 1.0112 500208 0.987992 367.156 0.000711049 
0.3577 0.0111838 2.0251e+06 0 0 1.52602e+06 1.00474 -455.536 0 1.00157 1.01075 499078 0.985784 455.536 0.000912279 
0.36135 0.011175 2.02505e+06 0 0 1.52742e+06 1.00568 -570.021 0 0.998363 1.01016 497631 0.982952 570.021 0.00117304 
0.365 0.0111635 2.025e+06 0 0 1.52923e+06 1.0069 -718.47 0 0.994216 1.00941 495774 0.979307 718.47 0.00151068 


0 0.0112 2.03e+06 0 0 1.5225e+06 1 0 0 1.015 1.01407 507500 1 0 2.05576e-12 
0.00365 0.0112003 2.02995e+06 0 0 1.52246e+06 1 -0.000950295 0 1.01497 1.01407 507487 1 0.000950298 3.93782e-09 
0.0073 0.0112006 2.0299e+06 0 0 1.52243e+06 1 -0.00227992 0 1.01495 1.01406 507475 1 0.00227992 9.43441e-09 
0.01095 0.0112008 2.02985e+06 0 0 1.52239e+06 1 -0.00408825 0 1.01492 1.01406 507462 1 0.00408825 1.68892e-08 
0.0146 0.0112011 2.0298e+06 0 0 1.52235e+06 1 -0.00649412 0 1.0149 1.01406 507450 1 0.00649412 2.67727e-08 
0.01825 0.0112014 2.02975e+06 0 0 1.52231e+06 1 -0.00963853 0 1.01487 1.01405 507437 1 0.00963853 3.96382e-08 
0.0219 0.0112017 2.0297e+06 0 0 1.52228e+06 1 -0.0136878 0 1.01485 1.01405 507425 0.999999 0.0136878 5.61317e-08 
0.02555 0.0112019 2.02965e+06 0 0 1.52224e+06 1 -0.0188367 0 1.01482 1.01404 507412 0.999999 0.0188367 7.70038e-08 
0.0292 0.0112022 2.0296e+06 0 0 1.5222e+06 1 -0.0253126 0 1.0148 1.01404 507399 0.999999 0.0253126 1.03121e-07 
0.03285 0.0112025 2.02955e+06 0 0 1.52216e+06 1 -0.0333789 0 1.01477 1.01403 507387 0.999998 0.0333789 1.35477e-07 
0.0365 0.0112028 2.0295e+06 0 0 1.52213e+06 1 -0.0433394 0 1.01475 1.01403 507374 0.999998 0.0433394 1.75211e-07 
0.04015 0.011203 2.02945e+06 0 0 1.52209e+06 1 -0.0555434 0 1.01472 1.01402 507361 0.999997 0.0555434 2.23617e-07 
0.0438 0.0112033 2.0294e+06 0 0 1.52205e+06 1 -0.0703899 0 1.01469 1.01402 507348 0.999997 0.0703899 2.82162e-07 
0.04745 0.0112036 2.02935e+06 0 0 1.52201e+06 1 -0.0883337 0 1.01467 1.01401 507335 0.999996 0.0883337 3.525e-07 
0.0511 0.0112038 2.0293e+06 0 0 1.52198e+06 1 -0.10989 0 1.01464 1.01401 507322 0.999995 0.10989 4.36492e-07 
0.05475 0.0112041 2.02925e+06 0 0 1.52194e+06 1 -0.135643 0 1.01461 1.014 507309 0.999993 0.135643 5.36222e-07 
0.0584 0.0112044 2.0292e+06 0 0 1.5219e+06 1 -0.166247 0 1.01458 1.014 507296 0.999992 0.166247 6.54017e-07 
0.06205 0.0112047 2.02915e+06 0 0 1.52187e+06 1 -0.20244 0 1.01455 1.01399 507282 0.99999 0.20244 7.92465e-07 
0.0657 0.0112049 2.0291e+06 0 0 1.52183e+06 1 -0.245045 0 1.01453 1.01398 507269 0.999988 0.245045 9.54436e-07 
0.06935 0.0112052 2.02905e+06 0 0 1.5218e+06 1.00001 -0.294983 0 1.0145 1.01398 507255 0.999985 0.294983 1.14311e-06 
0.073 0.0112055 2.029e+06 0 0 1.52176e+06 1.00001 -0.353274 0 1.01446 1.01397 507241 0.999982 0.353274 1.36197e-06 
0.07665 0.0112057 2.02895e+06 0 0 1.52172e+06 1.00001 -0.421053 0 1.01443 1.01397 507226 0.999978 0.421053 1.61489e-06 
0.0803 0.011206 2.0289e+06 0 0 1.52169e+06 1.00001 -0.499573 0 1.0144 1.01396 507212 0.999974 0.499573 1.90609e-06 
0.08395 0.0112062 2.02885e+06 0 0 1.52165e+06 1.00001 -0.590217 0 1.01437 1.01396 507197 0.999969 0.590217 2.24017e-06 
0.0876 0.0112065 2.0288e+06 0 0 1.52162e+06 1.00001 -0.694506 0 1.01433 1.01395 507182 0.999964 0.694506 2.6222e-06 
0.09125 0.0112068 2.02875e+06 0 0 1.52158e+06 1.00001 -0.814112 0 1.01429 1.01394 507166 0.999957 0.814112 3.05767e-06 
0.0949 0.011207 2.0287e+06 0 0 1.52155e+06 1.00002 -0.950864 0 1.01425 1.01394 507150 0.99995 0.950864 3.55255e-06 
0.09855 0.0112073 2.02865e+06 0 0 1.52152e+06 1.00002 -1.10676 0 1.01421 1.01393 507133 0.999942 1.10676 4.11331e-06 
0.1022 0.0112075 2.0286e+06 0 0 1.52148e+06 1.00002 -1.28398 0 1.01417 1.01392 507115 0.999932 1.28398 4.74699e-06 
0.10585 0.0112077 2.02855e+06 0 0 1.52145e+06 1.00003 -1.48491 0 1.01413 1.01392 507097 0.999921 1.48491 5.46115e-06 
0.1095 0.011208 2.0285e+06 0 0 1.52142e+06 1.00003 -1.7121 0 1.01408 1.01391 507078 0.999908 1.7121 6.26398e-06 
0.11315 0.0112082 2.02845e+06 0 0 1.52139e+06 1.00004 -1.96837 0 1.01403 1.0139 507059 0.999894 1.96837 7.16427e-06 
0.1168 0.0112084 2.0284e+06 0 0 1.52136e+06 1.00004 -2.25672 0 1.01397 1.01389 507038 0.999878 2.25672 8.17149e-06 
0.12045 0.0112086 2.02835e+06 0 0 1.52133e+06 1.00005 -2.58042 0 1.01392 1.01389 507016 0.999859 2.58042 9.2958e-06 
0.1241 0.0112088 2.0283e+06 0 0 1.52131e+06 1.00005 -2.94297 0 1.01385 1.01388 506993 0.999839 2.94297 1.05481e-05 
0.12775 0.011209 2.02825e+06 0 0 1.52128e+06 1.00006 -3.34815 0 1.01379 1.01387 506969 0.999816 3.34815 1.19399e-05 
0.1314 0.0112092 2.0282e+06 0 0 1.52126e+06 1.00007 -3.79998 0 1.01372 1.01386 506943 0.99979 3.79998 1.34838e-05 
0.13505 0.0112094 2.02815e+06 0 0 1.52123e+06 1.00008 -4.3028 0 1.01364 1.01385 506916 0.999761 4.3028 1.51928e-05 
0.1387 0.0112096 2.0281e+06 0 0 1.52121e+06 1.00009 -4.86116 0 1.01356 1.01384 506887 0.999728 4.86116 1.7081e-05 
0.14235 0.0112097 2.02805e+06 0 0 1.52119e+06 1.0001 -5.47994 0 1.01347 1.01382 506856 0.999692 5.47994 1.91633e-05 
0.146 0.0112099 2.028e+06 0 0 1.52118e+06 1.00012 -6.16424 0 1.01338 1.01381 506824 0.999652 6.16424 2.14551e-05 
0.14965 0.01121 2.02795e+06 0 0 1.52116e+06 1.00013 -6.91938 0 1.01328 1.0138 506788 0.999607 6.91938 2.39728e-05 
0.1533 0.0112101 2.0279e+06 0 0 1.52115e+06 1.00015 -7.75087 0 1.01317 1.01378 506751 0.999558 7.75087 2.67331e-05 
0.15695 0.0112102 2.02785e+06 0 0 1.52114e+06 1.00017 -8.66429 0 1.01305 1.01377 506711 0.999504 8.66429 2.97535e-05 
0.1606 0.0112103 2.0278e+06 0 0 1.52113e+06 1.00019 -9.6652 0 1.01292 1.01375 506668 0.999444 9.6652 3.30511e-05 
0.16425 0.0112103 2.02775e+06 0 0 1.52113e+06 1.00021 -10.759 0 1.01279 1.01373 506622 0.999378 10.759 3.66429e-05 
0.1679 0.0112104 2.0277e+06 0 0 1.52113e+06 1.00023 -11.9504 0 1.01264 1.01371 506573 0.999306 11.9504 4.05448e-05 
0.17155 0.0112104 2.02765e+06 0 0 1.52113e+06 1.00026 -13.2436 0 1.01248 1.01369 506521 0.999228 13.2436 4.47705e-05 
0.1752 0.0112104 2.0276e+06 0 0 1.52113e+06 1.00029 -14.6411 0 1.01232 1.01367 506466 0.999143 14.6411 4.93299e-05 
0.17885 0.0112103 2.02755e+06 0 0 1.52114e+06 1.00032 -16.1434 0 1.01214 1.01365 506407 0.999052 16.1434 5.42276e-05 
0.1825 0.0112103 2.0275e+06 0 0 1.52115e+06 1.00035 -17.7477 0 1.01214 1.01362 506345 0.998955 17.7477 5.34735e-05 
0.18615 0.0112105 2.02745e+06 0 0 1.52113e+06 1.00036 -18.2856 0 1.01347 1.01361 506316 0.998922 18.2856 1.17775e-05 
0.1898 0.0112107 2.0274e+06 0 0 1.52111e+06 1.00037 -18.8656 0 1.01349 1.0136 506286 0.998887 18.8656 1.09938e-05 
0.19345 0.0112109 2.02735e+06 0 0 1.52109e+06 1.00038 -19.4634 0 1.01347 1.01359 506255 0.998851 19.4634 1.13395e-05 
0.1971 0.0112111 2.0273e+06 0 0 1.52108e+06 1.0004 -20.0796 0 1.01346 1.01358 506224 0.998814 20.0796 1.16959e-05 
0.20075 0.0112113 2.02725e+06 0 0 1.52106e+06 1.00041 -20.7148 0 1.01344 1.01356 506192 0.998775 20.7148 1.20635e-05 
0.2044 0.0112114 2.0272e+06 0 0 1.52104e+06 1.00042 -21.3696 0 1.01343 1.01355 506159 0.998736 21.3696 1.24426e-05 
0.20805 0.0112116 2.02715e+06 0 0 1.52102e+06 1.00044 -22.0446 0 1.01341 1.01354 506126 0.998695 22.0446 1.28336e-05 
0.2117 0.0112118 2.0271e+06 0 0 1.52101e+06 1.00045 -22.7405 0 1.01339 1.01352 506092 0.998652 22.7405 1.3237e-05 
0.21535 0.0112119 2.02705e+06 0 0 1.52099e+06 1.00046 -23.4579 0 1.01337 1.01351 506057 0.998609 23.4579 1.36534e-05 
0.219 0.0112121 2.027e+06 0 0 1.52098e+06 1.00048 -24.1975 0 1.01335 1.0135 506022 0.998564 24.1975 1.40833e-05 
0.22265 0.0112123 2.02695e+06 0 0 1.52096e+06 1.00049 -24.9602 0 1.01334 1.01348 505986 0.998518 24.9602 1.45273e-05 
0.2263 0.0112124 2.0269e+06 0 0 1.52095e+06 1.00051 -25.7467 0 1.01332 1.01347 505949 0.99847 25.7467 1.49863e-05 
0.22995 0.0112126 2.02685e+06 0 0 1.52094e+06 1.00053 -26.558 0 1.0133 1.01345 505912 0.99842 26.558 1.54611e-05 
0.2336 0.0112127 2.0268e+06 0 0 1.52093e+06 1.00054 -27.3951 0 1.01328 1.01344 505874 0.998369 27.3951 1.59528e-05 
0.23725 0.0112129 2.02675e+06 0 0 1.52092e+06 1.00056 -28.259 0 1.01326 1.01342 505835 0.998317 28.259 1.64628e-05 
0.2409 0.011213 2.0267e+06 0 0 1.5209e+06 1.00058 -29.151 0 1.01324 1.01341 505795 0.998263 29.151 1.69928e-05 
0.24455 0.0112132 2.02665e+06 0 0 1.5209e+06 1.0006 -30.0726 0 1.01321 1.01339 505754 0.998207 30.0726 1.75447e-05 
0.2482 0.0112133 2.0266e+06 0 0 1.52089e+06 1.00062 -31.0253 0 1.01319 1.01338 505712 0.998149 31.0253 1.81212e-05 
0.25185 0.0112134 2.02655e+06 0 0 1.52088e+06 1.00064 -32.0111 0 1.01317 1.01336 505669 0.998089 32.0111 1.87258e-05 
0.2555 0.0112136 2.0265e+06 0 0 1.52087e+06 1.00066 -33.0326 0 1.01315 1.01334 505626 0.998028 33.0326 1.93627e-05 
0.25915 0.0112137 2.02645e+06 0 0 1.52087e+06 1.00068 -34.0924 0 1.01312 1.01332 505581 0.997964 34.0924 2.00375e-05 
0.2628 0.0112138 2.0264e+06 0 0 1.52086e+06 1.0007 -35.1943 0 1.0131 1.01331 505535 0.997898 35.1943 2.07576e-05 
0.26645 0.0112139 2.02635e+06 0 0 1.52086e+06 1.00072 -36.3429 0 1.01307 1.01329 505488 0.99783 36.3429 2.15323e-05 
0.2701 0.011214 2.0263e+06 0 0 1.52086e+06 1.00075 -37.5437 0 1.01304 1.01327 505440 0.997759 37.5437 2.23742e-05 
0.27375 0.0112141 2.02625e+06 0 0 1.52086e+06 1.00077 -38.8042 0 1.01301 1.01325 505390 0.997685 38.8042 2.32993e-05 
0.2774 0.0112142 2.0262e+06 0 0 1.52086e+06 1.0008 -40.1336 0 1.01298 1.01323 505339 0.997609 40.1336 2.43289e-05 
0.28105 0.0112143 2.02615e+06 0 0 1.52086e+06 1.00082 -41.5442 0 1.01295 1.01321 505286 0.997529 41.5442 2.54905e-05 
0.2847 0.0112143 2.0261e+06 0 0 1.52087e+06 1.00085 -43.0515 0 1.01292 1.01319 505231 0.997445 43.0515 2.68203e-05 
0.28835 0.0112144 2.02605e+06 0 0 1.52088e+06 1.00088 -44.6759 0 1.01288 1.01316 505174 0.997357 44.6759 2.83656e-05 
0.292 0.0112144 2.026e+06 0 0 1.52089e+06 1.00091 -46.4437 0 1.01284 1.01314 505114 0.997264 46.4437 3.01881e-05 
0.29565 0.0112145 2.02595e+06 0 0 1.5209e+06 1.00094 -48.3893 0 1.01279 1.01312 505052 0.997165 48.3893 3.23685e-05 
0.2993 0.0112145 2.0259e+06 0 0 1.52091e+06 1.00098 -50.5575 0 1.01274 1.01309 504986 0.99706 50.5575 3.50122e-05 
0.30295 0.0112144 2.02585e+06 0 0 1.52093e+06 1.00102 -53.0066 0 1.01268 1.01306 504916 0.996946 53.0066 3.82567e-05 
0.3066 0.0112144 2.0258e+06 0 0 1.52096e+06 1.00106 -55.8129 0 1.01261 1.01303 504840 0.996822 55.8129 4.22814e-05 
0.31025 0.0112143 2.02575e+06 0 0 1.52099e+06 1.00111 -59.0754 0 1.01252 1.013 504759 0.996685 59.0754 4.73202e-05 
0.3139 0.0112142 2.0257e+06 0 0 1.52103e+06 1.00116 -62.9238 0 1.01242 1.01297 504669 0.996532 62.9238 5.36779e-05 
0.31755 0.011214 2.02565e+06 0 0 1.52108e+06 1.00121 -67.5266 0 1.0123 1.01293 504569 0.99636 67.5266 6.17517e-05 
0.3212 0.0112137 2.0256e+06 0 0 1.52114e+06 1.00128 -73.1039 0 1.01216 1.01288 504457 0.996163 73.1039 7.20583e-05 
0.32485 0.0112133 2.02555e+06 0 0 1.52122e+06 1.00136 -79.9424 0 1.01197 1.01283 504328 0.995933 79.9424 8.52703e-05 
0.3285 0.0112128 2.0255e+06 0 0 1.52132e+06 1.00145 -88.4153 0 1.01174 1.01277 504179 0.995663 88.4153 0.000102262 
0.33215 0.0112121 2.02545e+06 0 0 1.52145e+06 1.00155 -99.0089 0 1.01145 1.0127 504003 0.99534 99.0089 0.000124172 
0.3358 0.0112112 2.0254e+06 0 0 1.52161e+06 1.00168 -112.356 0 1.01109 1.01262 503793 0.994949 112.356 0.000152476 
0.33945 0.01121 2.02535e+06 0 0 1.52181e+06 1.00184 -129.281 0 1.01062 1.01252 503538 0.994471 129.281 0.000189092 
0.3431 0.0112084 2.0253e+06 0 0 1.52207e+06 1.00204 -150.856 0 1.01002 1.0124 503226 0.99388 150.856 0.000236512 
0.34675 0.0112063 2.02525e+06 0 0 1.52241e+06 1.00229 -178.476 0 1.00925 1.01224 502840 0.993143 178.476 0.000297964 
0.3504 0.0112037 2.0252e+06 0 0 1.52284e+06 1.00259 -213.954 0 1.00825 1.01205 502359 0.992216 213.954 0.000377632 
0.35405 0.0112002 2.02515e+06 0 0 1.5234e+06 1.00299 -259.652 0 1.00697 1.01181 501752 0.991042 259.652 0.000480937 
0.3577 0.0111957 2.0251e+06 0 0 1.52412e+06 1.00348 -318.639 0 1.00532 1.01151 500984 0.98955 318.639 0.000614889 
0.36135 0.0111898 2.02505e+06 0 0 1.52504e+06 1.00412 -394.907 0 1.00318 1.01112 500006 0.987643 394.907 0.000788544 
0.365 0.0111822 2.025e+06 0 0 1.52624e+06 1.00493 -493.649 0 1.00042 1.01062 498756 0.985198 493.649 0.00101358 


0 0.0112 2.03e+06 0 0 1.5225e+06 1 0 0 1.015 1.01407 507500 1 0 1.37838e-12 
0.00365 0.0112003 2.02995e+06 0 0 1.52246e+06 1 -0.000775102 0 1.01497 1.01407 507487 1 0.000775104 3.20262e-09 
0.0073 0.0112006 2.0299e+06 0 0 1.52243e+06 1 -0.00185981 0 1.01495 1.01406 507475 1 0.00185981 7.67492e-09 
0.01095 0.0112008 2.02985e+06 0 0 1.52239e+06 1 -0.00333558 0 1.01492 1.01406 507462 1 0.00333559 1.37437e-08 
0.0146 0.0112011 2.0298e+06 0 0 1.52235e+06 1 -0.0052999 0 1.0149 1.01406 507450 1 0.0052999 2.1795e-08 
0.01825 0.0112014 2.02975e+06 0 0 1.52231e+06 1 -0.00786865 0 1.01487 1.01405 507437 1 0.00786865 3.22834e-08 
0.0219 0.0112017 2.0297e+06 0 0 1.52228e+06 1 -0.0111787 0 1.01485 1.01405 507425 0.999999 0.0111787 4.57412e-08 
0.02555 0.0112019 2.02965e+06 0 0 1.52224e+06 1 -0.0153907 0 1.01482 1.01404 507412 0.999999 0.0153907 6.27873e-08 
0.0292 0.0112022 2.0296e+06 0 0 1.5222e+06 1 -0.0206923 0 1.0148 1.01404 507399 0.999999 0.0206923 8.4138e-08 
0.03285 0.0112025 2.02955e+06 0 0 1.52216e+06 1 -0.0273013 0 1.01477 1.01403 507387 0.999999 0.0273013 1.10618e-07 
0.0365 0.0112028 2.0295e+06 0 0 1.52213e+06 1 -0.0354695 0 1.01475 1.01403 507374 0.999998 0.0354695 1.4317e-07 
0.04015 0.011203 2.02945e+06 0 0 1.52209e+06 1 -0.0454866 0 1.01472 1.01402 507361 0.999998 0.0454866 1.82872e-07 
0.0438 0.0112033 2.0294e+06 0 0 1.52205e+06 1 -0.0576844 0 1.01469 1.01402 507349 0.999997 0.0576844 2.30944e-07 
0.04745 0.0112036 2.02935e+06 0 0 1.52201e+06 1 -0.0724415 0 1.01467 1.01401 507336 0.999996 0.0724415 2.8877e-07 
0.0511 0.0112038 2.0293e+06 0 0 1.52198e+06 1 -0.090188 0 1.01464 1.01401 507323 0.999995 0.090188 3.57905e-07 
0.05475 0.0112041 2.02925e+06 0 0 1.52194e+06 1 -0.111411 0 1.01461 1.014 507310 0.999994 0.111411 4.40096e-07 
0.0584 0.0112044 2.0292e+06 0 0 1.5219e+06 1 -0.136659 0 1.01459 1.014 507296 0.999993 0.136659 5.37296e-07 
0.06205 0.0112047 2.02915e+06 0 0 1.52187e+06 1 -0.16655 0 1.01456 1.01399 507283 0.999992 0.16655 6.51683e-07 
0.0657 0.0112049 2.0291e+06 0 0 1.52183e+06 1 -0.201777 0 1.01453 1.01398 507270 0.99999 0.201777 7.85677e-07 
0.06935 0.0112052 2.02905e+06 0 0 1.52179e+06 1 -0.243112 0 1.0145 1.01398 507256 0.999988 0.243112 9.41959e-07 
0.073 0.0112055 2.029e+06 0 0 1.52176e+06 1 -0.291417 0 1.01447 1.01397 507242 0.999985 0.291417 1.12349e-06 
0.07665 0.0112057 2.02895e+06 0 0 1.52172e+06 1.00001 -0.34765 0 1.01444 1.01397 507228 0.999982 0.34765 1.33354e-06 
0.0803 0.011206 2.0289e+06 0 0 1.52169e+06 1.00001 -0.412869 0 1.01441 1.01396 507214 0.999979 0.412869 1.5757e-06 
0.08395 0.0112063 2.02885e+06 0 0 1.52165e+06 1.00001 -0.488247 0 1.01438 1.01396 507200 0.999975 0.488247 1.85389e-06 
0.0876 0.0112065 2.0288e+06 0 0 1.52162e+06 1.00001 -0.575074 0 1.01434 1.01395 507185 0.99997 0.575074 2.17242e-06 
0.09125 0.0112068 2.02875e+06 0 0 1.52158e+06 1.00001 -0.674772 0 1.01431 1.01395 507170 0.999965 0.674772 2.53599e-06 
0.0949 0.011207 2.0287e+06 0 0 1.52155e+06 1.00001 -0.788898 0 1.01427 1.01394 507154 0.999959 0.788898 2.94971e-06 
0.09855 0.0112073 2.02865e+06 0 0 1.52151e+06 1.00002 -0.919156 0 1.01423 1.01393 507138 0.999951 0.919156 3.41913e-06 
0.1022 0.0112075 2.0286e+06 0 0 1.52148e+06 1.00002 -1.06741 0 1.01419 1.01393 507121 0.999943 1.06741 3.95028e-06 
0.10585 0.0112078 2.02855e+06 0 0 1.52145e+06 1.00002 -1.23569 0 1.01415 1.01392 507104 0.999934 1.23569 4.54969e-06 
0.1095 0.011208 2.0285e+06 0 0 1.52141e+06 1.00003 -1.4262 0 1.01411 1.01391 507086 0.999924 1.4262 5.2244e-06 
0.11315 0.0112083 2.02845e+06 0 0 1.52138e+06 1.00003 -1.64135 0 1.01406 1.01391 507068 0.999912 1.64135 5.98201e-06 
0.1168 0.0112085 2.0284e+06 0 0 1.52135e+06 1.00003 -1.88371 0 1.01401 1.0139 507048 0.999898 1.88371 6.8307e-06 
0.12045 0.0112087 2.02835e+06 0 0 1.52132e+06 1.00004 -2.15611 0 1.01396 1.01389 507028 0.999883 2.15611 7.77926e-06 
0.1241 0.0112089 2.0283e+06 0 0 1.52129e+06 1.00004 -2.46156 0 1.0139 1.01388 507007 0.999865 2.46156 8.83714e-06 
0.12775 0.0112091 2.02825e+06 0 0 1.52127e+06 1.00005 -2.80332 0 1.01384 1.01387 506984 0.999846 2.80332 1.00144e-05 
0.1314 0.0112093 2.0282e+06 0 0 1.52124e+06 1.00006 -3.18487 0 1.01378 1.01386 506961 0.999824 3.18487 1.13218e-05 
0.13505 0.0112095 2.02815e+06 0 0 1.52121e+06 1.00007 -3.60994 0 1.01371 1.01385 506936 0.9998 3.60994 1.2771e-05 
0.1387 0.0112097 2.0281e+06 0 0 1.52119e+06 1.00008 -4.08249 0 1.01364 1.01384 506910 0.999772 4.08249 1.43739e-05 
0.14235 0.0112099 2.02805e+06 0 0 1.52117e+06 1.00009 -4.60673 0 1.01356 1.01383 506882 0.999742 4.60673 1.61436e-05 
0.146 0.0112101 2.028e+06 0 0 1.52115e+06 1.0001 -5.18707 0 1.01348 1.01382 506852 0.999708 5.18707 1.80936e-05 
0.14965 0.0112102 2.02795e+06 0 0 1.52113e+06 1.00011 -5.82813 0 1.01339 1.01381 506820 0.99967 5.82813 2.0238e-05 
0.1533 0.0112103 2.0279e+06 0 0 1.52111e+06 1.00012 -6.53466 0 1.01329 1.0138 506787 0.999628 6.53466 2.25916e-05 
0.15695 0.0112105 2.02785e+06 0 0 1.5211e+06 1.00014 -7.3115 0 1.01319 1.01378 506751 0.999582 7.3115 2.51692e-05 
0.1606 0.0112106 2.0278e+06 0 0 1.52109e+06 1.00016 -8.16344 0 1.01308 1.01377 506712 0.999531 8.16344 2.7986e-05 
0.16425 0.0112107 2.02775e+06 0 0 1.52108e+06 1.00017 -9.09508 0 1.01296 1.01375 506672 0.999476 9.09508 3.10565e-05 
0.1679 0.0112107 2.0277e+06 0 0 1.52107e+06 1.0002 -10.1106 0 1.01283 1.01373 506628 0.999415 10.1106 3.43942e-05 
0.17155 0.0112108 2.02765e+06 0 0 1.52107e+06 1.00022 -11.2133 0 1.01269 1.01372 506582 0.999348 11.2133 3.80109e-05 
0.1752 0.0112108 2.0276e+06 0 0 1.52107e+06 1.00024 -12.4055 0 1.01254 1.0137 506533 0.999276 12.4055 4.19147e-05 
0.17885 0.0112108 2.02755e+06 0 0 1.52107e+06 1.00027 -13.6873 0 1.01239 1.01368 506481 0.999199 13.6873 4.61089e-05 
0.1825 0.0112108 2.0275e+06 0 0 1.52107e+06 1.00029 -15.0561 0 1.01238 1.01366 506427 0.999116 15.0561 4.54587e-05 
0.18615 0.0112111 2.02745e+06 0 0 1.52105e+06 1.0003 -15.5145 0 1.01352 1.01365 506400 0.999088 15.5145 1.00133e-05 
0.1898 0.0112113 2.0274e+06 0 0 1.52103e+06 1.00031 -16.0089 0 1.01354 1.01363 506373 0.999059 16.0089 9.34272e-06 
0.19345 0.0112115 2.02735e+06 0 0 1.52101e+06 1.00032 -16.5184 0 1.01353 1.01362 506345 0.999028 16.5184 9.63761e-06 
0.1971 0.0112117 2.0273e+06 0 0 1.52098e+06 1.00033 -17.0438 0 1.01351 1.01361 506316 0.998996 17.0438 9.94166e-06 
0.20075 0.0112119 2.02725e+06 0 0 1.52096e+06 1.00035 -17.5853 0 1.0135 1.0136 506287 0.998963 17.5853 1.02552e-05 
0.2044 0.011212 2.0272e+06 0 0 1.52094e+06 1.00036 -18.1436 0 1.01348 1.01359 506258 0.99893 18.1436 1.05785e-05 
0.20805 0.0112122 2.02715e+06 0 0 1.52092e+06 1.00037 -18.7191 0 1.01347 1.01358 506227 0.998895 18.7191 1.09119e-05 
0.2117 0.0112124 2.0271e+06 0 0 1.5209e+06 1.00038 -19.3125 0 1.01345 1.01357 506197 0.998859 19.3125 1.12559e-05 
0.21535 0.0112126 2.02705e+06 0 0 1.52088e+06 1.00039 -19.9242 0 1.01344 1.01355 506165 0.998822 19.9242 1.16108e-05 
0.219 0.0112128 2.027e+06 0 0 1.52087e+06 1.00041 -20.5549 0 1.01342 1.01354 506134 0.998784 20.5549 1.19771e-05 
0.22265 0.011213 2.02695e+06 0 0 1.52085e+06 1.00042 -21.2052 0 1.0134 1.01353 506101 0.998744 21.2052 1.23552e-05 
0.2263 0.0112132 2.0269e+06 0 0 1.52083e+06 1.00043 -21.8759 0 1.01339 1.01351 506068 0.998704 21.8759 1.27459e-05 
0.22995 0.0112133 2.02685e+06 0 0 1.52082e+06 1.00045 -22.5676 0 1.01337 1.0135 506034 0.998662 22.5676 1.31497e-05 
0.2336 0.0112135 2.0268e+06 0 0 1.5208e+06 1.00046 -23.2811 0 1.01335 1.01349 506000 0.998619 23.2811 1.35675e-05 
0.23725 0.0112137 2.02675e+06 0 0 1.52078e+06 1.00048 -24.0173 0 1.01333 1.01347 505965 0.998574 24.0173 1.40003e-05 
0.2409 0.0112138 2.0267e+06 0 0 1.52077e+06 1.00049 -24.7772 0 1.01331 1.01346 505929 0.998528 24.7772 1.44491e-05 
0.24455 0.011214 2.02665e+06 0 0 1.52076e+06 1.00051 -25.5619 0 1.0133 1.01345 505892 0.99848 25.5619 1.49155e-05 
0.2482 0.0112141 2.0266e+06 0 0 1.52074e+06 1.00052 -26.3726 0 1.01328 1.01343 505855 0.998431 26.3726 1.54013e-05 
0.25185 0.0112143 2.02655e+06 0 0 1.52073e+06 1.00054 -27.2108 0 1.01326 1.01342 505817 0.99838 27.2108 1.59088e-05 
0.2555 0.0112144 2.0265e+06 0 0 1.52072e+06 1.00056 -28.0783 0 1.01324 1.0134 505778 0.998328 28.0783 1.64409e-05 
0.25915 0.0112146 2.02645e+06 0 0 1.52071e+06 1.00058 -28.9771 0 1.01321 1.01339 505738 0.998274 28.9771 1.70015e-05 
0.2628 0.0112147 2.0264e+06 0 0 1.5207e+06 1.00059 -29.9097 0 1.01319 1.01337 505697 0.998218 29.9097 1.75955e-05 
0.26645 0.0112149 2.02635e+06 0 0 1.52069e+06 1.00061 -30.8795 0 1.01317 1.01335 505655 0.99816 30.8795 1.82292e-05 
0.2701 0.011215 2.0263e+06 0 0 1.52069e+06 1.00063 -31.8902 0 1.01315 1.01334 505612 0.9981 31.8902 1.89109e-05 
0.27375 0.0112151 2.02625e+06 0 0 1.52068e+06 1.00065 -32.947 0 1.01312 1.01332 505569 0.998038 32.947 1.96513e-05 
0.2774 0.0112152 2.0262e+06 0 0 1.52068e+06 1.00068 -34.0563 0 1.0131 1.0133 505523 0.997973 34.0563 2.04647e-05 
0.28105 0.0112153 2.02615e+06 0 0 1.52067e+06 1.0007 -35.2262 0 1.01307 1.01328 505477 0.997906 35.2262 2.13692e-05 
0.2847 0.0112154 2.0261e+06 0 0 1.52067e+06 1.00072 -36.4672 0 1.01304 1.01326 505429 0.997836 36.4672 2.2389e-05 
0.28835 0.0112155 2.02605e+06 0 0 1.52067e+06 1.00075 -37.793 0 1.01301 1.01324 505379 0.997762 37.793 2.35554e-05 
0.292 0.0112156 2.026e+06 0 0 1.52067e+06 1.00077 -39.2212 0 1.01297 1.01322 505327 0.997685 39.2212 2.49092e-05 
0.29565 0.0112157 2.02595e+06 0 0 1.52068e+06 1.0008 -40.7748 0 1.01294 1.0132 505274 0.997604 40.7748 2.65041e-05 
0.2993 0.0112157 2.0259e+06 0 0 1.52068e+06 1.00083 -42.4835 0 1.01289 1.01318 505217 0.997517 42.4835 2.84097e-05 
0.30295 0.0112158 2.02585e+06 0 0 1.52069e+06 1.00086 -44.3862 0 1.01285 1.01316 505158 0.997424 44.3862 3.07172e-05 
0.3066 0.0112158 2.0258e+06 0 0 1.5207e+06 1.00089 -46.5334 0 1.0128 1.01313 505095 0.997324 46.5334 3.35454e-05 
0.31025 0.0112158 2.02575e+06 0 0 1.52072e+06 1.00093 -48.991 0 1.01273 1.01311 505027 0.997216 48.991 3.70493e-05 
0.3139 0.0112157 2.0257e+06 0 0 1.52075e+06 1.00097 -51.8449 0 1.01266 1.01308 504954 0.997096 51.8449 4.14308e-05 
0.31755 0.0112157 2.02565e+06 0 0 1.52078e+06 1.00101 -55.2069 0 1.01257 1.01305 504874 0.996962 55.2069 4.6953e-05 
0.3212 0.0112155 2.0256e+06 0 0 1.52081e+06 1.00106 -59.2228 0 1.01247 1.01301 504785 0.996812 59.2228 5.39584e-05 
0.32485 0.0112153 2.02555e+06 0 0 1.52086e+06 1.00112 -64.0825 0 1.01234 1.01297 504686 0.996639 64.0825 6.28927e-05 
0.3285 0.011215 2.0255e+06 0 0 1.52093e+06 1.00119 -70.0333 0 1.01218 1.01293 504572 0.996439 70.0333 7.43359e-05 
0.33215 0.0112146 2.02545e+06 0 0 1.52101e+06 1.00127 -77.3974 0 1.01198 1.01288 504440 0.996203 77.3974 8.9042e-05 
0.3358 0.011214 2.0254e+06 0 0 1.52111e+06 1.00136 -86.5939 0 1.01173 1.01281 504285 0.995922 86.5939 0.000107991 
0.33945 0.0112133 2.02535e+06 0 0 1.52125e+06 1.00147 -98.1686 0 1.01141 1.01274 504101 0.995583 98.1686 0.000132456 
0.3431 0.0112123 2.0253e+06 0 0 1.52142e+06 1.00161 -112.831 0 1.011 1.01265 503878 0.995168 112.831 0.000164091 
0.34675 0.0112109 2.02525e+06 0 0 1.52164e+06 1.00178 -131.506 0 1.01048 1.01255 503606 0.994655 131.506 0.00020504 
0.3504 0.0112092 2.0252e+06 0 0 1.52193e+06 1.00199 -155.393 0 1.00982 1.01241 503270 0.994016 155.393 0.000258088 
0.35405 0.0112069 2.02515e+06 0 0 1.5223e+06 1.00226 -186.056 0 1.00896 1.01225 502851 0.993213 186.056 0.000326841 
0.3577 0.011204 2.0251e+06 0 0 1.52277e+06 1.0026 -225.525 0 1.00785 1.01204 502325 0.992199 225.525 0.000415973 
0.36135 0.0112001 2.02505e+06 0 0 1.52339e+06 1.00303 -276.441 0 1.00643 1.01178 501660 0.990909 276.441 0.000531529 
0.365 0.0111951 2.025e+06 0 0 1.52419e+06 1.00358 -342.239 0 1.00458 1.01144 500814 0.989262 342.239 0.000681327 


0 0.0112 2.03e+06 0 0 1.5225e+06 1 0 0 1.015 1.01407 507500 1 0 9.2431e-13 
0.00365 0.0112003 2.02995e+06 0 0 1.52246e+06 1 -0.000632463 0 1.01497 1.01407 507487 1 0.000632464 2.6061e-09 
0.0073 0.0112006 2.0299e+06 0 0 1.52243e+06 1 -0.00151773 0 1.01495 1.01406 507475 1 0.00151773 6.24683e-09 
0.01095 0.0112008 2.02985e+06 0 0 1.52239e+06 1 -0.00272255 0 1.01492 1.01406 507462 1 0.00272256 1.11896e-08 
0.0146 0.0112011 2.0298e+06 0 0 1.52235e+06 1 -0.00432694 0 1.0149 1.01406 507450 1 0.00432694 1.77512e-08 
0.01825 0.0112014 2.02975e+06 0 0 1.52231e+06 1 -0.00642612 0 1.01487 1.01405 507437 1 0.00642613 2.63052e-08 
0.0219 0.0112017 2.0297e+06 0 0 1.52228e+06 1 -0.00913276 0 1.01485 1.01405 507425 1 0.00913276 3.72899e-08 
0.02555 0.0112019 2.02965e+06 0 0 1.52224e+06 1 -0.0125793 0 1.01482 1.01404 507412 0.999999 0.0125793 5.12159e-08 
0.0292 0.0112022 2.0296e+06 0 0 1.5222e+06 1 -0.0169206 0 1.0148 1.01404 507400 0.999999 0.0169206 6.86751e-08 
0.03285 0.0112025 2.02955e+06 0 0 1.52216e+06 1 -0.0223368 0 1.01477 1.01403 507387 0.999999 0.0223368 9.03501e-08 
0.0365 0.0112028 2.0295e+06 0 0 1.52213e+06 1 -0.0290365 0 1.01475 1.01403 507374 0.999999 0.0290365 1.17024e-07 
0.04015 0.011203 2.02945e+06 0 0 1.52209e+06 1 -0.03726 0 1.01472 1.01402 507362 0.999998 0.03726 1.49592e-07 
0.0438 0.0112033 2.0294e+06 0 0 1.52205e+06 1 -0.0472831 0 1.0147 1.01402 507349 0.999998 0.0472831 1.89071e-07 
0.04745 0.0112036 2.02935e+06 0 0 1.52201e+06 1 -0.0594207 0 1.01467 1.01401 507336 0.999997 0.0594207 2.36614e-07 
0.0511 0.0112039 2.0293e+06 0 0 1.52198e+06 1 -0.0740314 0 1.01464 1.01401 507323 0.999996 0.0740314 2.93521e-07 
0.05475 0.0112041 2.02925e+06 0 0 1.52194e+06 1 -0.0915219 0 1.01462 1.014 507310 0.999995 0.0915219 3.61257e-07 
0.0584 0.0112044 2.0292e+06 0 0 1.5219e+06 1 -0.112352 0 1.01459 1.014 507297 0.999994 0.112352 4.4146e-07 
0.06205 0.0112047 2.02915e+06 0 0 1.52187e+06 1 -0.137038 0 1.01456 1.01399 507284 0.999993 0.137038 5.3596e-07 
0.0657 0.0112049 2.0291e+06 0 0 1.52183e+06 1 -0.166162 0 1.01453 1.01399 507271 0.999992 0.166162 6.46797e-07 
0.06935 0.0112052 2.02905e+06 0 0 1.52179e+06 1 -0.200374 0 1.0145 1.01398 507257 0.99999 0.200374 7.76233e-07 
0.073 0.0112055 2.029e+06 0 0 1.52176e+06 1 -0.2404 0 1.01448 1.01397 507244 0.999988 0.2404 9.26774e-07 
0.07665 0.0112057 2.02895e+06 0 0 1.52172e+06 1 -0.287045 0 1.01445 1.01397 507230 0.999985 0.287045 1.10118e-06 
0.0803 0.011206 2.0289e+06 0 0 1.52168e+06 1.00001 -0.341208 0 1.01442 1.01396 507216 0.999982 0.341208 1.30251e-06 
0.08395 0.0112063 2.02885e+06 0 0 1.52165e+06 1.00001 -0.403878 0 1.01438 1.01396 507202 0.999979 0.403878 1.53409e-06 
0.0876 0.0112065 2.0288e+06 0 0 1.52161e+06 1.00001 -0.476151 0 1.01435 1.01395 507187 0.999975 0.476151 1.7996e-06 
0.09125 0.0112068 2.02875e+06 0 0 1.52158e+06 1.00001 -0.559232 0 1.01432 1.01395 507173 0.999971 0.559232 2.10304e-06 
0.0949 0.0112071 2.0287e+06 0 0 1.52154e+06 1.00001 -0.654448 0 1.01428 1.01394 507158 0.999966 0.654448 2.44877e-06 
0.09855 0.0112073 2.02865e+06 0 0 1.52151e+06 1.00001 -0.76325 0 1.01425 1.01394 507142 0.99996 0.76325 2.84157e-06 
0.1022 0.0112076 2.0286e+06 0 0 1.52147e+06 1.00002 -0.887227 0 1.01421 1.01393 507126 0.999953 0.887227 3.2866e-06 
0.10585 0.0112078 2.02855e+06 0 0 1.52144e+06 1.00002 -1.02812 0 1.01417 1.01392 507110 0.999945 1.02812 3.78945e-06 
0.1095 0.0112081 2.0285e+06 0 0 1.52141e+06 1.00002 -1.18781 0 1.01413 1.01392 507093 0.999936 1.18781 4.35621e-06 
0.11315 0.0112083 2.02845e+06 0 0 1.52137e+06 1.00002 -1.36835 0 1.01409 1.01391 507075 0.999926 1.36835 4.99341e-06 
0.1168 0.0112085 2.0284e+06 0 0 1.52134e+06 1.00003 -1.57198 0 1.01404 1.0139 507057 0.999915 1.57198 5.70813e-06 
0.12045 0.0112088 2.02835e+06 0 0 1.52131e+06 1.00003 -1.8011 0 1.01399 1.01389 507038 0.999902 1.8011 6.50796e-06 
0.1241 0.011209 2.0283e+06 0 0 1.52128e+06 1.00004 -2.05831 0 1.01394 1.01389 507018 0.999888 2.05831 7.40107e-06 
0.12775 0.0112092 2.02825e+06 0 0 1.52125e+06 1.00004 -2.34643 0 1.01389 1.01388 506997 0.999871 2.34643 8.39621e-06 
0.1314 0.0112094 2.0282e+06 0 0 1.52122e+06 1.00005 -2.66845 0 1.01383 1.01387 506975 0.999853 2.66845 9.50272e-06 
0.13505 0.0112096 2.02815e+06 0 0 1.5212e+06 1.00006 -3.02759 0 1.01377 1.01386 506952 0.999832 3.02759 1.07306e-05 
0.1387 0.0112098 2.0281e+06 0 0 1.52117e+06 1.00006 -3.42727 0 1.01371 1.01385 506928 0.999809 3.42727 1.20904e-05 
0.14235 0.01121 2.02805e+06 0 0 1.52115e+06 1.00007 -3.87114 0 1.01364 1.01384 506903 0.999783 3.87114 1.35933e-05 
0.146 0.0112102 2.028e+06 0 0 1.52112e+06 1.00008 -4.363 0 1.01356 1.01383 506876 0.999755 4.363 1.52512e-05 
0.14965 0.0112104 2.02795e+06 0 0 1.5211e+06 1.00009 -4.90685 0 1.01348 1.01382 506847 0.999723 4.90685 1.70763e-05 
0.1533 0.0112105 2.0279e+06 0 0 1.52108e+06 1.0001 -5.5068 0 1.01339 1.01381 506816 0.999687 5.5068 1.90814e-05 
0.15695 0.0112107 2.02785e+06 0 0 1.52107e+06 1.00012 -6.16701 0 1.0133 1.0138 506784 0.999648 6.16701 2.12795e-05 
0.1606 0.0112108 2.0278e+06 0 0 1.52105e+06 1.00013 -6.89163 0 1.0132 1.01378 506750 0.999605 6.89163 2.36835e-05 
0.16425 0.0112109 2.02775e+06 0 0 1.52104e+06 1.00015 -7.68459 0 1.0131 1.01377 506713 0.999558 7.68459 2.6306e-05 
0.1679 0.011211 2.0277e+06 0 0 1.52103e+06 1.00016 -8.54947 0 1.01299 1.01375 506675 0.999506 8.54947 2.91587e-05 
0.17155 0.0112111 2.02765e+06 0 0 1.52102e+06 1.00018 -9.48914 0 1.01286 1.01374 506634 0.99945 9.48914 3.22514e-05 
0.1752 0.0112112 2.0276e+06 0 0 1.52101e+06 1.0002 -10.5054 0 1.01274 1.01372 506590 0.999389 10.5054 3.55909e-05 
0.17885 0.0112113 2.02755e+06 0 0 1.52101e+06 1.00023 -11.5982 0 1.0126 1.0137 506544 0.999323 11.5982 3.91795e-05 
0.1825 0.0112113 2.0275e+06 0 0 1.521e+06 1.00025 -12.7652 0 1.01259 1.01368 506496 0.999253 12.7652 3.86198e-05 
0.18615 0.0112115 2.02745e+06 0 0 1.52098e+06 1.00026 -13.1556 0 1.01357 1.01367 506472 0.999229 13.1556 8.50842e-06 
0.1898 0.0112117 2.0274e+06 0 0 1.52095e+06 1.00027 -13.5767 0 1.01358 1.01366 506446 0.999204 13.5767 7.93508e-06 
0.19345 0.011212 2.02735e+06 0 0 1.52093e+06 1.00027 -14.0108 0 1.01357 1.01365 506421 0.999178 14.0108 8.1865e-06 
0.1971 0.0112122 2.0273e+06 0 0 1.52091e+06 1.00028 -14.4583 0 1.01356 1.01364 506395 0.999151 14.4583 8.44574e-06 
0.20075 0.0112124 2.02725e+06 0 0 1.52088e+06 1.00029 -14.9197 0 1.01354 1.01363 506368 0.999123 14.9197 8.71304e-06 
0.2044 0.0112126 2.0272e+06 0 0 1.52086e+06 1.0003 -15.3954 0 1.01353 1.01362 506341 0.999095 15.3954 8.98867e-06 
0.20805 0.0112128 2.02715e+06 0 0 1.52084e+06 1.00031 -15.8859 0 1.01352 1.01361 506314 0.999065 15.8859 9.27293e-06 
0.2117 0.011213 2.0271e+06 0 0 1.52081e+06 1.00032 -16.3915 0 1.0135 1.0136 506286 0.999035 16.3915 9.56613e-06 
0.21535 0.0112132 2.02705e+06 0 0 1.52079e+06 1.00033 -16.9129 0 1.01349 1.01359 506257 0.999003 16.9129 9.86859e-06 
0.219 0.0112134 2.027e+06 0 0 1.52077e+06 1.00034 -17.4504 0 1.01348 1.01358 506228 0.998971 17.4504 1.01807e-05 
0.22265 0.0112136 2.02695e+06 0 0 1.52075e+06 1.00035 -18.0047 0 1.01346 1.01357 506199 0.998937 18.0047 1.05028e-05 
0.2263 0.0112138 2.0269e+06 0 0 1.52073e+06 1.00037 -18.5763 0 1.01345 1.01355 506169 0.998903 18.5763 1.08354e-05 
0.22995 0.011214 2.02685e+06 0 0 1.52071e+06 1.00038 -19.1658 0 1.01343 1.01354 506138 0.998867 19.1658 1.1179e-05 
0.2336 0.0112141 2.0268e+06 0 0 1.52069e+06 1.00039 -19.7738 0 1.01341 1.01353 506107 0.99883 19.7738 1.15342e-05 
0.23725 0.0112143 2.02675e+06 0 0 1.52067e+06 1.0004 -20.4011 0 1.0134 1.01352 506075 0.998792 20.4011 1.19017e-05 
0.2409 0.0112145 2.0267e+06 0 0 1.52066e+06 1.00042 -21.0483 0 1.01338 1.01351 506043 0.998753 21.0483 1.22824e-05 
0.24455 0.0112147 2.02665e+06 0 0 1.52064e+06 1.00043 -21.7165 0 1.01336 1.01349 506010 0.998713 21.7165 1.26773e-05 
0.2482 0.0112149 2.0266e+06 0 0 1.52062e+06 1.00044 -22.4065 0 1.01335 1.01348 505977 0.998671 22.4065 1.30876e-05 
0.25185 0.011215 2.02655e+06 0 0 1.52061e+06 1.00046 -23.1194 0 1.01333 1.01347 505942 0.998628 23.1194 1.35151e-05 
0.2555 0.0112152 2.0265e+06 0 0 1.52059e+06 1.00047 -23.8566 0 1.01331 1.01345 505907 0.998583 23.8566 1.39616e-05 
0.25915 0.0112154 2.02645e+06 0 0 1.52058e+06 1.00049 -24.6195 0 1.01329 1.01344 505871 0.998537 24.6195 1.44298e-05 
0.2628 0.0112155 2.0264e+06 0 0 1.52056e+06 1.0005 -25.4101 0 1.01327 1.01342 505835 0.99849 25.4101 1.49231e-05 
0.26645 0.0112157 2.02635e+06 0 0 1.52055e+06 1.00052 -26.2305 0 1.01325 1.01341 505798 0.998441 26.2305 1.54457e-05 
0.2701 0.0112158 2.0263e+06 0 0 1.52054e+06 1.00054 -27.0836 0 1.01323 1.01339 505759 0.99839 27.0836 1.60032e-05 
0.27375 0.011216 2.02625e+06 0 0 1.52053e+06 1.00055 -27.9728 0 1.01321 1.01338 505720 0.998337 27.9728 1.66027e-05 
0.2774 0.0112161 2.0262e+06 0 0 1.52052e+06 1.00057 -28.9024 0 1.01319 1.01336 505680 0.998283 28.9024 1.72537e-05 
0.28105 0.0112163 2.02615e+06 0 0 1.52051e+06 1.00059 -29.8782 0 1.01317 1.01335 505639 0.998226 29.8782 1.79684e-05 
0.2847 0.0112164 2.0261e+06 0 0 1.5205e+06 1.00061 -30.9072 0 1.01314 1.01333 505597 0.998167 30.9072 1.87627e-05 
0.28835 0.0112165 2.02605e+06 0 0 1.5205e+06 1.00063 -31.9985 0 1.01311 1.01331 505553 0.998106 31.9985 1.96575e-05 
0.292 0.0112166 2.026e+06 0 0 1.52049e+06 1.00065 -33.1641 0 1.01309 1.0133 505508 0.998041 33.1641 2.06799e-05 
0.29565 0.0112167 2.02595e+06 0 0 1.52049e+06 1.00068 -34.4193 0 1.01306 1.01328 505461 0.997973 34.4193 2.18653e-05 
0.2993 0.0112168 2.0259e+06 0 0 1.52049e+06 1.0007 -35.7839 0 1.01302 1.01326 505412 0.997902 35.7839 2.32601e-05 
0.30295 0.0112169 2.02585e+06 0 0 1.52049e+06 1.00072 -37.2838 0 1.01299 1.01324 505361 0.997826 37.2838 2.49246e-05 
0.3066 0.011217 2.0258e+06 0 0 1.52049e+06 1.00075 -38.9527 0 1.01295 1.01322 505308 0.997745 38.9527 2.69375e-05 
0.31025 0.011217 2.02575e+06 0 0 1.5205e+06 1.00078 -40.8342 0 1.0129 1.01319 505251 0.997657 40.8342 2.94015e-05 
0.3139 0.011217 2.0257e+06 0 0 1.52051e+06 1.00081 -42.9855 0 1.01284 1.01317 505190 0.997562 42.9855 3.24503e-05 
0.31755 0.011217 2.02565e+06 0 0 1.52053e+06 1.00085 -45.4806 0 1.01278 1.01314 505124 0.997457 45.4806 3.62583e-05 
0.3212 0.011217 2.0256e+06 0 0 1.52055e+06 1.00089 -48.4163 0 1.0127 1.01312 505053 0.99734 48.4163 4.10523e-05 
0.32485 0.0112169 2.02555e+06 0 0 1.52058e+06 1.00093 -51.9183 0 1.01261 1.01309 504974 0.997208 51.9183 4.71277e-05 
0.3285 0.0112168 2.0255e+06 0 0 1.52061e+06 1.00098 -56.1507 0 1.0125 1.01305 504885 0.997058 56.1507 5.4869e-05 
0.33215 0.0112165 2.02545e+06 0 0 1.52067e+06 1.00104 -61.3268 0 1.01236 1.01301 504784 0.996883 61.3268 6.47759e-05 
0.3358 0.0112162 2.0254e+06 0 0 1.52073e+06 1.00111 -67.7243 0 1.01218 1.01297 504668 0.996678 67.7243 7.74983e-05 
0.33945 0.0112157 2.02535e+06 0 0 1.52082e+06 1.00119 -75.7047 0 1.01197 1.01291 504531 0.996433 75.7047 9.38806e-05 
0.3431 0.0112151 2.0253e+06 0 0 1.52093e+06 1.00129 -85.7382 0 1.01169 1.01285 504369 0.996138 85.7382 0.00011502 
0.34675 0.0112143 2.02525e+06 0 0 1.52107e+06 1.00141 -98.4365 0 1.01134 1.01277 504175 0.995778 98.4365 0.00014234 
0.3504 0.0112132 2.0252e+06 0 0 1.52126e+06 1.00156 -114.595 0 1.01089 1.01268 503937 0.995333 114.595 0.00017769 
0.35405 0.0112117 2.02515e+06 0 0 1.52151e+06 1.00174 -135.248 0 1.01031 1.01256 503644 0.99478 135.248 0.000223468 
0.3577 0.0112098 2.0251e+06 0 0 1.52182e+06 1.00197 -161.74 0 1.00957 1.01242 503280 0.994085 161.74 0.000282781 
0.36135 0.0112073 2.02505e+06 0 0 1.52223e+06 1.00226 -195.82 0 1.00862 1.01224 502824 0.993208 195.82 0.000359657 
0.365 0.011204 2.025e+06 0 0 1.52275e+06 1.00264 -239.758 0 1.00739 1.01201 502247 0.992093 239.758 0.00045931 


0 0.0112 2.03e+06 0 0 1.5225e+06 1 0 0 1.015 1.01407 507500 1 0 6.19842e-13 
0.00365 0.0112003 2.02995e+06 0 0 1.52246e+06 1 -0.000516275 0 1.01497 1.01407 507487 1 0.000516277 2.12179e-09 
0.0073 0.0112006 2.0299e+06 0 0 1.52243e+06 1 -0.00123905 0 1.01495 1.01406 507475 1 0.00123905 5.087e-09 
0.01095 0.0112008 2.02985e+06 0 0 1.52239e+06 1 -0.00222303 0 1.01492 1.01406 507462 1 0.00222303 9.11455e-09 
0.0146 0.0112011 2.0298e+06 0 0 1.52235e+06 1 -0.0035339 0 1.0149 1.01406 507450 1 0.0035339 1.44643e-08 
0.01825 0.0112014 2.02975e+06 0 0 1.52231e+06 1 -0.00524992 0 1.01487 1.01405 507437 1 0.00524992 2.14434e-08 
0.0219 0.0112017 2.0297e+06 0 0 1.52228e+06 1 -0.00746382 0 1.01485 1.01405 507425 1 0.00746382 3.04125e-08 
0.02555 0.0112019 2.02965e+06 0 0 1.52224e+06 1 -0.0102848 0 1.01482 1.01404 507412 0.999999 0.0102848 4.17931e-08 
0.0292 0.0112022 2.0296e+06 0 0 1.5222e+06 1 -0.0138406 0 1.0148 1.01404 507400 0.999999 0.0138406 5.60741e-08 
0.03285 0.0112025 2.02955e+06 0 0 1.52216e+06 1 -0.0182804 0 1.01477 1.01403 507387 0.999999 0.0182804 7.38205e-08 
0.0365 0.0112028 2.0295e+06 0 0 1.52213e+06 1 -0.0237766 0 1.01475 1.01403 507374 0.999999 0.0237766 9.56819e-08 
0.04015 0.011203 2.02945e+06 0 0 1.52209e+06 1 -0.0305288 0 1.01472 1.01402 507362 0.999998 0.0305288 1.22402e-07 
0.0438 0.0112033 2.0294e+06 0 0 1.52205e+06 1 -0.0387659 0 1.0147 1.01402 507349 0.999998 0.0387659 1.54827e-07 
0.04745 0.0112036 2.02935e+06 0 0 1.52201e+06 1 -0.04875 0 1.01467 1.01401 507336 0.999998 0.04875 1.93918e-07 
0.0511 0.0112039 2.0293e+06 0 0 1.52198e+06 1 -0.06078 0 1.01464 1.01401 507323 0.999997 0.06078 2.40764e-07 
0.05475 0.0112041 2.02925e+06 0 0 1.52194e+06 1 -0.0751953 0 1.01462 1.014 507311 0.999996 0.0751953 2.96587e-07 
0.0584 0.0112044 2.0292e+06 0 0 1.5219e+06 1 -0.09238 0 1.01459 1.014 507298 0.999995 0.09238 3.62763e-07 
0.06205 0.0112047 2.02915e+06 0 0 1.52187e+06 1 -0.112768 0 1.01456 1.01399 507285 0.999994 0.112768 4.4083e-07 
0.0657 0.0112049 2.0291e+06 0 0 1.52183e+06 1 -0.136845 0 1.01454 1.01399 507271 0.999993 0.136845 5.32502e-07 
0.06935 0.0112052 2.02905e+06 0 0 1.52179e+06 1 -0.16516 0 1.01451 1.01398 507258 0.999992 0.16516 6.39689e-07 
0.073 0.0112055 2.029e+06 0 0 1.52176e+06 1 -0.198321 0 1.01448 1.01398 507245 0.99999 0.198321 7.64506e-07 
0.07665 0.0112058 2.02895e+06 0 0 1.52172e+06 1 -0.237009 0 1.01445 1.01397 507231 0.999988 0.237009 9.09294e-07 
0.0803 0.011206 2.0289e+06 0 0 1.52168e+06 1 -0.281982 0 1.01442 1.01396 507218 0.999985 0.281982 1.07663e-06 
0.08395 0.0112063 2.02885e+06 0 0 1.52165e+06 1.00001 -0.334077 0 1.01439 1.01396 507204 0.999983 0.334077 1.26937e-06 
0.0876 0.0112066 2.0288e+06 0 0 1.52161e+06 1.00001 -0.394221 0 1.01436 1.01395 507190 0.999979 0.394221 1.49061e-06 
0.09125 0.0112068 2.02875e+06 0 0 1.52157e+06 1.00001 -0.463439 0 1.01433 1.01395 507175 0.999976 0.463439 1.74378e-06 
0.0949 0.0112071 2.0287e+06 0 0 1.52154e+06 1.00001 -0.542856 0 1.0143 1.01394 507161 0.999971 0.542856 2.0326e-06 
0.09855 0.0112073 2.02865e+06 0 0 1.5215e+06 1.00001 -0.633709 0 1.01426 1.01394 507146 0.999967 0.633709 2.36116e-06 
0.1022 0.0112076 2.0286e+06 0 0 1.52147e+06 1.00001 -0.737352 0 1.01423 1.01393 507130 0.999961 0.737352 2.73387e-06 
0.10585 0.0112078 2.02855e+06 0 0 1.52144e+06 1.00002 -0.855267 0 1.01419 1.01392 507114 0.999954 0.855267 3.15554e-06 
0.1095 0.0112081 2.0285e+06 0 0 1.5214e+06 1.00002 -0.989069 0 1.01415 1.01392 507098 0.999947 0.989069 3.63139e-06 
0.11315 0.0112083 2.02845e+06 0 0 1.52137e+06 1.00002 -1.14052 0 1.01411 1.01391 507081 0.999939 1.14052 4.16706e-06 
0.1168 0.0112086 2.0284e+06 0 0 1.52134e+06 1.00002 -1.31152 0 1.01407 1.0139 507064 0.999929 1.31152 4.76863e-06 
0.12045 0.0112088 2.02835e+06 0 0 1.5213e+06 1.00003 -1.50415 0 1.01402 1.0139 507046 0.999918 1.50415 5.44268e-06 
0.1241 0.0112091 2.0283e+06 0 0 1.52127e+06 1.00003 -1.72065 0 1.01398 1.01389 507027 0.999906 1.72065 6.19625e-06 
0.12775 0.0112093 2.02825e+06 0 0 1.52124e+06 1.00004 -1.96342 0 1.01393 1.01388 507008 0.999892 1.96342 7.03692e-06 
0.1314 0.0112095 2.0282e+06 0 0 1.52121e+06 1.00004 -2.23505 0 1.01388 1.01387 506988 0.999877 2.23505 7.97279e-06 
0.13505 0.0112097 2.02815e+06 0 0 1.52118e+06 1.00005 -2.53832 0 1.01382 1.01387 506966 0.99986 2.53832 9.01249e-06 
0.1387 0.0112099 2.0281e+06 0 0 1.52116e+06 1.00005 -2.87618 0 1.01376 1.01386 506944 0.99984 2.87618 1.01652e-05 
0.14235 0.0112102 2.02805e+06 0 0 1.52113e+06 1.00006 -3.25177 0 1.0137 1.01385 506920 0.999818 3.25177 1.14407e-05 
0.146 0.0112103 2.028e+06 0 0 1.5211e+06 1.00007 -3.66839 0 1.01363 1.01384 506896 0.999794 3.66839 1.28492e-05 
0.14965 0.0112105 2.02795e+06 0 0 1.52108e+06 1.00008 -4.12947 0 1.01356 1.01383 506869 0.999767 4.12947 1.44014e-05 
0.1533 0.0112107 2.0279e+06 0 0 1.52106e+06 1.00009 -4.63858 0 1.01348 1.01382 506842 0.999737 4.63858 1.61083e-05 
0.15695 0.0112109 2.02785e+06 0 0 1.52104e+06 1.0001 -5.19929 0 1.0134 1.01381 506812 0.999704 5.19929 1.79812e-05 
0.1606 0.011211 2.0278e+06 0 0 1.52102e+06 1.00011 -5.81519 0 1.01331 1.01379 506781 0.999668 5.81519 2.00313e-05 
0.16425 0.0112112 2.02775e+06 0 0 1.521e+06 1.00012 -6.48964 0 1.01322 1.01378 506749 0.999628 6.48964 2.22694e-05 
0.1679 0.0112113 2.0277e+06 0 0 1.52099e+06 1.00014 -7.22571 0 1.01312 1.01377 506714 0.999584 7.22571 2.47054e-05 
0.17155 0.0112114 2.02765e+06 0 0 1.52097e+06 1.00015 -8.02581 0 1.01301 1.01375 506677 0.999536 8.02581 2.73479e-05 
0.1752 0.0112115 2.0276e+06 0 0 1.52096e+06 1.00017 -8.89139 0 1.0129 1.01374 506638 0.999484 8.89139 3.02022e-05 
0.17885 0.0112116 2.02755e+06 0 0 1.52095e+06 1.00019 -9.82241 0 1.01278 1.01372 506598 0.999428 9.82241 3.327e-05 
0.1825 0.0112117 2.0275e+06 0 0 1.52094e+06 1.00021 -10.8166 0 1.01277 1.01371 506555 0.999369 10.8166 3.27889e-05 
0.18615 0.0112119 2.02745e+06 0 0 1.52092e+06 1.00022 -11.149 0 1.01361 1.0137 506532 0.999349 11.149 7.22558e-06 
0.1898 0.0112121 2.0274e+06 0 0 1.52089e+06 1.00022 -11.5074 0 1.01362 1.01369 506509 0.999327 11.5074 6.73571e-06 
0.19345 0.0112124 2.02735e+06 0 0 1.52086e+06 1.00023 -11.8769 0 1.01361 1.01368 506485 0.999305 11.8769 6.94997e-06 
0.1971 0.0112126 2.0273e+06 0 0 1.52084e+06 1.00024 -12.258 0 1.0136 1.01367 506461 0.999282 12.258 7.1709e-06 
0.20075 0.0112128 2.02725e+06 0 0 1.52081e+06 1.00025 -12.6509 0 1.01358 1.01366 506437 0.999259 12.6509 7.3987e-06 
0.2044 0.011213 2.0272e+06 0 0 1.52079e+06 1.00026 -13.056 0 1.01357 1.01365 506412 0.999234 13.056 7.63361e-06 
0.20805 0.0112132 2.02715e+06 0 0 1.52076e+06 1.00026 -13.4737 0 1.01356 1.01364 506387 0.999209 13.4737 7.87586e-06 
0.2117 0.0112135 2.0271e+06 0 0 1.52074e+06 1.00027 -13.9043 0 1.01355 1.01363 506361 0.999183 13.9043 8.1257e-06 
0.21535 0.0112137 2.02705e+06 0 0 1.52071e+06 1.00028 -14.3484 0 1.01354 1.01362 506335 0.999157 14.3484 8.38342e-06 
0.219 0.0112139 2.027e+06 0 0 1.52069e+06 1.00029 -14.8063 0 1.01352 1.01361 506309 0.999129 14.8063 8.64929e-06 
0.22265 0.0112141 2.02695e+06 0 0 1.52067e+06 1.0003 -15.2785 0 1.01351 1.0136 506282 0.999101 15.2785 8.92365e-06 
0.2263 0.0112143 2.0269e+06 0 0 1.52065e+06 1.00031 -15.7654 0 1.0135 1.01359 506254 0.999071 15.7654 9.20684e-06 
0.22995 0.0112145 2.02685e+06 0 0 1.52062e+06 1.00032 -16.2676 0 1.01348 1.01358 506227 0.999041 16.2676 9.49927e-06 
0.2336 0.0112147 2.0268e+06 0 0 1.5206e+06 1.00033 -16.7855 0 1.01347 1.01357 506198 0.99901 16.7855 9.80139e-06 
0.23725 0.0112149 2.02675e+06 0 0 1.52058e+06 1.00034 -17.3198 0 1.01345 1.01355 506169 0.998978 17.3198 1.01137e-05 
0.2409 0.0112151 2.0267e+06 0 0 1.52056e+06 1.00035 -17.871 0 1.01344 1.01354 506140 0.998944 17.871 1.04369e-05 
0.24455 0.0112153 2.02665e+06 0 0 1.52054e+06 1.00036 -18.4399 0 1.01342 1.01353 506110 0.99891 18.4399 1.07717e-05 
0.2482 0.0112155 2.0266e+06 0 0 1.52052e+06 1.00038 -19.0271 0 1.01341 1.01352 506080 0.998875 19.0271 1.1119e-05 
0.25185 0.0112156 2.02655e+06 0 0 1.5205e+06 1.00039 -19.6336 0 1.01339 1.01351 506049 0.998838 19.6336 1.14799e-05 
0.2555 0.0112158 2.0265e+06 0 0 1.52048e+06 1.0004 -20.2603 0 1.01338 1.0135 506017 0.9988 20.2603 1.18559e-05 
0.25915 0.011216 2.02645e+06 0 0 1.52046e+06 1.00041 -20.9084 0 1.01336 1.01348 505985 0.998761 20.9084 1.22487e-05 
0.2628 0.0112162 2.0264e+06 0 0 1.52045e+06 1.00043 -21.5792 0 1.01334 1.01347 505952 0.998721 21.5792 1.26605e-05 
0.26645 0.0112164 2.02635e+06 0 0 1.52043e+06 1.00044 -22.2743 0 1.01332 1.01346 505918 0.998679 22.2743 1.30944e-05 
0.2701 0.0112165 2.0263e+06 0 0 1.52042e+06 1.00045 -22.9957 0 1.01331 1.01344 505884 0.998636 22.9957 1.3554e-05 
0.27375 0.0112167 2.02625e+06 0 0 1.5204e+06 1.00047 -23.7458 0 1.01329 1.01343 505849 0.998592 23.7458 1.40442e-05 
0.2774 0.0112169 2.0262e+06 0 0 1.52039e+06 1.00048 -24.5277 0 1.01327 1.01342 505813 0.998546 24.5277 1.45713e-05 
0.28105 0.011217 2.02615e+06 0 0 1.52037e+06 1.0005 -25.3452 0 1.01325 1.0134 505776 0.998498 25.3452 1.51433e-05 
0.2847 0.0112172 2.0261e+06 0 0 1.52036e+06 1.00052 -26.2032 0 1.01323 1.01339 505739 0.998448 26.2032 1.5771e-05 
0.28835 0.0112173 2.02605e+06 0 0 1.52035e+06 1.00053 -27.1078 0 1.0132 1.01337 505700 0.998396 27.1078 1.64682e-05 
0.292 0.0112175 2.026e+06 0 0 1.52034e+06 1.00055 -28.0672 0 1.01318 1.01336 505660 0.998342 28.0672 1.72529e-05 
0.29565 0.0112176 2.02595e+06 0 0 1.52033e+06 1.00057 -29.0915 0 1.01316 1.01334 505619 0.998285 29.0915 1.81486e-05 
0.2993 0.0112177 2.0259e+06 0 0 1.52032e+06 1.00059 -30.194 0 1.01313 1.01332 505576 0.998226 30.194 1.9186e-05 
0.30295 0.0112178 2.02585e+06 0 0 1.52032e+06 1.00061 -31.3921 0 1.0131 1.0133 505532 0.998163 31.3921 2.04052e-05 
0.3066 0.011218 2.0258e+06 0 0 1.52031e+06 1.00063 -32.7081 0 1.01307 1.01329 505486 0.998097 32.7081 2.18582e-05 
0.31025 0.011218 2.02575e+06 0 0 1.52031e+06 1.00066 -34.1712 0 1.01303 1.01327 505437 0.998025 34.1712 2.36132e-05 
0.3139 0.0112181 2.0257e+06 0 0 1.52031e+06 1.00068 -35.8192 0 1.01299 1.01325 505386 0.997949 35.8192 2.57587e-05 
0.31755 0.0112182 2.02565e+06 0 0 1.52032e+06 1.00071 -37.7013 0 1.01294 1.01323 505331 0.997865 37.7013 2.84102e-05 
0.3212 0.0112182 2.0256e+06 0 0 1.52033e+06 1.00074 -39.8818 0 1.01288 1.0132 505272 0.997773 39.8818 3.17181e-05 
0.32485 0.0112182 2.02555e+06 0 0 1.52034e+06 1.00078 -42.4439 0 1.01282 1.01318 505208 0.997671 42.4439 3.58781e-05 
0.3285 0.0112182 2.0255e+06 0 0 1.52036e+06 1.00081 -45.4966 0 1.01274 1.01315 505137 0.997556 45.4966 4.11447e-05 
0.33215 0.0112181 2.02545e+06 0 0 1.52039e+06 1.00086 -49.181 0 1.01264 1.01312 505058 0.997425 49.181 4.78494e-05 
0.3358 0.0112179 2.0254e+06 0 0 1.52043e+06 1.00091 -53.6813 0 1.01252 1.01308 504969 0.997272 53.6813 5.64229e-05 
0.33945 0.0112177 2.02535e+06 0 0 1.52048e+06 1.00097 -59.2369 0 1.01236 1.01304 504866 0.997094 59.2369 6.74249e-05 
0.3431 0.0112173 2.0253e+06 0 0 1.52055e+06 1.00104 -66.1594 0 1.01217 1.013 504746 0.996881 66.1594 8.15831e-05 
0.34675 0.0112168 2.02525e+06 0 0 1.52065e+06 1.00113 -74.8538 0 1.01193 1.01294 504603 0.996625 74.8538 9.98421e-05 
0.3504 0.0112161 2.0252e+06 0 0 1.52077e+06 1.00123 -85.847 0 1.01163 1.01287 504433 0.996312 85.847 0.000123429 
0.35405 0.0112152 2.02515e+06 0 0 1.52092e+06 1.00136 -99.824 0 1.01124 1.01279 504225 0.995927 99.824 0.000153935 
0.3577 0.011214 2.0251e+06 0 0 1.52113e+06 1.00152 -117.675 0 1.01074 1.01269 503970 0.995447 117.675 0.000193427 
0.36135 0.0112123 2.02505e+06 0 0 1.5214e+06 1.00172 -140.558 0 1.0101 1.01257 503653 0.994846 140.558 0.000244581 
0.365 0.0112102 2.025e+06 0 0 1.52174e+06 1.00197 -169.976 0 1.00928 1.01241 503257 0.994088 169.976 0.000310866 


0 0.0112 2.03e+06 0 0 1.5225e+06 1 0 0 1.015 1.01407 507500 1 0 4.15721e-13 
0.00365 0.0112003 2.02995e+06 0 0 1.52246e+06 1 -0.000421594 0 1.01497 1.01407 507487 1 0.000421595 1.72834e-09 
0.0073 0.0112006 2.0299e+06 0 0 1.52243e+06 1 -0.00101192 0 1.01495 1.01406 507475 1 0.00101192 4.1445e-09 
0.01095 0.0112008 2.02985e+06 0 0 1.52239e+06 1 -0.00181583 0 1.01492 1.01406 507462 1 0.00181583 7.42773e-09 
0.0146 0.0112011 2.0298e+06 0 0 1.52235e+06 1 -0.00288724 0 1.0149 1.01406 507450 1 0.00288724 1.17912e-08 
0.01825 0.0112014 2.02975e+06 0 0 1.52231e+06 1 -0.00429049 0 1.01487 1.01405 507437 1 0.00429049 1.74875e-08 
0.0219 0.0112017 2.0297e+06 0 0 1.52228e+06 1 -0.00610189 0 1.01485 1.01405 507425 1 0.00610189 2.48135e-08 
0.02555 0.0112019 2.02965e+06 0 0 1.52224e+06 1 -0.00841144 0 1.01482 1.01404 507412 1 0.00841144 3.41167e-08 
0.0292 0.0112022 2.0296e+06 0 0 1.5222e+06 1 -0.0113247 0 1.0148 1.01404 507400 0.999999 0.0113247 4.58011e-08 
0.03285 0.0112025 2.02955e+06 0 0 1.52216e+06 1 -0.0149647 0 1.01477 1.01403 507387 0.999999 0.0149648 6.03344e-08 
0.0365 0.0112028 2.0295e+06 0 0 1.52213e+06 1 -0.0194746 0 1.01475 1.01403 507374 0.999999 0.0194746 7.8255e-08 
0.04015 0.011203 2.02945e+06 0 0 1.52209e+06 1 -0.0250196 0 1.01472 1.01402 507362 0.999999 0.0250196 1.0018e-07 
0.0438 0.0112033 2.0294e+06 0 0 1.52205e+06 1 -0.0317898 0 1.0147 1.01402 507349 0.999998 0.0317898 1.26815e-07 
0.04745 0.0112036 2.02935e+06 0 0 1.52201e+06 1 -0.0400034 0 1.01467 1.01401 507336 0.999998 0.0400034 1.58961e-07 
0.0511 0.0112039 2.0293e+06 0 0 1.52198e+06 1 -0.0499093 0 1.01464 1.01401 507324 0.999997 0.0499093 1.97525e-07 
0.05475 0.0112041 2.02925e+06 0 0 1.52194e+06 1 -0.0617906 0 1.01462 1.014 507311 0.999997 0.0617906 2.43531e-07 
0.0584 0.0112044 2.0292e+06 0 0 1.5219e+06 1 -0.0759684 0 1.01459 1.014 507298 0.999996 0.0759685 2.98133e-07 
0.06205 0.0112047 2.02915e+06 0 0 1.52186e+06 1 -0.0928056 0 1.01457 1.01399 507285 0.999995 0.0928056 3.62619e-07 
0.0657 0.0112049 2.0291e+06 0 0 1.52183e+06 1 -0.112711 0 1.01454 1.01399 507272 0.999994 0.112711 4.38435e-07 
0.06935 0.0112052 2.02905e+06 0 0 1.52179e+06 1 -0.136142 0 1.01451 1.01398 507259 0.999993 0.136142 5.27186e-07 
0.073 0.0112055 2.029e+06 0 0 1.52175e+06 1 -0.163614 0 1.01448 1.01398 507246 0.999992 0.163614 6.3066e-07 
0.07665 0.0112058 2.02895e+06 0 0 1.52172e+06 1 -0.195698 0 1.01446 1.01397 507232 0.99999 0.195698 7.50835e-07 
0.0803 0.011206 2.0289e+06 0 0 1.52168e+06 1 -0.233035 0 1.01443 1.01397 507219 0.999988 0.233035 8.89897e-07 
0.08395 0.0112063 2.02885e+06 0 0 1.52164e+06 1 -0.276331 0 1.0144 1.01396 507205 0.999986 0.276331 1.05026e-06 
0.0876 0.0112066 2.0288e+06 0 0 1.52161e+06 1.00001 -0.326373 0 1.01437 1.01395 507191 0.999983 0.326373 1.23456e-06 
0.09125 0.0112068 2.02875e+06 0 0 1.52157e+06 1.00001 -0.384027 0 1.01434 1.01395 507177 0.99998 0.384027 1.44573e-06 
0.0949 0.0112071 2.0287e+06 0 0 1.52154e+06 1.00001 -0.45025 0 1.0143 1.01394 507163 0.999976 0.45025 1.68693e-06 
0.09855 0.0112074 2.02865e+06 0 0 1.5215e+06 1.00001 -0.526093 0 1.01427 1.01394 507148 0.999972 0.526093 1.96164e-06 
0.1022 0.0112076 2.0286e+06 0 0 1.52147e+06 1.00001 -0.61271 0 1.01424 1.01393 507134 0.999968 0.61271 2.27366e-06 
0.10585 0.0112079 2.02855e+06 0 0 1.52143e+06 1.00001 -0.711363 0 1.0142 1.01393 507118 0.999962 0.711363 2.62711e-06 
0.1095 0.0112081 2.0285e+06 0 0 1.5214e+06 1.00001 -0.823435 0 1.01417 1.01392 507103 0.999956 0.823435 3.02646e-06 
0.11315 0.0112084 2.02845e+06 0 0 1.52136e+06 1.00002 -0.950428 0 1.01413 1.01391 507087 0.999949 0.950428 3.47655e-06 
0.1168 0.0112086 2.0284e+06 0 0 1.52133e+06 1.00002 -1.09398 0 1.01409 1.01391 507070 0.999941 1.09398 3.98264e-06 
0.12045 0.0112089 2.02835e+06 0 0 1.5213e+06 1.00002 -1.25586 0 1.01405 1.0139 507053 0.999932 1.25586 4.55038e-06 
0.1241 0.0112091 2.0283e+06 0 0 1.52126e+06 1.00003 -1.438 0 1.01401 1.01389 507035 0.999922 1.438 5.18586e-06 
0.12775 0.0112094 2.02825e+06 0 0 1.52123e+06 1.00003 -1.64246 0 1.01396 1.01389 507017 0.99991 1.64246 5.89563e-06 
0.1314 0.0112096 2.0282e+06 0 0 1.5212e+06 1.00003 -1.87147 0 1.01391 1.01388 506998 0.999897 1.87147 6.68669e-06 
0.13505 0.0112098 2.02815e+06 0 0 1.52117e+06 1.00004 -2.12743 0 1.01386 1.01387 506978 0.999882 2.12743 7.56652e-06 
0.1387 0.01121 2.0281e+06 0 0 1.52114e+06 1.00004 -2.41287 0 1.01381 1.01386 506957 0.999866 2.41287 8.5431e-06 
0.14235 0.0112103 2.02805e+06 0 0 1.52111e+06 1.00005 -2.7305 0 1.01375 1.01385 506935 0.999848 2.7305 9.62484e-06 
0.146 0.0112105 2.028e+06 0 0 1.52109e+06 1.00006 -3.08317 0 1.01369 1.01385 506912 0.999827 3.08317 1.08206e-05 
0.14965 0.0112107 2.02795e+06 0 0 1.52106e+06 1.00007 -3.47385 0 1.01363 1.01384 506888 0.999805 3.47385 1.21397e-05 
0.1533 0.0112108 2.0279e+06 0 0 1.52104e+06 1.00007 -3.90559 0 1.01356 1.01383 506863 0.999779 3.90559 1.35917e-05 
0.15695 0.011211 2.02785e+06 0 0 1.52101e+06 1.00008 -4.38149 0 1.01348 1.01382 506836 0.999751 4.38149 1.51863e-05 
0.1606 0.0112112 2.0278e+06 0 0 1.52099e+06 1.00009 -4.90462 0 1.01341 1.0138 506808 0.99972 4.90462 1.69331e-05 
0.16425 0.0112114 2.02775e+06 0 0 1.52097e+06 1.0001 -5.47788 0 1.01332 1.01379 506778 0.999686 5.47788 1.88416e-05 
0.1679 0.0112115 2.0277e+06 0 0 1.52095e+06 1.00012 -6.10388 0 1.01323 1.01378 506747 0.999649 6.10388 2.09203e-05 
0.17155 0.0112117 2.02765e+06 0 0 1.52094e+06 1.00013 -6.78466 0 1.01314 1.01377 506714 0.999609 6.78466 2.31761e-05 
0.1752 0.0112118 2.0276e+06 0 0 1.52092e+06 1.00015 -7.52142 0 1.01304 1.01375 506679 0.999565 7.52142 2.56138e-05 
0.17885 0.0112119 2.02755e+06 0 0 1.52091e+06 1.00016 -8.31401 0 1.01293 1.01374 506643 0.999517 8.31401 2.82342e-05 
0.1825 0.011212 2.0275e+06 0 0 1.5209e+06 1.00018 -9.16035 0 1.01292 1.01373 506605 0.999467 9.16035 2.78212e-05 
0.18615 0.0112123 2.02745e+06 0 0 1.52087e+06 1.00018 -9.44311 0 1.01364 1.01372 506584 0.99945 9.44311 6.13271e-06 
0.1898 0.0112125 2.0274e+06 0 0 1.52084e+06 1.00019 -9.748 0 1.01365 1.01371 506562 0.999432 9.748 5.71444e-06 
0.19345 0.0112127 2.02735e+06 0 0 1.52081e+06 1.0002 -10.0624 0 1.01364 1.0137 506540 0.999413 10.0624 5.89695e-06 
0.1971 0.0112129 2.0273e+06 0 0 1.52078e+06 1.0002 -10.3866 0 1.01363 1.01369 506518 0.999394 10.3866 6.08514e-06 
0.20075 0.0112132 2.02725e+06 0 0 1.52075e+06 1.00021 -10.721 0 1.01362 1.01368 506495 0.999374 10.721 6.27919e-06 
0.2044 0.0112134 2.0272e+06 0 0 1.52073e+06 1.00022 -11.0658 0 1.01361 1.01367 506472 0.999353 11.0658 6.4793e-06 
0.20805 0.0112136 2.02715e+06 0 0 1.5207e+06 1.00022 -11.4213 0 1.0136 1.01366 506449 0.999332 11.4213 6.68567e-06 
0.2117 0.0112138 2.0271e+06 0 0 1.52067e+06 1.00023 -11.7879 0 1.01359 1.01365 506425 0.99931 11.7879 6.8985e-06 
0.21535 0.0112141 2.02705e+06 0 0 1.52065e+06 1.00024 -12.166 0 1.01357 1.01365 506401 0.999287 12.166 7.11802e-06 
0.219 0.0112143 2.027e+06 0 0 1.52062e+06 1.00025 -12.5558 0 1.01356 1.01364 506377 0.999264 12.5558 7.34447e-06 
0.22265 0.0112145 2.02695e+06 0 0 1.5206e+06 1.00025 -12.9578 0 1.01355 1.01363 506352 0.999239 12.9578 7.5781e-06 
0.2263 0.0112147 2.0269e+06 0 0 1.52057e+06 1.00026 -13.3724 0 1.01354 1.01362 506327 0.999215 13.3724 7.81921e-06 
0.22995 0.0112149 2.02685e+06 0 0 1.52055e+06 1.00027 -13.8 0 1.01353 1.01361 506301 0.999189 13.8 8.0681e-06 
0.2336 0.0112151 2.0268e+06 0 0 1.52052e+06 1.00028 -14.241 0 1.01351 1.0136 506275 0.999162 14.241 8.32512e-06 
0.23725 0.0112154 2.02675e+06 0 0 1.5205e+06 1.00029 -14.6959 0 1.0135 1.01359 506249 0.999135 14.6959 8.59068e-06 
0.2409 0.0112156 2.0267e+06 0 0 1.52048e+06 1.0003 -15.1652 0 1.01349 1.01358 506222 0.999107 15.1652 8.86524e-06 
0.24455 0.0112158 2.02665e+06 0 0 1.52045e+06 1.00031 -15.6494 0 1.01347 1.01356 506195 0.999078 15.6494 9.14935e-06 
0.2482 0.011216 2.0266e+06 0 0 1.52043e+06 1.00032 -16.1491 0 1.01346 1.01355 506167 0.999048 16.1491 9.44367e-06 
0.25185 0.0112162 2.02655e+06 0 0 1.52041e+06 1.00033 -16.6651 0 1.01344 1.01354 506139 0.999016 16.6651 9.74901e-06 
0.2555 0.0112164 2.0265e+06 0 0 1.52039e+06 1.00034 -17.198 0 1.01343 1.01353 506110 0.998984 17.198 1.00664e-05 
0.25915 0.0112166 2.02645e+06 0 0 1.52037e+06 1.00035 -17.7487 0 1.01342 1.01352 506081 0.998951 17.7487 1.0397e-05 
0.2628 0.0112168 2.0264e+06 0 0 1.52035e+06 1.00036 -18.3183 0 1.0134 1.01351 506051 0.998917 18.3183 1.07423e-05 
0.26645 0.011217 2.02635e+06 0 0 1.52033e+06 1.00037 -18.9078 0 1.01338 1.0135 506021 0.998882 18.9078 1.11045e-05 
0.2701 0.0112171 2.0263e+06 0 0 1.52031e+06 1.00038 -19.5187 0 1.01337 1.01348 505990 0.998845 19.5187 1.1486e-05 
0.27375 0.0112173 2.02625e+06 0 0 1.52029e+06 1.0004 -20.1528 0 1.01335 1.01347 505958 0.998808 20.1528 1.18901e-05 
0.2774 0.0112175 2.0262e+06 0 0 1.52027e+06 1.00041 -20.8122 0 1.01334 1.01346 505926 0.998768 20.8122 1.2321e-05 
0.28105 0.0112177 2.02615e+06 0 0 1.52026e+06 1.00042 -21.4995 0 1.01332 1.01345 505893 0.998728 21.4995 1.27841e-05 
0.2847 0.0112179 2.0261e+06 0 0 1.52024e+06 1.00044 -22.2181 0 1.0133 1.01343 505859 0.998686 22.2181 1.32866e-05 
0.28835 0.011218 2.02605e+06 0 0 1.52022e+06 1.00045 -22.9722 0 1.01328 1.01342 505825 0.998642 22.9722 1.38376e-05 
0.292 0.0112182 2.026e+06 0 0 1.52021e+06 1.00047 -23.7672 0 1.01326 1.01341 505789 0.998597 23.7672 1.44492e-05 
0.29565 0.0112183 2.02595e+06 0 0 1.5202e+06 1.00048 -24.6101 0 1.01324 1.01339 505753 0.998549 24.6101 1.5137e-05 
0.2993 0.0112185 2.0259e+06 0 0 1.52018e+06 1.0005 -25.5098 0 1.01322 1.01338 505715 0.9985 25.5098 1.59213e-05 
0.30295 0.0112186 2.02585e+06 0 0 1.52017e+06 1.00052 -26.4779 0 1.01319 1.01336 505676 0.998448 26.4779 1.68287e-05 
0.3066 0.0112188 2.0258e+06 0 0 1.52016e+06 1.00054 -27.5294 0 1.01317 1.01335 505636 0.998393 27.5294 1.78938e-05 
0.31025 0.0112189 2.02575e+06 0 0 1.52016e+06 1.00056 -28.6835 0 1.01314 1.01333 505594 0.998334 28.6835 1.91617e-05 
0.3139 0.011219 2.0257e+06 0 0 1.52015e+06 1.00058 -29.9656 0 1.0131 1.01331 505550 0.998272 29.9656 2.0691e-05 
0.31755 0.0112191 2.02565e+06 0 0 1.52015e+06 1.0006 -31.4083 0 1.01307 1.01329 505503 0.998205 31.4083 2.25584e-05 
0.3212 0.0112192 2.0256e+06 0 0 1.52015e+06 1.00062 -33.0542 0 1.01302 1.01327 505454 0.998131 33.0542 2.48633e-05 
0.32485 0.0112193 2.02555e+06 0 0 1.52015e+06 1.00065 -34.9588 0 1.01297 1.01325 505401 0.998051 34.9588 2.77355e-05 
0.3285 0.0112193 2.0255e+06 0 0 1.52016e+06 1.00068 -37.1941 0 1.01291 1.01323 505343 0.997962 37.1941 3.13437e-05 
0.33215 0.0112193 2.02545e+06 0 0 1.52017e+06 1.00071 -39.8538 0 1.01284 1.01321 505279 0.997861 39.8538 3.59074e-05 
0.3358 0.0112192 2.0254e+06 0 0 1.52019e+06 1.00075 -43.06 0 1.01276 1.01318 505209 0.997747 43.06 4.1712e-05 
0.33945 0.0112191 2.02535e+06 0 0 1.52022e+06 1.0008 -46.9712 0 1.01265 1.01315 505129 0.997614 46.9712 4.91288e-05 
0.3431 0.011219 2.0253e+06 0 0 1.52026e+06 1.00085 -51.794 0 1.01252 1.01311 505038 0.997458 51.794 5.86398e-05 
0.34675 0.0112187 2.02525e+06 0 0 1.52032e+06 1.00091 -57.7966 0 1.01236 1.01307 504932 0.997273 57.7966 7.08718e-05 
0.3504 0.0112183 2.0252e+06 0 0 1.52039e+06 1.00098 -65.3281 0 1.01215 1.01302 504807 0.997051 65.3281 8.66382e-05 
0.35405 0.0112177 2.02515e+06 0 0 1.52049e+06 1.00107 -74.8423 0 1.01188 1.01296 504657 0.99678 74.8423 0.000106995 
0.3577 0.011217 2.0251e+06 0 0 1.52062e+06 1.00118 -86.9287 0 1.01155 1.01289 504475 0.996446 86.9287 0.000133314 
0.36135 0.0112159 2.02505e+06 0 0 1.5208e+06 1.00132 -102.354 0 1.01112 1.0128 504253 0.996031 102.354 0.000167373 
0.365 0.0112146 2.025e+06 0 0 1.52102e+06 1.0015 -122.114 0 1.01057 1.01269 503977 0.995511 122.114 0.000211478 


0 0.0112 2.03e+06 0 0 1.5225e+06 1 0 0 1.015 1.01407 507500 1 0 2.78852e-13 
0.00365 0.0112003 2.02995e+06 0 0 1.52246e+06 1 -0.000344402 0 1.01497 1.01407 507487 1 0.000344404 1.40852e-09 
0.0073 0.0112006 2.0299e+06 0 0 1.52243e+06 1 -0.000826725 0 1.01495 1.01406 507475 1 0.000826724 3.37818e-09 
0.01095 0.0112008 2.02985e+06 0 0 1.52239e+06 1 -0.00148375 0 1.01492 1.01406 507462 1 0.00148375 6.05578e-09 
0.0146 0.0112011 2.0298e+06 0 0 1.52235e+06 1 -0.00235973 0 1.0149 1.01406 507450 1 0.00235973 9.61629e-09 
0.01825 0.0112014 2.02975e+06 0 0 1.52231e+06 1 -0.00350756 0 1.01487 1.01405 507437 1 0.00350757 1.42672e-08 
0.0219 0.0112017 2.0297e+06 0 0 1.52228e+06 1 -0.00499007 0 1.01485 1.01405 507425 1 0.00499008 2.02531e-08 
0.02555 0.0112019 2.02965e+06 0 0 1.52224e+06 1 -0.00688144 0 1.01482 1.01404 507412 1 0.00688144 2.78604e-08 
0.0292 0.0112022 2.0296e+06 0 0 1.5222e+06 1 -0.00926877 0 1.0148 1.01404 507400 1 0.00926878 3.74229e-08 
0.03285 0.0112025 2.02955e+06 0 0 1.52216e+06 1 -0.0122539 0 1.01477 1.01403 507387 0.999999 0.0122539 4.93275e-08 
0.0365 0.0112028 2.0295e+06 0 0 1.52213e+06 1 -0.0159551 0 1.01475 1.01403 507375 0.999999 0.0159551 6.40206e-08 
0.04015 0.011203 2.02945e+06 0 0 1.52209e+06 1 -0.0205094 0 1.01472 1.01402 507362 0.999999 0.0205094 8.20147e-08 
0.0438 0.0112033 2.0294e+06 0 0 1.52205e+06 1 -0.0260748 0 1.0147 1.01402 507349 0.999999 0.0260748 1.03896e-07 
0.04745 0.0112036 2.02935e+06 0 0 1.52201e+06 1 -0.0328325 0 1.01467 1.01401 507337 0.999998 0.0328325 1.30332e-07 
0.0511 0.0112039 2.0293e+06 0 0 1.52198e+06 1 -0.0409899 0 1.01465 1.01401 507324 0.999998 0.0409899 1.62081e-07 
0.05475 0.0112041 2.02925e+06 0 0 1.52194e+06 1 -0.0507832 0 1.01462 1.014 507311 0.999997 0.0507832 1.99998e-07 
0.0584 0.0112044 2.0292e+06 0 0 1.5219e+06 1 -0.0624806 0 1.01459 1.014 507298 0.999997 0.0624806 2.45048e-07 
0.06205 0.0112047 2.02915e+06 0 0 1.52186e+06 1 -0.0763855 0 1.01457 1.01399 507286 0.999996 0.0763855 2.98315e-07 
0.0657 0.011205 2.0291e+06 0 0 1.52183e+06 1 -0.0928403 0 1.01454 1.01399 507273 0.999995 0.0928403 3.61011e-07 
0.06935 0.0112052 2.02905e+06 0 0 1.52179e+06 1 -0.11223 0 1.01451 1.01398 507260 0.999994 0.11223 4.3449e-07 
0.073 0.0112055 2.029e+06 0 0 1.52175e+06 1 -0.134986 0 1.01449 1.01398 507246 0.999993 0.134986 5.20257e-07 
0.07665 0.0112058 2.02895e+06 0 0 1.52172e+06 1 -0.161591 0 1.01446 1.01397 507233 0.999992 0.161591 6.19986e-07 
0.0803 0.011206 2.0289e+06 0 0 1.52168e+06 1 -0.192584 0 1.01443 1.01397 507220 0.99999 0.192584 7.35525e-07 
0.08395 0.0112063 2.02885e+06 0 0 1.52164e+06 1 -0.228562 0 1.0144 1.01396 507206 0.999988 0.228562 8.68918e-07 
0.0876 0.0112066 2.0288e+06 0 0 1.52161e+06 1 -0.270189 0 1.01437 1.01395 507193 0.999986 0.270189 1.02242e-06 
0.09125 0.0112068 2.02875e+06 0 0 1.52157e+06 1.00001 -0.318201 0 1.01434 1.01395 507179 0.999983 0.318201 1.19849e-06 
0.0949 0.0112071 2.0287e+06 0 0 1.52153e+06 1.00001 -0.373408 0 1.01431 1.01394 507165 0.99998 0.373408 1.39986e-06 
0.09855 0.0112074 2.02865e+06 0 0 1.5215e+06 1.00001 -0.436704 0 1.01428 1.01394 507151 0.999977 0.436704 1.62948e-06 
0.1022 0.0112076 2.0286e+06 0 0 1.52146e+06 1.00001 -0.50907 0 1.01425 1.01393 507136 0.999973 0.50907 1.89059e-06 
0.10585 0.0112079 2.02855e+06 0 0 1.52143e+06 1.00001 -0.591583 0 1.01422 1.01393 507122 0.999969 0.591583 2.18673e-06 
0.1095 0.0112082 2.0285e+06 0 0 1.52139e+06 1.00001 -0.68542 0 1.01418 1.01392 507106 0.999963 0.68542 2.52173e-06 
0.11315 0.0112084 2.02845e+06 0 0 1.52136e+06 1.00001 -0.791867 0 1.01415 1.01392 507091 0.999958 0.791867 2.89975e-06 
0.1168 0.0112087 2.0284e+06 0 0 1.52132e+06 1.00002 -0.912323 0 1.01411 1.01391 507075 0.999951 0.912323 3.32531e-06 
0.12045 0.0112089 2.02835e+06 0 0 1.52129e+06 1.00002 -1.04831 0 1.01407 1.0139 507059 0.999943 1.04831 3.80327e-06 
0.1241 0.0112092 2.0283e+06 0 0 1.52126e+06 1.00002 -1.20147 0 1.01403 1.0139 507042 0.999935 1.20147 4.33888e-06 
0.12775 0.0112094 2.02825e+06 0 0 1.52123e+06 1.00003 -1.37359 0 1.01399 1.01389 507024 0.999925 1.37359 4.93779e-06 
0.1314 0.0112096 2.0282e+06 0 0 1.52119e+06 1.00003 -1.56658 0 1.01394 1.01388 507006 0.999914 1.56658 5.60605e-06 
0.13505 0.0112099 2.02815e+06 0 0 1.52116e+06 1.00003 -1.78249 0 1.0139 1.01387 506988 0.999902 1.78249 6.35014e-06 
0.1387 0.0112101 2.0281e+06 0 0 1.52113e+06 1.00004 -2.02352 0 1.01385 1.01387 506968 0.999888 2.02352 7.17695e-06 
0.14235 0.0112103 2.02805e+06 0 0 1.5211e+06 1.00004 -2.29199 0 1.01379 1.01386 506948 0.999872 2.29199 8.09378e-06 
0.146 0.0112106 2.028e+06 0 0 1.52107e+06 1.00005 -2.59036 0 1.01374 1.01385 506927 0.999855 2.59036 9.10829e-06 
0.14965 0.0112108 2.02795e+06 0 0 1.52105e+06 1.00005 -2.92118 0 1.01368 1.01384 506904 0.999836 2.92118 1.02285e-05 
0.1533 0.011211 2.0279e+06 0 0 1.52102e+06 1.00006 -3.28709 0 1.01362 1.01383 506881 0.999815 3.28709 1.14628e-05 
0.15695 0.0112112 2.02785e+06 0 0 1.52099e+06 1.00007 -3.69075 0 1.01355 1.01382 506856 0.999791 3.69075 1.28194e-05 
0.1606 0.0112114 2.0278e+06 0 0 1.52097e+06 1.00008 -4.1348 0 1.01348 1.01381 506831 0.999765 4.1348 1.43068e-05 
0.16425 0.0112115 2.02775e+06 0 0 1.52095e+06 1.00009 -4.62172 0 1.01341 1.0138 506804 0.999736 4.62172 1.5933e-05 
0.1679 0.0112117 2.0277e+06 0 0 1.52092e+06 1.0001 -5.15375 0 1.01333 1.01379 506775 0.999704 5.15375 1.77052e-05 
0.17155 0.0112119 2.02765e+06 0 0 1.5209e+06 1.00011 -5.73261 0 1.01325 1.01378 506745 0.99967 5.73261 1.96295e-05 
0.1752 0.011212 2.0276e+06 0 0 1.52089e+06 1.00012 -6.35927 0 1.01316 1.01377 506714 0.999633 6.35927 2.17097e-05 
0.17885 0.0112122 2.02755e+06 0 0 1.52087e+06 1.00014 -7.03355 0 1.01306 1.01375 506681 0.999593 7.03355 2.39462e-05 
0.1825 0.0112123 2.0275e+06 0 0 1.52085e+06 1.00015 -7.75355 0 1.01305 1.01374 506647 0.99955 7.75355 2.35922e-05 
0.18615 0.0112125 2.02745e+06 0 0 1.52082e+06 1.00015 -7.99394 0 1.01367 1.01373 506627 0.999535 7.99394 5.20228e-06 
0.1898 0.0112128 2.0274e+06 0 0 1.52079e+06 1.00016 -8.25315 0 1.01368 1.01373 506607 0.99952 8.25315 4.84537e-06 
0.19345 0.011213 2.02735e+06 0 0 1.52076e+06 1.00017 -8.52048 0 1.01367 1.01372 506586 0.999504 8.52048 5.00075e-06 
0.1971 0.0112133 2.0273e+06 0 0 1.52073e+06 1.00017 -8.7962 0 1.01366 1.01371 506565 0.999488 8.7962 5.16097e-06 
0.20075 0.0112135 2.02725e+06 0 0 1.52071e+06 1.00018 -9.08056 0 1.01365 1.0137 506544 0.999471 9.08056 5.3262e-06 
0.2044 0.0112137 2.0272e+06 0 0 1.52068e+06 1.00018 -9.37382 0 1.01364 1.01369 506523 0.999453 9.37382 5.49659e-06 
0.20805 0.011214 2.02715e+06 0 0 1.52065e+06 1.00019 -9.67626 0 1.01363 1.01368 506501 0.999435 9.67626 5.67232e-06 
0.2117 0.0112142 2.0271e+06 0 0 1.52062e+06 1.00019 -9.98817 0 1.01362 1.01368 506479 0.999417 9.98817 5.85355e-06 
0.21535 0.0112144 2.02705e+06 0 0 1.52059e+06 1.0002 -10.3098 0 1.01361 1.01367 506457 0.999397 10.3098 6.04047e-06 
0.219 0.0112146 2.027e+06 0 0 1.52057e+06 1.00021 -10.6416 0 1.0136 1.01366 506435 0.999378 10.6416 6.23328e-06 
0.22265 0.0112149 2.02695e+06 0 0 1.52054e+06 1.00021 -10.9837 0 1.01358 1.01365 506412 0.999357 10.9837 6.43218e-06 
0.2263 0.0112151 2.0269e+06 0 0 1.52051e+06 1.00022 -11.3365 0 1.01357 1.01364 506388 0.999336 11.3365 6.63742e-06 
0.22995 0.0112153 2.02685e+06 0 0 1.52048e+06 1.00023 -11.7004 0 1.01356 1.01363 506365 0.999314 11.7004 6.84923e-06 
0.2336 0.0112155 2.0268e+06 0 0 1.52046e+06 1.00024 -12.0757 0 1.01355 1.01362 506341 0.999292 12.0757 7.0679e-06 
0.23725 0.0112158 2.02675e+06 0 0 1.52043e+06 1.00024 -12.4629 0 1.01354 1.01361 506317 0.999268 12.4629 7.29373e-06 
0.2409 0.011216 2.0267e+06 0 0 1.52041e+06 1.00025 -12.8622 0 1.01353 1.0136 506292 0.999244 12.8622 7.52708e-06 
0.24455 0.0112162 2.02665e+06 0 0 1.52038e+06 1.00026 -13.2743 0 1.01351 1.01359 506267 0.99922 13.2743 7.76835e-06 
0.2482 0.0112164 2.0266e+06 0 0 1.52036e+06 1.00027 -13.6995 0 1.0135 1.01358 506242 0.999194 13.6995 8.01804e-06 
0.25185 0.0112166 2.02655e+06 0 0 1.52033e+06 1.00028 -14.1383 0 1.01349 1.01357 506216 0.999168 14.1383 8.27672e-06 
0.2555 0.0112168 2.0265e+06 0 0 1.52031e+06 1.00029 -14.5915 0 1.01348 1.01356 506190 0.999141 14.5915 8.5451e-06 
0.25915 0.011217 2.02645e+06 0 0 1.52029e+06 1.0003 -15.0596 0 1.01346 1.01355 506163 0.999113 15.0596 8.82404e-06 
0.2628 0.0112172 2.0264e+06 0 0 1.52026e+06 1.00031 -15.5433 0 1.01345 1.01354 506136 0.999084 15.5433 9.11464e-06 
0.26645 0.0112174 2.02635e+06 0 0 1.52024e+06 1.00032 -16.0436 0 1.01344 1.01353 506108 0.999054 16.0436 9.41825e-06 
0.2701 0.0112176 2.0263e+06 0 0 1.52022e+06 1.00033 -16.5616 0 1.01342 1.01352 506080 0.999023 16.5616 9.73661e-06 
0.27375 0.0112178 2.02625e+06 0 0 1.5202e+06 1.00034 -17.0984 0 1.01341 1.01351 506051 0.998991 17.0984 1.00719e-05 
0.2774 0.011218 2.0262e+06 0 0 1.52018e+06 1.00035 -17.6555 0 1.01339 1.0135 506022 0.998958 17.6555 1.0427e-05 
0.28105 0.0112182 2.02615e+06 0 0 1.52016e+06 1.00036 -18.2349 0 1.01338 1.01349 505992 0.998923 18.2349 1.08056e-05 
0.2847 0.0112184 2.0261e+06 0 0 1.52014e+06 1.00037 -18.8388 0 1.01336 1.01347 505962 0.998888 18.8388 1.12124e-05 
0.28835 0.0112186 2.02605e+06 0 0 1.52012e+06 1.00038 -19.4702 0 1.01334 1.01346 505930 0.998851 19.4702 1.16536e-05 
0.292 0.0112188 2.026e+06 0 0 1.5201e+06 1.0004 -20.1327 0 1.01333 1.01345 505899 0.998813 20.1327 1.21371e-05 
0.29565 0.011219 2.02595e+06 0 0 1.52008e+06 1.00041 -20.8312 0 1.01331 1.01344 505866 0.998773 20.8312 1.26734e-05 
0.2993 0.0112191 2.0259e+06 0 0 1.52007e+06 1.00042 -21.5715 0 1.01329 1.01342 505832 0.998731 21.5715 1.3276e-05 
0.30295 0.0112193 2.02585e+06 0 0 1.52005e+06 1.00044 -22.3615 0 1.01327 1.01341 505798 0.998688 22.3615 1.39624e-05 
0.3066 0.0112195 2.0258e+06 0 0 1.52004e+06 1.00045 -23.2111 0 1.01325 1.0134 505762 0.998642 23.2111 1.47558e-05 
0.31025 0.0112196 2.02575e+06 0 0 1.52002e+06 1.00047 -24.1334 0 1.01322 1.01338 505725 0.998594 24.1334 1.56858e-05 
0.3139 0.0112198 2.0257e+06 0 0 1.52001e+06 1.00049 -25.1452 0 1.0132 1.01337 505687 0.998543 25.1452 1.67916e-05 
0.31755 0.0112199 2.02565e+06 0 0 1.52e+06 1.0005 -26.2681 0 1.01317 1.01335 505647 0.998488 26.2681 1.81237e-05 
0.3212 0.01122 2.0256e+06 0 0 1.52e+06 1.00052 -27.5306 0 1.01313 1.01333 505604 0.998429 27.5306 1.97482e-05 
0.32485 0.0112201 2.02555e+06 0 0 1.51999e+06 1.00054 -28.9694 0 1.0131 1.01332 505560 0.998365 28.9694 2.17509e-05 
0.3285 0.0112202 2.0255e+06 0 0 1.51999e+06 1.00057 -30.6324 0 1.01305 1.0133 505511 0.998295 30.6324 2.42438e-05 
0.33215 0.0112203 2.02545e+06 0 0 1.51999e+06 1.00059 -32.5817 0 1.013 1.01328 505459 0.998217 32.5817 2.73722e-05 
0.3358 0.0112203 2.0254e+06 0 0 1.52e+06 1.00062 -34.8982 0 1.01294 1.01325 505403 0.998129 34.8982 3.13253e-05 
0.33945 0.0112203 2.02535e+06 0 0 1.52001e+06 1.00066 -37.6871 0 1.01286 1.01323 505339 0.998029 37.6871 3.6349e-05 
0.3431 0.0112203 2.0253e+06 0 0 1.52003e+06 1.0007 -41.0852 0 1.01277 1.0132 505268 0.997913 41.0852 4.27629e-05 
0.34675 0.0112201 2.02525e+06 0 0 1.52006e+06 1.00074 -45.2703 0 1.01266 1.01317 505187 0.997778 45.2703 5.09824e-05 
0.3504 0.0112199 2.0252e+06 0 0 1.52011e+06 1.00079 -50.4736 0 1.01251 1.01313 505094 0.997617 50.4736 6.1547e-05 
0.35405 0.0112196 2.02515e+06 0 0 1.52017e+06 1.00086 -56.9958 0 1.01233 1.01309 504983 0.997424 56.9958 7.51571e-05 
0.3577 0.0112192 2.0251e+06 0 0 1.52025e+06 1.00094 -65.2275 0 1.0121 1.01304 504852 0.997189 65.2275 9.27222e-05 
0.36135 0.0112186 2.02505e+06 0 0 1.52036e+06 1.00103 -75.6763 0 1.01181 1.01297 504693 0.996899 75.6763 0.000115422 
0.365 0.0112177 2.025e+06 0 0 1.5205e+06 1.00115 -89.0017 0 1.01144 1.0129 504498 0.99654 89.0017 0.000144788 


0 0.0112 2.03e+06 0 0 1.5225e+06 1 0 0 1.015 1.01407 507500 1 0 1.87086e-13 
0.00365 0.0112003 2.02995e+06 0 0 1.52246e+06 1 -0.000281446 0 1.01497 1.01407 507487 1 0.000281448 1.14841e-09 
0.0073 0.0112006 2.0299e+06 0 0 1.52243e+06 1 -0.000675661 0 1.01495 1.01406 507475 1 0.000675661 2.75478e-09 
0.01095 0.0112008 2.02985e+06 0 0 1.52239e+06 1 -0.00121281 0 1.01492 1.01406 507462 1 0.00121282 4.93936e-09 
0.0146 0.0112011 2.0298e+06 0 0 1.52235e+06 1 -0.00192925 0 1.0149 1.01406 507450 1 0.00192925 7.84576e-09 
0.01825 0.0112014 2.02975e+06 0 0 1.52231e+06 1 -0.00286844 0 1.01487 1.01405 507437 1 0.00286845 1.16445e-08 
0.0219 0.0112017 2.0297e+06 0 0 1.52228e+06 1 -0.00408213 0 1.01485 1.01405 507425 1 0.00408213 1.6537e-08 
0.02555 0.0112019 2.02965e+06 0 0 1.52224e+06 1 -0.00563142 0 1.01482 1.01404 507412 1 0.00563143 2.27594e-08 
0.0292 0.0112022 2.0296e+06 0 0 1.5222e+06 1 -0.00758825 0 1.0148 1.01404 507400 1 0.00758825 3.05874e-08 
0.03285 0.0112025 2.02955e+06 0 0 1.52216e+06 1 -0.0100367 0 1.01477 1.01403 507387 1 0.0100367 4.0341e-08 
0.0365 0.0112028 2.0295e+06 0 0 1.52213e+06 1 -0.0130748 0 1.01475 1.01403 507375 0.999999 0.0130748 5.23902e-08 
0.04015 0.011203 2.02945e+06 0 0 1.52209e+06 1 -0.0168161 0 1.01472 1.01402 507362 0.999999 0.0168161 6.71603e-08 
0.0438 0.0112033 2.0294e+06 0 0 1.52205e+06 1 -0.0213917 0 1.0147 1.01402 507349 0.999999 0.0213917 8.51387e-08 
0.04745 0.0112036 2.02935e+06 0 0 1.52201e+06 1 -0.0269522 0 1.01467 1.01401 507337 0.999999 0.0269522 1.06881e-07 
0.0511 0.0112039 2.0293e+06 0 0 1.52198e+06 1 -0.0336704 0 1.01465 1.01401 507324 0.999998 0.0336704 1.3302e-07 
0.05475 0.0112041 2.02925e+06 0 0 1.52194e+06 1 -0.041743 0 1.01462 1.014 507311 0.999998 0.041743 1.64271e-07 
0.0584 0.0112044 2.0292e+06 0 0 1.5219e+06 1 -0.0513941 0 1.01459 1.014 507299 0.999997 0.0513941 2.01441e-07 
0.06205 0.0112047 2.02915e+06 0 0 1.52186e+06 1 -0.0628775 0 1.01457 1.01399 507286 0.999997 0.0628775 2.45438e-07 
0.0657 0.011205 2.0291e+06 0 0 1.52183e+06 1 -0.0764798 0 1.01454 1.01399 507273 0.999996 0.0764798 2.97282e-07 
0.06935 0.0112052 2.02905e+06 0 0 1.52179e+06 1 -0.092524 0 1.01452 1.01398 507260 0.999995 0.092524 3.5811e-07 
0.073 0.0112055 2.029e+06 0 0 1.52175e+06 1 -0.111373 0 1.01449 1.01398 507247 0.999994 0.111373 4.29192e-07 
0.07665 0.0112058 2.02895e+06 0 0 1.52172e+06 1 -0.133432 0 1.01446 1.01397 507234 0.999993 0.133432 5.1194e-07 
0.0803 0.011206 2.0289e+06 0 0 1.52168e+06 1 -0.159155 0 1.01443 1.01397 507221 0.999992 0.159155 6.07917e-07 
0.08395 0.0112063 2.02885e+06 0 0 1.52164e+06 1 -0.189047 0 1.01441 1.01396 507208 0.99999 0.189047 7.18854e-07 
0.0876 0.0112066 2.0288e+06 0 0 1.52161e+06 1 -0.223669 0 1.01438 1.01396 507194 0.999988 0.223669 8.46661e-07 
0.09125 0.0112069 2.02875e+06 0 0 1.52157e+06 1 -0.263643 0 1.01435 1.01395 507180 0.999986 0.263643 9.93439e-07 
0.0949 0.0112071 2.0287e+06 0 0 1.52153e+06 1.00001 -0.309656 0 1.01432 1.01394 507167 0.999984 0.309656 1.1615e-06 
0.09855 0.0112074 2.02865e+06 0 0 1.5215e+06 1.00001 -0.362466 0 1.01429 1.01394 507153 0.999981 0.362466 1.35336e-06 
0.1022 0.0112077 2.0286e+06 0 0 1.52146e+06 1.00001 -0.422909 0 1.01426 1.01393 507139 0.999978 0.422909 1.5718e-06 
0.10585 0.0112079 2.02855e+06 0 0 1.52143e+06 1.00001 -0.491901 0 1.01423 1.01393 507124 0.999974 0.491901 1.81983e-06 
0.1095 0.0112082 2.0285e+06 0 0 1.52139e+06 1.00001 -0.570445 0 1.01419 1.01392 507110 0.99997 0.570445 2.10073e-06 
0.11315 0.0112084 2.02845e+06 0 0 1.52136e+06 1.00001 -0.659638 0 1.01416 1.01392 507095 0.999965 0.659638 2.41808e-06 
0.1168 0.0112087 2.0284e+06 0 0 1.52132e+06 1.00001 -0.760677 0 1.01412 1.01391 507079 0.999959 0.760677 2.77575e-06 
0.12045 0.0112089 2.02835e+06 0 0 1.52129e+06 1.00002 -0.874862 0 1.01409 1.0139 507063 0.999953 0.874862 3.17793e-06 
0.1241 0.0112092 2.0283e+06 0 0 1.52125e+06 1.00002 -1.0036 0 1.01405 1.0139 507047 0.999945 1.0036 3.62913e-06 
0.12775 0.0112094 2.02825e+06 0 0 1.52122e+06 1.00002 -1.14843 0 1.01401 1.01389 507031 0.999937 1.14843 4.13423e-06 
0.1314 0.0112097 2.0282e+06 0 0 1.52119e+06 1.00002 -1.31098 0 1.01397 1.01388 507014 0.999928 1.31098 4.69845e-06 
0.13505 0.0112099 2.02815e+06 0 0 1.52115e+06 1.00003 -1.49303 0 1.01393 1.01388 506996 0.999918 1.49303 5.32738e-06 
0.1387 0.0112102 2.0281e+06 0 0 1.52112e+06 1.00003 -1.69645 0 1.01388 1.01387 506977 0.999906 1.69645 6.02696e-06 
0.14235 0.0112104 2.02805e+06 0 0 1.52109e+06 1.00004 -1.92325 0 1.01383 1.01386 506958 0.999893 1.92325 6.80352e-06 
0.146 0.0112106 2.028e+06 0 0 1.52106e+06 1.00004 -2.17553 0 1.01378 1.01386 506938 0.999879 2.17553 7.66368e-06 
0.14965 0.0112109 2.02795e+06 0 0 1.52103e+06 1.00005 -2.45551 0 1.01373 1.01385 506918 0.999862 2.45551 8.6144e-06 
0.1533 0.0112111 2.0279e+06 0 0 1.521e+06 1.00005 -2.76544 0 1.01367 1.01384 506896 0.999844 2.76544 9.66281e-06 
0.15695 0.0112113 2.02785e+06 0 0 1.52098e+06 1.00006 -3.10762 0 1.01361 1.01383 506873 0.999824 3.10762 1.08162e-05 
0.1606 0.0112115 2.0278e+06 0 0 1.52095e+06 1.00007 -3.4843 0 1.01355 1.01382 506850 0.999802 3.4843 1.20817e-05 
0.16425 0.0112117 2.02775e+06 0 0 1.52092e+06 1.00007 -3.89763 0 1.01348 1.01381 506825 0.999778 3.89763 1.34663e-05 
0.1679 0.0112119 2.0277e+06 0 0 1.5209e+06 1.00008 -4.34949 0 1.01341 1.0138 506799 0.999751 4.34949 1.49762e-05 
0.17155 0.011212 2.02765e+06 0 0 1.52088e+06 1.00009 -4.84136 0 1.01334 1.01379 506772 0.999722 4.84136 1.66164e-05 
0.1752 0.0112122 2.0276e+06 0 0 1.52086e+06 1.0001 -5.37402 0 1.01326 1.01378 506743 0.99969 5.37402 1.83901e-05 
0.17885 0.0112124 2.02755e+06 0 0 1.52084e+06 1.00011 -5.94726 0 1.01317 1.01377 506713 0.999656 5.94726 2.02975e-05 
0.1825 0.0112125 2.0275e+06 0 0 1.52082e+06 1.00013 -6.55936 0 1.01316 1.01376 506682 0.99962 6.55936 1.99944e-05 
0.18615 0.0112128 2.02745e+06 0 0 1.52079e+06 1.00013 -6.76362 0 1.01369 1.01375 506664 0.999608 6.76362 4.41061e-06 
0.1898 0.011213 2.0274e+06 0 0 1.52076e+06 1.00014 -6.98385 0 1.0137 1.01374 506645 0.999595 6.98385 4.10628e-06 
0.19345 0.0112133 2.02735e+06 0 0 1.52072e+06 1.00014 -7.21103 0 1.01369 1.01373 506625 0.999581 7.21103 4.23849e-06 
0.1971 0.0112135 2.0273e+06 0 0 1.52069e+06 1.00014 -7.44535 0 1.01368 1.01373 506606 0.999568 7.44535 4.37483e-06 
0.20075 0.0112138 2.02725e+06 0 0 1.52066e+06 1.00015 -7.68705 0 1.01367 1.01372 506586 0.999553 7.68705 4.51545e-06 
0.2044 0.011214 2.0272e+06 0 0 1.52063e+06 1.00015 -7.93635 0 1.01366 1.01371 506566 0.999538 7.93635 4.66046e-06 
0.20805 0.0112142 2.02715e+06 0 0 1.5206e+06 1.00016 -8.19348 0 1.01365 1.0137 506546 0.999523 8.19348 4.81003e-06 
0.2117 0.0112145 2.0271e+06 0 0 1.52057e+06 1.00016 -8.45868 0 1.01364 1.01369 506525 0.999507 8.45868 4.96428e-06 
0.21535 0.0112147 2.02705e+06 0 0 1.52055e+06 1.00017 -8.73221 0 1.01363 1.01369 506504 0.999491 8.73221 5.12338e-06 
0.219 0.0112149 2.027e+06 0 0 1.52052e+06 1.00018 -9.01432 0 1.01362 1.01368 506483 0.999474 9.01432 5.28749e-06 
0.22265 0.0112152 2.02695e+06 0 0 1.52049e+06 1.00018 -9.3053 0 1.01361 1.01367 506462 0.999457 9.3053 5.45678e-06 
0.2263 0.0112154 2.0269e+06 0 0 1.52046e+06 1.00019 -9.60541 0 1.0136 1.01366 506441 0.999439 9.60541 5.63144e-06 
0.22995 0.0112156 2.02685e+06 0 0 1.52043e+06 1.00019 -9.91495 0 1.01359 1.01365 506419 0.99942 9.91495 5.81167e-06 
0.2336 0.0112159 2.0268e+06 0 0 1.5204e+06 1.0002 -10.2342 0 1.01358 1.01364 506397 0.999401 10.2342 5.99769e-06 
0.23725 0.0112161 2.02675e+06 0 0 1.52038e+06 1.00021 -10.5636 0 1.01357 1.01363 506374 0.999382 10.5636 6.18974e-06 
0.2409 0.0112163 2.0267e+06 0 0 1.52035e+06 1.00021 -10.9033 0 1.01356 1.01363 506351 0.999361 10.9033 6.3881e-06 
0.24455 0.0112166 2.02665e+06 0 0 1.52032e+06 1.00022 -11.2538 0 1.01355 1.01362 506328 0.99934 11.2538 6.59308e-06 
0.2482 0.0112168 2.0266e+06 0 0 1.52029e+06 1.00023 -11.6155 0 1.01354 1.01361 506305 0.999319 11.6155 6.80504e-06 
0.25185 0.011217 2.02655e+06 0 0 1.52027e+06 1.00023 -11.9887 0 1.01353 1.0136 506281 0.999296 11.9887 7.0244e-06 
0.2555 0.0112172 2.0265e+06 0 0 1.52024e+06 1.00024 -12.374 0 1.01352 1.01359 506257 0.999273 12.374 7.25168e-06 
0.25915 0.0112174 2.02645e+06 0 0 1.52022e+06 1.00025 -12.7718 0 1.0135 1.01358 506232 0.999249 12.7718 7.4875e-06 
0.2628 0.0112177 2.0264e+06 0 0 1.52019e+06 1.00026 -13.1828 0 1.01349 1.01357 506207 0.999225 13.1828 7.73261e-06 
0.26645 0.0112179 2.02635e+06 0 0 1.52017e+06 1.00027 -13.6076 0 1.01348 1.01356 506182 0.999199 13.6076 7.98797e-06 
0.2701 0.0112181 2.0263e+06 0 0 1.52014e+06 1.00028 -14.047 0 1.01347 1.01355 506156 0.999173 14.047 8.25477e-06 
0.27375 0.0112183 2.02625e+06 0 0 1.52012e+06 1.00028 -14.5018 0 1.01345 1.01354 506130 0.999146 14.5018 8.53451e-06 
0.2774 0.0112185 2.0262e+06 0 0 1.5201e+06 1.00029 -14.9733 0 1.01344 1.01353 506103 0.999118 14.9733 8.82913e-06 
0.28105 0.0112187 2.02615e+06 0 0 1.52007e+06 1.0003 -15.4626 0 1.01343 1.01352 506076 0.999089 15.4626 9.14111e-06 
0.2847 0.0112189 2.0261e+06 0 0 1.52005e+06 1.00031 -15.9715 0 1.01341 1.01351 506048 0.999059 15.9715 9.47362e-06 
0.28835 0.0112191 2.02605e+06 0 0 1.52003e+06 1.00032 -16.502 0 1.0134 1.0135 506020 0.999028 16.502 9.8308e-06 
0.292 0.0112193 2.026e+06 0 0 1.52001e+06 1.00033 -17.0565 0 1.01338 1.01348 505991 0.998996 17.0565 1.0218e-05 
0.29565 0.0112195 2.02595e+06 0 0 1.51999e+06 1.00035 -17.6384 0 1.01337 1.01347 505962 0.998962 17.6384 1.06421e-05 
0.2993 0.0112197 2.0259e+06 0 0 1.51997e+06 1.00036 -18.2517 0 1.01335 1.01346 505931 0.998927 18.2517 1.11121e-05 
0.30295 0.0112199 2.02585e+06 0 0 1.51995e+06 1.00037 -18.9017 0 1.01333 1.01345 505901 0.998891 18.9017 1.16398e-05 
0.3066 0.0112201 2.0258e+06 0 0 1.51993e+06 1.00038 -19.5951 0 1.01331 1.01344 505869 0.998853 19.5951 1.22403e-05 
0.31025 0.0112202 2.02575e+06 0 0 1.51991e+06 1.0004 -20.3405 0 1.01329 1.01342 505836 0.998812 20.3405 1.29336e-05 
0.3139 0.0112204 2.0257e+06 0 0 1.5199e+06 1.00041 -21.1492 0 1.01327 1.01341 505802 0.99877 21.1492 1.37454e-05 
0.31755 0.0112206 2.02565e+06 0 0 1.51988e+06 1.00042 -22.0357 0 1.01325 1.0134 505767 0.998725 22.0357 1.47093e-05 
0.3212 0.0112207 2.0256e+06 0 0 1.51987e+06 1.00044 -23.0189 0 1.01322 1.01338 505730 0.998677 23.0189 1.58691e-05 
0.32485 0.0112209 2.02555e+06 0 0 1.51986e+06 1.00046 -24.1233 0 1.01319 1.01337 505692 0.998626 24.1233 1.72818e-05 
0.3285 0.011221 2.0255e+06 0 0 1.51985e+06 1.00048 -25.3805 0 1.01316 1.01335 505651 0.99857 25.3805 1.90213e-05 
0.33215 0.0112211 2.02545e+06 0 0 1.51984e+06 1.0005 -26.8319 0 1.01312 1.01333 505607 0.998509 26.8319 2.11841e-05 
0.3358 0.0112212 2.0254e+06 0 0 1.51984e+06 1.00052 -28.5312 0 1.01308 1.01332 505560 0.99844 28.5312 2.38956e-05 
0.33945 0.0112213 2.02535e+06 0 0 1.51984e+06 1.00055 -30.548 0 1.01302 1.0133 505509 0.998364 30.548 2.73186e-05 
0.3431 0.0112213 2.0253e+06 0 0 1.51985e+06 1.00057 -32.9731 0 1.01295 1.01327 505452 0.998277 32.9731 3.16649e-05 
0.34675 0.0112213 2.02525e+06 0 0 1.51986e+06 1.00061 -35.9244 0 1.01287 1.01325 505389 0.998176 35.9244 3.721e-05 
0.3504 0.0112212 2.0252e+06 0 0 1.51988e+06 1.00065 -39.555 0 1.01277 1.01322 505317 0.998058 39.555 4.43112e-05 
0.35405 0.0112211 2.02515e+06 0 0 1.51992e+06 1.00069 -44.0642 0 1.01265 1.01319 505233 0.997918 44.0642 5.34331e-05 
0.3577 0.0112208 2.0251e+06 0 0 1.51996e+06 1.00075 -49.7107 0 1.01249 1.01315 505136 0.997751 49.7107 6.51788e-05 
0.36135 0.0112205 2.02505e+06 0 0 1.52003e+06 1.00082 -56.8309 0 1.0123 1.0131 505020 0.997547 56.8309 8.03308e-05 
0.365 0.01122 2.025e+06 0 0 1.52012e+06 1.0009 -65.8616 0 1.01204 1.01305 504881 0.997296 65.8616 9.9905e-05 


0 0.0112 2.03e+06 0 0 1.5225e+06 1 0 0 1.015 1.01407 507500 1 0 1.25659e-13 
0.00365 0.0112003 2.02995e+06 0 0 1.52246e+06 1 -0.000230078 0 1.01497 1.01407 507487 1 0.000230079 9.36745e-10 
0.0073 0.0112006 2.0299e+06 0 0 1.52243e+06 1 -0.000552387 0 1.01495 1.01406 507475 1 0.000552389 2.24738e-09 
0.01095 0.0112008 2.02985e+06 0 0 1.52239e+06 1 -0.000991686 0 1.01492 1.01406 507462 1 0.000991688 4.03043e-09 
0.0146 0.0112011 2.0298e+06 0 0 1.52235e+06 1 -0.00157781 0 1.0149 1.01406 507450 1 0.00157781 6.40378e-09 
0.01825 0.0112014 2.02975e+06 0 0 1.52231e+06 1 -0.00234653 0 1.01487 1.01405 507437 1 0.00234653 9.50763e-09 
0.0219 0.0112017 2.0297e+06 0 0 1.52228e+06 1 -0.00334039 0 1.01485 1.01405 507425 1 0.00334039 1.35077e-08 
0.02555 0.0112019 2.02965e+06 0 0 1.52224e+06 1 -0.00460982 0 1.01482 1.01404 507412 1 0.00460982 1.85988e-08 
0.0292 0.0112022 2.0296e+06 0 0 1.5222e+06 1 -0.00621414 0 1.0148 1.01404 507400 1 0.00621415 2.50085e-08 
0.03285 0.0112025 2.02955e+06 0 0 1.52216e+06 1 -0.0082229 0 1.01477 1.01403 507387 1 0.0082229 3.30016e-08 
0.0365 0.0112028 2.0295e+06 0 0 1.52213e+06 1 -0.0107172 0 1.01475 1.01403 507375 0.999999 0.0107172 4.28845e-08 
0.04015 0.011203 2.02945e+06 0 0 1.52209e+06 1 -0.013791 0 1.01472 1.01402 507362 0.999999 0.013791 5.50101e-08 
0.0438 0.0112033 2.0294e+06 0 0 1.52205e+06 1 -0.0175533 0 1.0147 1.01402 507350 0.999999 0.0175533 6.97837e-08 
0.04745 0.0112036 2.02935e+06 0 0 1.52201e+06 1 -0.0221293 0 1.01467 1.01401 507337 0.999999 0.0221293 8.7668e-08 
0.0511 0.0112039 2.0293e+06 0 0 1.52198e+06 1 -0.0276625 0 1.01465 1.01401 507324 0.999999 0.0276625 1.0919e-07 
0.05475 0.0112041 2.02925e+06 0 0 1.52194e+06 1 -0.0343172 0 1.01462 1.014 507312 0.999998 0.0343172 1.34947e-07 
0.0584 0.0112044 2.0292e+06 0 0 1.5219e+06 1 -0.0422803 0 1.0146 1.014 507299 0.999998 0.0422803 1.65615e-07 
0.06205 0.0112047 2.02915e+06 0 0 1.52186e+06 1 -0.0517639 0 1.01457 1.01399 507286 0.999997 0.0517639 2.01955e-07 
0.0657 0.011205 2.0291e+06 0 0 1.52183e+06 1 -0.063008 0 1.01454 1.01399 507273 0.999997 0.063008 2.44822e-07 
0.06935 0.0112052 2.02905e+06 0 0 1.52179e+06 1 -0.0762833 0 1.01452 1.01398 507260 0.999996 0.0762833 2.95173e-07 
0.073 0.0112055 2.029e+06 0 0 1.52175e+06 1 -0.0918943 0 1.01449 1.01398 507248 0.999995 0.0918943 3.54077e-07 
0.07665 0.0112058 2.02895e+06 0 0 1.52172e+06 1 -0.110182 0 1.01446 1.01397 507235 0.999994 0.110182 4.22725e-07 
0.0803 0.011206 2.0289e+06 0 0 1.52168e+06 1 -0.131529 0 1.01444 1.01397 507222 0.999993 0.131529 5.02438e-07 
0.08395 0.0112063 2.02885e+06 0 0 1.52164e+06 1 -0.156361 0 1.01441 1.01396 507208 0.999992 0.156361 5.94681e-07 
0.0876 0.0112066 2.0288e+06 0 0 1.5216e+06 1 -0.185151 0 1.01438 1.01396 507195 0.99999 0.185151 7.01072e-07 
0.09125 0.0112069 2.02875e+06 0 0 1.52157e+06 1 -0.218426 0 1.01435 1.01395 507182 0.999989 0.218426 8.23395e-07 
0.0949 0.0112071 2.0287e+06 0 0 1.52153e+06 1 -0.256768 0 1.01432 1.01395 507168 0.999987 0.256768 9.63612e-07 
0.09855 0.0112074 2.02865e+06 0 0 1.5215e+06 1.00001 -0.30082 0 1.01429 1.01394 507154 0.999984 0.30082 1.12388e-06 
0.1022 0.0112077 2.0286e+06 0 0 1.52146e+06 1.00001 -0.351291 0 1.01426 1.01393 507141 0.999981 0.351291 1.30655e-06 
0.10585 0.0112079 2.02855e+06 0 0 1.52142e+06 1.00001 -0.40896 0 1.01423 1.01393 507126 0.999978 0.40896 1.51421e-06 
0.1095 0.0112082 2.0285e+06 0 0 1.52139e+06 1.00001 -0.474682 0 1.0142 1.01392 507112 0.999975 0.474682 1.74966e-06 
0.11315 0.0112085 2.02845e+06 0 0 1.52135e+06 1.00001 -0.549393 0 1.01417 1.01392 507098 0.999971 0.549393 2.01597e-06 
0.1168 0.0112087 2.0284e+06 0 0 1.52132e+06 1.00001 -0.634114 0 1.01414 1.01391 507083 0.999966 0.634114 2.31645e-06 
0.12045 0.011209 2.02835e+06 0 0 1.52128e+06 1.00001 -0.729957 0 1.0141 1.01391 507067 0.999961 0.729957 2.6547e-06 
0.1241 0.0112092 2.0283e+06 0 0 1.52125e+06 1.00002 -0.83813 0 1.01407 1.0139 507052 0.999954 0.83813 3.03462e-06 
0.12775 0.0112095 2.02825e+06 0 0 1.52121e+06 1.00002 -0.959939 0 1.01403 1.01389 507036 0.999948 0.959939 3.46038e-06 
0.1314 0.0112097 2.0282e+06 0 0 1.52118e+06 1.00002 -1.09679 0 1.01399 1.01389 507019 0.99994 1.09679 3.93649e-06 
0.13505 0.01121 2.02815e+06 0 0 1.52115e+06 1.00002 -1.25021 0 1.01395 1.01388 507003 0.999931 1.25021 4.46778e-06 
0.1387 0.0112102 2.0281e+06 0 0 1.52111e+06 1.00003 -1.42181 0 1.01391 1.01387 506985 0.999921 1.42181 5.05937e-06 
0.14235 0.0112105 2.02805e+06 0 0 1.52108e+06 1.00003 -1.6133 0 1.01386 1.01387 506967 0.99991 1.6133 5.71672e-06 
0.146 0.0112107 2.028e+06 0 0 1.52105e+06 1.00003 -1.82651 0 1.01382 1.01386 506948 0.999898 1.82651 6.44556e-06 
0.14965 0.0112109 2.02795e+06 0 0 1.52102e+06 1.00004 -2.06332 0 1.01377 1.01385 506929 0.999884 2.06332 7.25188e-06 
0.1533 0.0112112 2.0279e+06 0 0 1.52099e+06 1.00004 -2.32569 0 1.01372 1.01384 506909 0.999869 2.32569 8.14186e-06 
0.15695 0.0112114 2.02785e+06 0 0 1.52096e+06 1.00005 -2.61557 0 1.01366 1.01384 506888 0.999852 2.61557 9.12176e-06 
0.1606 0.0112116 2.0278e+06 0 0 1.52093e+06 1.00006 -2.93492 0 1.0136 1.01383 506866 0.999834 2.93492 1.01978e-05 
0.16425 0.0112118 2.02775e+06 0 0 1.52091e+06 1.00006 -3.28556 0 1.01354 1.01382 506843 0.999813 3.28556 1.13758e-05 
0.1679 0.011212 2.0277e+06 0 0 1.52088e+06 1.00007 -3.66909 0 1.01348 1.01381 506819 0.999791 3.66909 1.26613e-05 
0.17155 0.0112122 2.02765e+06 0 0 1.52086e+06 1.00008 -4.08677 0 1.01341 1.0138 506794 0.999766 4.08677 1.40583e-05 
0.1752 0.0112124 2.0276e+06 0 0 1.52083e+06 1.00009 -4.53924 0 1.01334 1.01379 506768 0.999739 4.53924 1.55696e-05 
0.17885 0.0112126 2.02755e+06 0 0 1.52081e+06 1.0001 -5.02626 0 1.01327 1.01378 506741 0.99971 5.02626 1.71951e-05 
0.1825 0.0112127 2.0275e+06 0 0 1.52079e+06 1.00011 -5.54629 0 1.01325 1.01377 506713 0.99968 5.54629 1.69358e-05 
0.18615 0.011213 2.02745e+06 0 0 1.52075e+06 1.00011 -5.71974 0 1.01372 1.01376 506695 0.999669 5.71974 3.73744e-06 
0.1898 0.0112132 2.0274e+06 0 0 1.52072e+06 1.00011 -5.90675 0 1.01372 1.01375 506677 0.999658 5.90675 3.4781e-06 
0.19345 0.0112135 2.02735e+06 0 0 1.52069e+06 1.00012 -6.09968 0 1.01371 1.01375 506658 0.999647 6.09968 3.59054e-06 
0.1971 0.0112137 2.0273e+06 0 0 1.52066e+06 1.00012 -6.29871 0 1.0137 1.01374 506640 0.999635 6.29871 3.7065e-06 
0.20075 0.011214 2.02725e+06 0 0 1.52063e+06 1.00013 -6.50403 0 1.01369 1.01373 506621 0.999623 6.50403 3.82611e-06 
0.2044 0.0112142 2.0272e+06 0 0 1.5206e+06 1.00013 -6.71583 0 1.01368 1.01372 506602 0.99961 6.71583 3.94947e-06 
0.20805 0.0112145 2.02715e+06 0 0 1.52057e+06 1.00013 -6.93431 0 1.01368 1.01372 506583 0.999597 6.93431 4.0767e-06 
0.2117 0.0112147 2.0271e+06 0 0 1.52054e+06 1.00014 -7.15967 0 1.01367 1.01371 506564 0.999584 7.15967 4.20793e-06 
0.21535 0.011215 2.02705e+06 0 0 1.52051e+06 1.00014 -7.39214 0 1.01366 1.0137 506545 0.99957 7.39214 4.34329e-06 
0.219 0.0112152 2.027e+06 0 0 1.52047e+06 1.00015 -7.63193 0 1.01365 1.01369 506525 0.999556 7.63193 4.48292e-06 
0.22265 0.0112154 2.02695e+06 0 0 1.52044e+06 1.00015 -7.87928 0 1.01364 1.01369 506505 0.999541 7.87928 4.62695e-06 
0.2263 0.0112157 2.0269e+06 0 0 1.52041e+06 1.00016 -8.13441 0 1.01363 1.01368 506485 0.999526 8.13441 4.77554e-06 
0.22995 0.0112159 2.02685e+06 0 0 1.52039e+06 1.00016 -8.39758 0 1.01362 1.01367 506464 0.99951 8.39758 4.92886e-06 
0.2336 0.0112162 2.0268e+06 0 0 1.52036e+06 1.00017 -8.66904 0 1.01361 1.01366 506444 0.999494 8.66904 5.08708e-06 
0.23725 0.0112164 2.02675e+06 0 0 1.52033e+06 1.00017 -8.94907 0 1.0136 1.01365 506423 0.999478 8.94907 5.2504e-06 
0.2409 0.0112166 2.0267e+06 0 0 1.5203e+06 1.00018 -9.23796 0 1.01359 1.01365 506401 0.99946 9.23796 5.41902e-06 
0.24455 0.0112169 2.02665e+06 0 0 1.52027e+06 1.00019 -9.53599 0 1.01358 1.01364 506380 0.999442 9.53599 5.5932e-06 
0.2482 0.0112171 2.0266e+06 0 0 1.52024e+06 1.00019 -9.8435 0 1.01357 1.01363 506358 0.999424 9.8435 5.7732e-06 
0.25185 0.0112173 2.02655e+06 0 0 1.52021e+06 1.0002 -10.1608 0 1.01356 1.01362 506336 0.999405 10.1608 5.95935e-06 
0.2555 0.0112175 2.0265e+06 0 0 1.52019e+06 1.0002 -10.4883 0 1.01355 1.01361 506314 0.999386 10.4883 6.15201e-06 
0.25915 0.0112178 2.02645e+06 0 0 1.52016e+06 1.00021 -10.8264 0 1.01354 1.0136 506291 0.999365 10.8264 6.35164e-06 
0.2628 0.011218 2.0264e+06 0 0 1.52013e+06 1.00022 -11.1756 0 1.01353 1.01359 506268 0.999345 11.1756 6.55878e-06 
0.26645 0.0112182 2.02635e+06 0 0 1.52011e+06 1.00023 -11.5363 0 1.01352 1.01358 506244 0.999323 11.5363 6.7741e-06 
0.2701 0.0112184 2.0263e+06 0 0 1.52008e+06 1.00023 -11.9092 0 1.0135 1.01357 506221 0.999301 11.9092 6.99842e-06 
0.27375 0.0112187 2.02625e+06 0 0 1.52005e+06 1.00024 -12.2949 0 1.01349 1.01357 506197 0.999278 12.2949 7.23278e-06 
0.2774 0.0112189 2.0262e+06 0 0 1.52003e+06 1.00025 -12.6943 0 1.01348 1.01356 506172 0.999254 12.6943 7.47852e-06 
0.28105 0.0112191 2.02615e+06 0 0 1.52e+06 1.00026 -13.1082 0 1.01347 1.01355 506147 0.999229 13.1082 7.73729e-06 
0.2847 0.0112193 2.0261e+06 0 0 1.51998e+06 1.00027 -13.5378 0 1.01346 1.01354 506122 0.999204 13.5378 8.01127e-06 
0.28835 0.0112195 2.02605e+06 0 0 1.51995e+06 1.00027 -13.9847 0 1.01344 1.01353 506096 0.999178 13.9847 8.30321e-06 
0.292 0.0112197 2.026e+06 0 0 1.51993e+06 1.00028 -14.4504 0 1.01343 1.01352 506070 0.99915 14.4504 8.61669e-06 
0.29565 0.0112199 2.02595e+06 0 0 1.51991e+06 1.00029 -14.9374 0 1.01341 1.01351 506043 0.999122 14.9374 8.95635e-06 
0.2993 0.0112201 2.0259e+06 0 0 1.51988e+06 1.0003 -15.4482 0 1.0134 1.01349 506015 0.999093 15.4482 9.32818e-06 
0.30295 0.0112203 2.02585e+06 0 0 1.51986e+06 1.00031 -15.9866 0 1.01339 1.01348 505987 0.999062 15.9866 9.73998e-06 
0.3066 0.0112205 2.0258e+06 0 0 1.51984e+06 1.00032 -16.557 0 1.01337 1.01347 505959 0.99903 16.557 1.02019e-05 
0.31025 0.0112207 2.02575e+06 0 0 1.51982e+06 1.00033 -17.1653 0 1.01335 1.01346 505929 0.998997 17.1653 1.0727e-05 
0.3139 0.0112209 2.0257e+06 0 0 1.5198e+06 1.00035 -17.819 0 1.01333 1.01345 505899 0.998962 17.819 1.13326e-05 
0.31755 0.0112211 2.02565e+06 0 0 1.51978e+06 1.00036 -18.5278 0 1.01332 1.01344 505868 0.998925 18.5278 1.20409e-05 
0.3212 0.0112213 2.0256e+06 0 0 1.51976e+06 1.00037 -19.3044 0 1.01329 1.01342 505835 0.998885 19.3044 1.28809e-05 
0.32485 0.0112215 2.02555e+06 0 0 1.51975e+06 1.00039 -20.1649 0 1.01327 1.01341 505802 0.998844 20.1649 1.38903e-05 
0.3285 0.0112216 2.0255e+06 0 0 1.51973e+06 1.0004 -21.1305 0 1.01324 1.0134 505766 0.998798 21.1305 1.51182e-05 
0.33215 0.0112218 2.02545e+06 0 0 1.51972e+06 1.00042 -22.2287 0 1.01321 1.01338 505729 0.998749 22.2287 1.66286e-05 
0.3358 0.0112219 2.0254e+06 0 0 1.51971e+06 1.00043 -23.495 0 1.01318 1.01337 505689 0.998696 23.495 1.85044e-05 
0.33945 0.011222 2.02535e+06 0 0 1.5197e+06 1.00045 -24.9758 0 1.01314 1.01335 505647 0.998636 24.9758 2.08536e-05 
0.3431 0.0112221 2.0253e+06 0 0 1.5197e+06 1.00048 -26.7311 0 1.01309 1.01333 505601 0.998569 26.7311 2.38167e-05 
0.34675 0.0112222 2.02525e+06 0 0 1.5197e+06 1.0005 -28.8392 0 1.01303 1.01331 505550 0.998493 28.8392 2.75759e-05 
0.3504 0.0112222 2.0252e+06 0 0 1.51971e+06 1.00053 -31.4016 0 1.01296 1.01329 505493 0.998406 31.4016 3.23684e-05 
0.35405 0.0112222 2.02515e+06 0 0 1.51972e+06 1.00057 -34.5503 0 1.01288 1.01326 505428 0.998303 34.5503 3.85019e-05 
0.3577 0.0112221 2.0251e+06 0 0 1.51975e+06 1.00061 -38.4568 0 1.01277 1.01324 505354 0.998182 38.4568 4.63761e-05 
0.36135 0.0112219 2.02505e+06 0 0 1.51978e+06 1.00065 -43.344 0 1.01263 1.0132 505268 0.998036 43.344 5.65102e-05 
0.365 0.0112217 2.025e+06 0 0 1.51983e+06 1.00071 -49.5012 0 1.01246 1.01316 505166 0.997859 49.5012 6.95777e-05 


